DEBUG - 2026-10-06 08:01:17 --> Session: Initialization under CLI aborted.
WARNING - 2026-10-06 08:01:17 --> [DEPRECATED] Creation of dynamic property App\Models\FMS_Trip_Model::$session is deprecated in APPPATH\Models\FMS_Trip_Model.php on line 11.
 1 SYSTEMPATH\Config\Factories.php(235): App\Models\FMS_Trip_Model->__construct(null)
 2 SYSTEMPATH\Config\Factories.php(169): CodeIgniter\Config\Factories::createInstance('models', 'App\\Models\\FMS_Trip_Model', [...])
 3 SYSTEMPATH\Common.php(804): CodeIgniter\Config\Factories::__callStatic('models', [...])
 4 APPPATH\Commands\E2ETractorTest.php(53): model('App\\Models\\FMS_Trip_Model')
 5 APPPATH\Commands\E2ETractorTest.php(89): App\Commands\E2ETractorTest->m('FMS_Trip_Model', [...])
 6 SYSTEMPATH\CLI\Commands.php(70): App\Commands\E2ETractorTest->run([...])
 7 SYSTEMPATH\CLI\Console.php(48): CodeIgniter\CLI\Commands->run('test:e2e-tractor', [...])
 8 SYSTEMPATH\Boot.php(360): CodeIgniter\CLI\Console->run()
 9 SYSTEMPATH\Boot.php(104): CodeIgniter\Boot::runCommand(Object(CodeIgniter\CLI\Console))
10 ROOTPATH\spark(84): CodeIgniter\Boot::bootSpark(Object(Config\Paths))
WARNING - 2026-10-06 08:01:17 --> [DEPRECATED] Creation of dynamic property App\Models\FMS_Trip_Model::$request is deprecated in APPPATH\Models\FMS_Trip_Model.php on line 12.
 1 SYSTEMPATH\Config\Factories.php(235): App\Models\FMS_Trip_Model->__construct(null)
 2 SYSTEMPATH\Config\Factories.php(169): CodeIgniter\Config\Factories::createInstance('models', 'App\\Models\\FMS_Trip_Model', [...])
 3 SYSTEMPATH\Common.php(804): CodeIgniter\Config\Factories::__callStatic('models', [...])
 4 APPPATH\Commands\E2ETractorTest.php(53): model('App\\Models\\FMS_Trip_Model')
 5 APPPATH\Commands\E2ETractorTest.php(89): App\Commands\E2ETractorTest->m('FMS_Trip_Model', [...])
 6 SYSTEMPATH\CLI\Commands.php(70): App\Commands\E2ETractorTest->run([...])
 7 SYSTEMPATH\CLI\Console.php(48): CodeIgniter\CLI\Commands->run('test:e2e-tractor', [...])
 8 SYSTEMPATH\Boot.php(360): CodeIgniter\CLI\Console->run()
 9 SYSTEMPATH\Boot.php(104): CodeIgniter\Boot::runCommand(Object(CodeIgniter\CLI\Console))
10 ROOTPATH\spark(84): CodeIgniter\Boot::bootSpark(Object(Config\Paths))
WARNING - 2026-10-06 08:01:17 --> [DEPRECATED] Creation of dynamic property App\Models\FMS_Trip_Model::$cuser is deprecated in APPPATH\Models\FMS_Trip_Model.php on line 14.
 1 SYSTEMPATH\Config\Factories.php(235): App\Models\FMS_Trip_Model->__construct(null)
 2 SYSTEMPATH\Config\Factories.php(169): CodeIgniter\Config\Factories::createInstance('models', 'App\\Models\\FMS_Trip_Model', [...])
 3 SYSTEMPATH\Common.php(804): CodeIgniter\Config\Factories::__callStatic('models', [...])
 4 APPPATH\Commands\E2ETractorTest.php(53): model('App\\Models\\FMS_Trip_Model')
 5 APPPATH\Commands\E2ETractorTest.php(89): App\Commands\E2ETractorTest->m('FMS_Trip_Model', [...])
 6 SYSTEMPATH\CLI\Commands.php(70): App\Commands\E2ETractorTest->run([...])
 7 SYSTEMPATH\CLI\Console.php(48): CodeIgniter\CLI\Commands->run('test:e2e-tractor', [...])
 8 SYSTEMPATH\Boot.php(360): CodeIgniter\CLI\Console->run()
 9 SYSTEMPATH\Boot.php(104): CodeIgniter\Boot::runCommand(Object(CodeIgniter\CLI\Console))
10 ROOTPATH\spark(84): CodeIgniter\Boot::bootSpark(Object(Config\Paths))
WARNING - 2026-10-06 08:01:17 --> [DEPRECATED] Creation of dynamic property App\Models\FMS_Dispatch_Model::$session is deprecated in APPPATH\Models\FMS_Dispatch_Model.php on line 11.
 1 SYSTEMPATH\Config\Factories.php(235): App\Models\FMS_Dispatch_Model->__construct(null)
 2 SYSTEMPATH\Config\Factories.php(169): CodeIgniter\Config\Factories::createInstance('models', 'App\\Models\\FMS_Dispatch_Model', [...])
 3 SYSTEMPATH\Common.php(804): CodeIgniter\Config\Factories::__callStatic('models', [...])
 4 APPPATH\Commands\E2ETractorTest.php(53): model('App\\Models\\FMS_Dispatch_Model')
 5 APPPATH\Commands\E2ETractorTest.php(136): App\Commands\E2ETractorTest->m('FMS_Dispatch_Model', [...])
 6 SYSTEMPATH\CLI\Commands.php(70): App\Commands\E2ETractorTest->run([...])
 7 SYSTEMPATH\CLI\Console.php(48): CodeIgniter\CLI\Commands->run('test:e2e-tractor', [...])
 8 SYSTEMPATH\Boot.php(360): CodeIgniter\CLI\Console->run()
 9 SYSTEMPATH\Boot.php(104): CodeIgniter\Boot::runCommand(Object(CodeIgniter\CLI\Console))
10 ROOTPATH\spark(84): CodeIgniter\Boot::bootSpark(Object(Config\Paths))
WARNING - 2026-10-06 08:01:17 --> [DEPRECATED] Creation of dynamic property App\Models\FMS_Dispatch_Model::$request is deprecated in APPPATH\Models\FMS_Dispatch_Model.php on line 12.
 1 SYSTEMPATH\Config\Factories.php(235): App\Models\FMS_Dispatch_Model->__construct(null)
 2 SYSTEMPATH\Config\Factories.php(169): CodeIgniter\Config\Factories::createInstance('models', 'App\\Models\\FMS_Dispatch_Model', [...])
 3 SYSTEMPATH\Common.php(804): CodeIgniter\Config\Factories::__callStatic('models', [...])
 4 APPPATH\Commands\E2ETractorTest.php(53): model('App\\Models\\FMS_Dispatch_Model')
 5 APPPATH\Commands\E2ETractorTest.php(136): App\Commands\E2ETractorTest->m('FMS_Dispatch_Model', [...])
 6 SYSTEMPATH\CLI\Commands.php(70): App\Commands\E2ETractorTest->run([...])
 7 SYSTEMPATH\CLI\Console.php(48): CodeIgniter\CLI\Commands->run('test:e2e-tractor', [...])
 8 SYSTEMPATH\Boot.php(360): CodeIgniter\CLI\Console->run()
 9 SYSTEMPATH\Boot.php(104): CodeIgniter\Boot::runCommand(Object(CodeIgniter\CLI\Console))
10 ROOTPATH\spark(84): CodeIgniter\Boot::bootSpark(Object(Config\Paths))
WARNING - 2026-10-06 08:01:17 --> [DEPRECATED] Creation of dynamic property App\Models\FMS_Dispatch_Model::$cuser is deprecated in APPPATH\Models\FMS_Dispatch_Model.php on line 14.
 1 SYSTEMPATH\Config\Factories.php(235): App\Models\FMS_Dispatch_Model->__construct(null)
 2 SYSTEMPATH\Config\Factories.php(169): CodeIgniter\Config\Factories::createInstance('models', 'App\\Models\\FMS_Dispatch_Model', [...])
 3 SYSTEMPATH\Common.php(804): CodeIgniter\Config\Factories::__callStatic('models', [...])
 4 APPPATH\Commands\E2ETractorTest.php(53): model('App\\Models\\FMS_Dispatch_Model')
 5 APPPATH\Commands\E2ETractorTest.php(136): App\Commands\E2ETractorTest->m('FMS_Dispatch_Model', [...])
 6 SYSTEMPATH\CLI\Commands.php(70): App\Commands\E2ETractorTest->run([...])
 7 SYSTEMPATH\CLI\Console.php(48): CodeIgniter\CLI\Commands->run('test:e2e-tractor', [...])
 8 SYSTEMPATH\Boot.php(360): CodeIgniter\CLI\Console->run()
 9 SYSTEMPATH\Boot.php(104): CodeIgniter\Boot::runCommand(Object(CodeIgniter\CLI\Console))
10 ROOTPATH\spark(84): CodeIgniter\Boot::bootSpark(Object(Config\Paths))
WARNING - 2026-10-06 08:01:17 --> [DEPRECATED] Creation of dynamic property App\Models\FMS_DeliveryReceipt_Model::$session is deprecated in APPPATH\Models\FMS_DeliveryReceipt_Model.php on line 11.
 1 SYSTEMPATH\Config\Factories.php(235): App\Models\FMS_DeliveryReceipt_Model->__construct(null)
 2 SYSTEMPATH\Config\Factories.php(169): CodeIgniter\Config\Factories::createInstance('models', 'App\\Models\\FMS_DeliveryReceipt_Model', [...])
 3 SYSTEMPATH\Common.php(804): CodeIgniter\Config\Factories::__callStatic('models', [...])
 4 APPPATH\Commands\E2ETractorTest.php(53): model('App\\Models\\FMS_DeliveryReceipt_Model')
 5 APPPATH\Commands\E2ETractorTest.php(172): App\Commands\E2ETractorTest->m('FMS_DeliveryReceipt_Model', [...])
 6 SYSTEMPATH\CLI\Commands.php(70): App\Commands\E2ETractorTest->run([...])
 7 SYSTEMPATH\CLI\Console.php(48): CodeIgniter\CLI\Commands->run('test:e2e-tractor', [...])
 8 SYSTEMPATH\Boot.php(360): CodeIgniter\CLI\Console->run()
 9 SYSTEMPATH\Boot.php(104): CodeIgniter\Boot::runCommand(Object(CodeIgniter\CLI\Console))
10 ROOTPATH\spark(84): CodeIgniter\Boot::bootSpark(Object(Config\Paths))
WARNING - 2026-10-06 08:01:17 --> [DEPRECATED] Creation of dynamic property App\Models\FMS_DeliveryReceipt_Model::$request is deprecated in APPPATH\Models\FMS_DeliveryReceipt_Model.php on line 12.
 1 SYSTEMPATH\Config\Factories.php(235): App\Models\FMS_DeliveryReceipt_Model->__construct(null)
 2 SYSTEMPATH\Config\Factories.php(169): CodeIgniter\Config\Factories::createInstance('models', 'App\\Models\\FMS_DeliveryReceipt_Model', [...])
 3 SYSTEMPATH\Common.php(804): CodeIgniter\Config\Factories::__callStatic('models', [...])
 4 APPPATH\Commands\E2ETractorTest.php(53): model('App\\Models\\FMS_DeliveryReceipt_Model')
 5 APPPATH\Commands\E2ETractorTest.php(172): App\Commands\E2ETractorTest->m('FMS_DeliveryReceipt_Model', [...])
 6 SYSTEMPATH\CLI\Commands.php(70): App\Commands\E2ETractorTest->run([...])
 7 SYSTEMPATH\CLI\Console.php(48): CodeIgniter\CLI\Commands->run('test:e2e-tractor', [...])
 8 SYSTEMPATH\Boot.php(360): CodeIgniter\CLI\Console->run()
 9 SYSTEMPATH\Boot.php(104): CodeIgniter\Boot::runCommand(Object(CodeIgniter\CLI\Console))
10 ROOTPATH\spark(84): CodeIgniter\Boot::bootSpark(Object(Config\Paths))
WARNING - 2026-10-06 08:01:17 --> [DEPRECATED] Creation of dynamic property App\Models\FMS_DeliveryReceipt_Model::$cuser is deprecated in APPPATH\Models\FMS_DeliveryReceipt_Model.php on line 14.
 1 SYSTEMPATH\Config\Factories.php(235): App\Models\FMS_DeliveryReceipt_Model->__construct(null)
 2 SYSTEMPATH\Config\Factories.php(169): CodeIgniter\Config\Factories::createInstance('models', 'App\\Models\\FMS_DeliveryReceipt_Model', [...])
 3 SYSTEMPATH\Common.php(804): CodeIgniter\Config\Factories::__callStatic('models', [...])
 4 APPPATH\Commands\E2ETractorTest.php(53): model('App\\Models\\FMS_DeliveryReceipt_Model')
 5 APPPATH\Commands\E2ETractorTest.php(172): App\Commands\E2ETractorTest->m('FMS_DeliveryReceipt_Model', [...])
 6 SYSTEMPATH\CLI\Commands.php(70): App\Commands\E2ETractorTest->run([...])
 7 SYSTEMPATH\CLI\Console.php(48): CodeIgniter\CLI\Commands->run('test:e2e-tractor', [...])
 8 SYSTEMPATH\Boot.php(360): CodeIgniter\CLI\Console->run()
 9 SYSTEMPATH\Boot.php(104): CodeIgniter\Boot::runCommand(Object(CodeIgniter\CLI\Console))
10 ROOTPATH\spark(84): CodeIgniter\Boot::bootSpark(Object(Config\Paths))
WARNING - 2026-10-06 08:01:17 --> [DEPRECATED] Creation of dynamic property App\Models\FMS_Billing_Model::$session is deprecated in APPPATH\Models\FMS_Billing_Model.php on line 11.
 1 SYSTEMPATH\Config\Factories.php(235): App\Models\FMS_Billing_Model->__construct(null)
 2 SYSTEMPATH\Config\Factories.php(169): CodeIgniter\Config\Factories::createInstance('models', 'App\\Models\\FMS_Billing_Model', [...])
 3 SYSTEMPATH\Common.php(804): CodeIgniter\Config\Factories::__callStatic('models', [...])
 4 APPPATH\Commands\E2ETractorTest.php(53): model('App\\Models\\FMS_Billing_Model')
 5 APPPATH\Commands\E2ETractorTest.php(211): App\Commands\E2ETractorTest->m('FMS_Billing_Model', [...])
 6 SYSTEMPATH\CLI\Commands.php(70): App\Commands\E2ETractorTest->run([...])
 7 SYSTEMPATH\CLI\Console.php(48): CodeIgniter\CLI\Commands->run('test:e2e-tractor', [...])
 8 SYSTEMPATH\Boot.php(360): CodeIgniter\CLI\Console->run()
 9 SYSTEMPATH\Boot.php(104): CodeIgniter\Boot::runCommand(Object(CodeIgniter\CLI\Console))
10 ROOTPATH\spark(84): CodeIgniter\Boot::bootSpark(Object(Config\Paths))
WARNING - 2026-10-06 08:01:17 --> [DEPRECATED] Creation of dynamic property App\Models\FMS_Billing_Model::$request is deprecated in APPPATH\Models\FMS_Billing_Model.php on line 12.
 1 SYSTEMPATH\Config\Factories.php(235): App\Models\FMS_Billing_Model->__construct(null)
 2 SYSTEMPATH\Config\Factories.php(169): CodeIgniter\Config\Factories::createInstance('models', 'App\\Models\\FMS_Billing_Model', [...])
 3 SYSTEMPATH\Common.php(804): CodeIgniter\Config\Factories::__callStatic('models', [...])
 4 APPPATH\Commands\E2ETractorTest.php(53): model('App\\Models\\FMS_Billing_Model')
 5 APPPATH\Commands\E2ETractorTest.php(211): App\Commands\E2ETractorTest->m('FMS_Billing_Model', [...])
 6 SYSTEMPATH\CLI\Commands.php(70): App\Commands\E2ETractorTest->run([...])
 7 SYSTEMPATH\CLI\Console.php(48): CodeIgniter\CLI\Commands->run('test:e2e-tractor', [...])
 8 SYSTEMPATH\Boot.php(360): CodeIgniter\CLI\Console->run()
 9 SYSTEMPATH\Boot.php(104): CodeIgniter\Boot::runCommand(Object(CodeIgniter\CLI\Console))
10 ROOTPATH\spark(84): CodeIgniter\Boot::bootSpark(Object(Config\Paths))
WARNING - 2026-10-06 08:01:17 --> [DEPRECATED] Creation of dynamic property App\Models\FMS_Billing_Model::$cuser is deprecated in APPPATH\Models\FMS_Billing_Model.php on line 14.
 1 SYSTEMPATH\Config\Factories.php(235): App\Models\FMS_Billing_Model->__construct(null)
 2 SYSTEMPATH\Config\Factories.php(169): CodeIgniter\Config\Factories::createInstance('models', 'App\\Models\\FMS_Billing_Model', [...])
 3 SYSTEMPATH\Common.php(804): CodeIgniter\Config\Factories::__callStatic('models', [...])
 4 APPPATH\Commands\E2ETractorTest.php(53): model('App\\Models\\FMS_Billing_Model')
 5 APPPATH\Commands\E2ETractorTest.php(211): App\Commands\E2ETractorTest->m('FMS_Billing_Model', [...])
 6 SYSTEMPATH\CLI\Commands.php(70): App\Commands\E2ETractorTest->run([...])
 7 SYSTEMPATH\CLI\Console.php(48): CodeIgniter\CLI\Commands->run('test:e2e-tractor', [...])
 8 SYSTEMPATH\Boot.php(360): CodeIgniter\CLI\Console->run()
 9 SYSTEMPATH\Boot.php(104): CodeIgniter\Boot::runCommand(Object(CodeIgniter\CLI\Console))
10 ROOTPATH\spark(84): CodeIgniter\Boot::bootSpark(Object(Config\Paths))
WARNING - 2026-10-06 08:01:17 --> [DEPRECATED] Creation of dynamic property App\Models\FMS_Invoice_Model::$session is deprecated in APPPATH\Models\FMS_Invoice_Model.php on line 11.
 1 SYSTEMPATH\Config\Factories.php(235): App\Models\FMS_Invoice_Model->__construct(null)
 2 SYSTEMPATH\Config\Factories.php(169): CodeIgniter\Config\Factories::createInstance('models', 'App\\Models\\FMS_Invoice_Model', [...])
 3 SYSTEMPATH\Common.php(804): CodeIgniter\Config\Factories::__callStatic('models', [...])
 4 APPPATH\Commands\E2ETractorTest.php(53): model('App\\Models\\FMS_Invoice_Model')
 5 APPPATH\Commands\E2ETractorTest.php(218): App\Commands\E2ETractorTest->m('FMS_Invoice_Model', [...])
 6 SYSTEMPATH\CLI\Commands.php(70): App\Commands\E2ETractorTest->run([...])
 7 SYSTEMPATH\CLI\Console.php(48): CodeIgniter\CLI\Commands->run('test:e2e-tractor', [...])
 8 SYSTEMPATH\Boot.php(360): CodeIgniter\CLI\Console->run()
 9 SYSTEMPATH\Boot.php(104): CodeIgniter\Boot::runCommand(Object(CodeIgniter\CLI\Console))
10 ROOTPATH\spark(84): CodeIgniter\Boot::bootSpark(Object(Config\Paths))
WARNING - 2026-10-06 08:01:17 --> [DEPRECATED] Creation of dynamic property App\Models\FMS_Invoice_Model::$request is deprecated in APPPATH\Models\FMS_Invoice_Model.php on line 12.
 1 SYSTEMPATH\Config\Factories.php(235): App\Models\FMS_Invoice_Model->__construct(null)
 2 SYSTEMPATH\Config\Factories.php(169): CodeIgniter\Config\Factories::createInstance('models', 'App\\Models\\FMS_Invoice_Model', [...])
 3 SYSTEMPATH\Common.php(804): CodeIgniter\Config\Factories::__callStatic('models', [...])
 4 APPPATH\Commands\E2ETractorTest.php(53): model('App\\Models\\FMS_Invoice_Model')
 5 APPPATH\Commands\E2ETractorTest.php(218): App\Commands\E2ETractorTest->m('FMS_Invoice_Model', [...])
 6 SYSTEMPATH\CLI\Commands.php(70): App\Commands\E2ETractorTest->run([...])
 7 SYSTEMPATH\CLI\Console.php(48): CodeIgniter\CLI\Commands->run('test:e2e-tractor', [...])
 8 SYSTEMPATH\Boot.php(360): CodeIgniter\CLI\Console->run()
 9 SYSTEMPATH\Boot.php(104): CodeIgniter\Boot::runCommand(Object(CodeIgniter\CLI\Console))
10 ROOTPATH\spark(84): CodeIgniter\Boot::bootSpark(Object(Config\Paths))
WARNING - 2026-10-06 08:01:17 --> [DEPRECATED] Creation of dynamic property App\Models\FMS_Invoice_Model::$cuser is deprecated in APPPATH\Models\FMS_Invoice_Model.php on line 14.
 1 SYSTEMPATH\Config\Factories.php(235): App\Models\FMS_Invoice_Model->__construct(null)
 2 SYSTEMPATH\Config\Factories.php(169): CodeIgniter\Config\Factories::createInstance('models', 'App\\Models\\FMS_Invoice_Model', [...])
 3 SYSTEMPATH\Common.php(804): CodeIgniter\Config\Factories::__callStatic('models', [...])
 4 APPPATH\Commands\E2ETractorTest.php(53): model('App\\Models\\FMS_Invoice_Model')
 5 APPPATH\Commands\E2ETractorTest.php(218): App\Commands\E2ETractorTest->m('FMS_Invoice_Model', [...])
 6 SYSTEMPATH\CLI\Commands.php(70): App\Commands\E2ETractorTest->run([...])
 7 SYSTEMPATH\CLI\Console.php(48): CodeIgniter\CLI\Commands->run('test:e2e-tractor', [...])
 8 SYSTEMPATH\Boot.php(360): CodeIgniter\CLI\Console->run()
 9 SYSTEMPATH\Boot.php(104): CodeIgniter\Boot::runCommand(Object(CodeIgniter\CLI\Console))
10 ROOTPATH\spark(84): CodeIgniter\Boot::bootSpark(Object(Config\Paths))
WARNING - 2026-10-06 08:01:17 --> [DEPRECATED] Creation of dynamic property App\Models\FMS_Payment_Model::$session is deprecated in APPPATH\Models\FMS_Payment_Model.php on line 11.
 1 SYSTEMPATH\Config\Factories.php(235): App\Models\FMS_Payment_Model->__construct(null)
 2 SYSTEMPATH\Config\Factories.php(169): CodeIgniter\Config\Factories::createInstance('models', 'App\\Models\\FMS_Payment_Model', [...])
 3 SYSTEMPATH\Common.php(804): CodeIgniter\Config\Factories::__callStatic('models', [...])
 4 APPPATH\Commands\E2ETractorTest.php(53): model('App\\Models\\FMS_Payment_Model')
 5 APPPATH\Commands\E2ETractorTest.php(225): App\Commands\E2ETractorTest->m('FMS_Payment_Model', [...])
 6 SYSTEMPATH\CLI\Commands.php(70): App\Commands\E2ETractorTest->run([...])
 7 SYSTEMPATH\CLI\Console.php(48): CodeIgniter\CLI\Commands->run('test:e2e-tractor', [...])
 8 SYSTEMPATH\Boot.php(360): CodeIgniter\CLI\Console->run()
 9 SYSTEMPATH\Boot.php(104): CodeIgniter\Boot::runCommand(Object(CodeIgniter\CLI\Console))
10 ROOTPATH\spark(84): CodeIgniter\Boot::bootSpark(Object(Config\Paths))
WARNING - 2026-10-06 08:01:17 --> [DEPRECATED] Creation of dynamic property App\Models\FMS_Payment_Model::$request is deprecated in APPPATH\Models\FMS_Payment_Model.php on line 12.
 1 SYSTEMPATH\Config\Factories.php(235): App\Models\FMS_Payment_Model->__construct(null)
 2 SYSTEMPATH\Config\Factories.php(169): CodeIgniter\Config\Factories::createInstance('models', 'App\\Models\\FMS_Payment_Model', [...])
 3 SYSTEMPATH\Common.php(804): CodeIgniter\Config\Factories::__callStatic('models', [...])
 4 APPPATH\Commands\E2ETractorTest.php(53): model('App\\Models\\FMS_Payment_Model')
 5 APPPATH\Commands\E2ETractorTest.php(225): App\Commands\E2ETractorTest->m('FMS_Payment_Model', [...])
 6 SYSTEMPATH\CLI\Commands.php(70): App\Commands\E2ETractorTest->run([...])
 7 SYSTEMPATH\CLI\Console.php(48): CodeIgniter\CLI\Commands->run('test:e2e-tractor', [...])
 8 SYSTEMPATH\Boot.php(360): CodeIgniter\CLI\Console->run()
 9 SYSTEMPATH\Boot.php(104): CodeIgniter\Boot::runCommand(Object(CodeIgniter\CLI\Console))
10 ROOTPATH\spark(84): CodeIgniter\Boot::bootSpark(Object(Config\Paths))
WARNING - 2026-10-06 08:01:17 --> [DEPRECATED] Creation of dynamic property App\Models\FMS_Payment_Model::$cuser is deprecated in APPPATH\Models\FMS_Payment_Model.php on line 14.
 1 SYSTEMPATH\Config\Factories.php(235): App\Models\FMS_Payment_Model->__construct(null)
 2 SYSTEMPATH\Config\Factories.php(169): CodeIgniter\Config\Factories::createInstance('models', 'App\\Models\\FMS_Payment_Model', [...])
 3 SYSTEMPATH\Common.php(804): CodeIgniter\Config\Factories::__callStatic('models', [...])
 4 APPPATH\Commands\E2ETractorTest.php(53): model('App\\Models\\FMS_Payment_Model')
 5 APPPATH\Commands\E2ETractorTest.php(225): App\Commands\E2ETractorTest->m('FMS_Payment_Model', [...])
 6 SYSTEMPATH\CLI\Commands.php(70): App\Commands\E2ETractorTest->run([...])
 7 SYSTEMPATH\CLI\Console.php(48): CodeIgniter\CLI\Commands->run('test:e2e-tractor', [...])
 8 SYSTEMPATH\Boot.php(360): CodeIgniter\CLI\Console->run()
 9 SYSTEMPATH\Boot.php(104): CodeIgniter\Boot::runCommand(Object(CodeIgniter\CLI\Console))
10 ROOTPATH\spark(84): CodeIgniter\Boot::bootSpark(Object(Config\Paths))
WARNING - 2026-10-06 08:01:17 --> [DEPRECATED] Creation of dynamic property App\Models\FMS_AR_Model::$session is deprecated in APPPATH\Models\FMS_AR_Model.php on line 11.
 1 SYSTEMPATH\Config\Factories.php(235): App\Models\FMS_AR_Model->__construct(null)
 2 SYSTEMPATH\Config\Factories.php(169): CodeIgniter\Config\Factories::createInstance('models', 'App\\Models\\FMS_AR_Model', [...])
 3 SYSTEMPATH\Common.php(804): CodeIgniter\Config\Factories::__callStatic('models', [...])
 4 APPPATH\Commands\E2ETractorTest.php(53): model('App\\Models\\FMS_AR_Model')
 5 APPPATH\Commands\E2ETractorTest.php(227): App\Commands\E2ETractorTest->m('FMS_AR_Model')
 6 SYSTEMPATH\CLI\Commands.php(70): App\Commands\E2ETractorTest->run([...])
 7 SYSTEMPATH\CLI\Console.php(48): CodeIgniter\CLI\Commands->run('test:e2e-tractor', [...])
 8 SYSTEMPATH\Boot.php(360): CodeIgniter\CLI\Console->run()
 9 SYSTEMPATH\Boot.php(104): CodeIgniter\Boot::runCommand(Object(CodeIgniter\CLI\Console))
10 ROOTPATH\spark(84): CodeIgniter\Boot::bootSpark(Object(Config\Paths))
WARNING - 2026-10-06 08:01:17 --> [DEPRECATED] Creation of dynamic property App\Models\FMS_AR_Model::$request is deprecated in APPPATH\Models\FMS_AR_Model.php on line 12.
 1 SYSTEMPATH\Config\Factories.php(235): App\Models\FMS_AR_Model->__construct(null)
 2 SYSTEMPATH\Config\Factories.php(169): CodeIgniter\Config\Factories::createInstance('models', 'App\\Models\\FMS_AR_Model', [...])
 3 SYSTEMPATH\Common.php(804): CodeIgniter\Config\Factories::__callStatic('models', [...])
 4 APPPATH\Commands\E2ETractorTest.php(53): model('App\\Models\\FMS_AR_Model')
 5 APPPATH\Commands\E2ETractorTest.php(227): App\Commands\E2ETractorTest->m('FMS_AR_Model')
 6 SYSTEMPATH\CLI\Commands.php(70): App\Commands\E2ETractorTest->run([...])
 7 SYSTEMPATH\CLI\Console.php(48): CodeIgniter\CLI\Commands->run('test:e2e-tractor', [...])
 8 SYSTEMPATH\Boot.php(360): CodeIgniter\CLI\Console->run()
 9 SYSTEMPATH\Boot.php(104): CodeIgniter\Boot::runCommand(Object(CodeIgniter\CLI\Console))
10 ROOTPATH\spark(84): CodeIgniter\Boot::bootSpark(Object(Config\Paths))
WARNING - 2026-10-06 08:01:17 --> [DEPRECATED] Creation of dynamic property App\Models\FMS_AR_Model::$cuser is deprecated in APPPATH\Models\FMS_AR_Model.php on line 14.
 1 SYSTEMPATH\Config\Factories.php(235): App\Models\FMS_AR_Model->__construct(null)
 2 SYSTEMPATH\Config\Factories.php(169): CodeIgniter\Config\Factories::createInstance('models', 'App\\Models\\FMS_AR_Model', [...])
 3 SYSTEMPATH\Common.php(804): CodeIgniter\Config\Factories::__callStatic('models', [...])
 4 APPPATH\Commands\E2ETractorTest.php(53): model('App\\Models\\FMS_AR_Model')
 5 APPPATH\Commands\E2ETractorTest.php(227): App\Commands\E2ETractorTest->m('FMS_AR_Model')
 6 SYSTEMPATH\CLI\Commands.php(70): App\Commands\E2ETractorTest->run([...])
 7 SYSTEMPATH\CLI\Console.php(48): CodeIgniter\CLI\Commands->run('test:e2e-tractor', [...])
 8 SYSTEMPATH\Boot.php(360): CodeIgniter\CLI\Console->run()
 9 SYSTEMPATH\Boot.php(104): CodeIgniter\Boot::runCommand(Object(CodeIgniter\CLI\Console))
10 ROOTPATH\spark(84): CodeIgniter\Boot::bootSpark(Object(Config\Paths))
WARNING - 2026-10-06 08:01:17 --> [DEPRECATED] Creation of dynamic property App\Models\FMS_Truck_Model::$session is deprecated in APPPATH\Models\FMS_Truck_Model.php on line 11.
 1 SYSTEMPATH\Config\Factories.php(235): App\Models\FMS_Truck_Model->__construct(null)
 2 SYSTEMPATH\Config\Factories.php(169): CodeIgniter\Config\Factories::createInstance('models', 'App\\Models\\FMS_Truck_Model', [...])
 3 SYSTEMPATH\Common.php(804): CodeIgniter\Config\Factories::__callStatic('models', [...])
 4 APPPATH\Commands\E2ETractorTest.php(53): model('App\\Models\\FMS_Truck_Model')
 5 APPPATH\Commands\E2ETractorTest.php(236): App\Commands\E2ETractorTest->m('FMS_Truck_Model')
 6 SYSTEMPATH\CLI\Commands.php(70): App\Commands\E2ETractorTest->run([...])
 7 SYSTEMPATH\CLI\Console.php(48): CodeIgniter\CLI\Commands->run('test:e2e-tractor', [...])
 8 SYSTEMPATH\Boot.php(360): CodeIgniter\CLI\Console->run()
 9 SYSTEMPATH\Boot.php(104): CodeIgniter\Boot::runCommand(Object(CodeIgniter\CLI\Console))
10 ROOTPATH\spark(84): CodeIgniter\Boot::bootSpark(Object(Config\Paths))
WARNING - 2026-10-06 08:01:17 --> [DEPRECATED] Creation of dynamic property App\Models\FMS_Truck_Model::$request is deprecated in APPPATH\Models\FMS_Truck_Model.php on line 12.
 1 SYSTEMPATH\Config\Factories.php(235): App\Models\FMS_Truck_Model->__construct(null)
 2 SYSTEMPATH\Config\Factories.php(169): CodeIgniter\Config\Factories::createInstance('models', 'App\\Models\\FMS_Truck_Model', [...])
 3 SYSTEMPATH\Common.php(804): CodeIgniter\Config\Factories::__callStatic('models', [...])
 4 APPPATH\Commands\E2ETractorTest.php(53): model('App\\Models\\FMS_Truck_Model')
 5 APPPATH\Commands\E2ETractorTest.php(236): App\Commands\E2ETractorTest->m('FMS_Truck_Model')
 6 SYSTEMPATH\CLI\Commands.php(70): App\Commands\E2ETractorTest->run([...])
 7 SYSTEMPATH\CLI\Console.php(48): CodeIgniter\CLI\Commands->run('test:e2e-tractor', [...])
 8 SYSTEMPATH\Boot.php(360): CodeIgniter\CLI\Console->run()
 9 SYSTEMPATH\Boot.php(104): CodeIgniter\Boot::runCommand(Object(CodeIgniter\CLI\Console))
10 ROOTPATH\spark(84): CodeIgniter\Boot::bootSpark(Object(Config\Paths))
WARNING - 2026-10-06 08:01:17 --> [DEPRECATED] Creation of dynamic property App\Models\FMS_Truck_Model::$cuser is deprecated in APPPATH\Models\FMS_Truck_Model.php on line 14.
 1 SYSTEMPATH\Config\Factories.php(235): App\Models\FMS_Truck_Model->__construct(null)
 2 SYSTEMPATH\Config\Factories.php(169): CodeIgniter\Config\Factories::createInstance('models', 'App\\Models\\FMS_Truck_Model', [...])
 3 SYSTEMPATH\Common.php(804): CodeIgniter\Config\Factories::__callStatic('models', [...])
 4 APPPATH\Commands\E2ETractorTest.php(53): model('App\\Models\\FMS_Truck_Model')
 5 APPPATH\Commands\E2ETractorTest.php(236): App\Commands\E2ETractorTest->m('FMS_Truck_Model')
 6 SYSTEMPATH\CLI\Commands.php(70): App\Commands\E2ETractorTest->run([...])
 7 SYSTEMPATH\CLI\Console.php(48): CodeIgniter\CLI\Commands->run('test:e2e-tractor', [...])
 8 SYSTEMPATH\Boot.php(360): CodeIgniter\CLI\Console->run()
 9 SYSTEMPATH\Boot.php(104): CodeIgniter\Boot::runCommand(Object(CodeIgniter\CLI\Console))
10 ROOTPATH\spark(84): CodeIgniter\Boot::bootSpark(Object(Config\Paths))
WARNING - 2026-10-06 08:01:17 --> [DEPRECATED] Creation of dynamic property App\Models\FMS_Driver_Model::$session is deprecated in APPPATH\Models\FMS_Driver_Model.php on line 11.
 1 SYSTEMPATH\Config\Factories.php(235): App\Models\FMS_Driver_Model->__construct(null)
 2 SYSTEMPATH\Config\Factories.php(169): CodeIgniter\Config\Factories::createInstance('models', 'App\\Models\\FMS_Driver_Model', [...])
 3 SYSTEMPATH\Common.php(804): CodeIgniter\Config\Factories::__callStatic('models', [...])
 4 APPPATH\Commands\E2ETractorTest.php(53): model('App\\Models\\FMS_Driver_Model')
 5 APPPATH\Commands\E2ETractorTest.php(238): App\Commands\E2ETractorTest->m('FMS_Driver_Model')
 6 SYSTEMPATH\CLI\Commands.php(70): App\Commands\E2ETractorTest->run([...])
 7 SYSTEMPATH\CLI\Console.php(48): CodeIgniter\CLI\Commands->run('test:e2e-tractor', [...])
 8 SYSTEMPATH\Boot.php(360): CodeIgniter\CLI\Console->run()
 9 SYSTEMPATH\Boot.php(104): CodeIgniter\Boot::runCommand(Object(CodeIgniter\CLI\Console))
10 ROOTPATH\spark(84): CodeIgniter\Boot::bootSpark(Object(Config\Paths))
WARNING - 2026-10-06 08:01:17 --> [DEPRECATED] Creation of dynamic property App\Models\FMS_Driver_Model::$request is deprecated in APPPATH\Models\FMS_Driver_Model.php on line 12.
 1 SYSTEMPATH\Config\Factories.php(235): App\Models\FMS_Driver_Model->__construct(null)
 2 SYSTEMPATH\Config\Factories.php(169): CodeIgniter\Config\Factories::createInstance('models', 'App\\Models\\FMS_Driver_Model', [...])
 3 SYSTEMPATH\Common.php(804): CodeIgniter\Config\Factories::__callStatic('models', [...])
 4 APPPATH\Commands\E2ETractorTest.php(53): model('App\\Models\\FMS_Driver_Model')
 5 APPPATH\Commands\E2ETractorTest.php(238): App\Commands\E2ETractorTest->m('FMS_Driver_Model')
 6 SYSTEMPATH\CLI\Commands.php(70): App\Commands\E2ETractorTest->run([...])
 7 SYSTEMPATH\CLI\Console.php(48): CodeIgniter\CLI\Commands->run('test:e2e-tractor', [...])
 8 SYSTEMPATH\Boot.php(360): CodeIgniter\CLI\Console->run()
 9 SYSTEMPATH\Boot.php(104): CodeIgniter\Boot::runCommand(Object(CodeIgniter\CLI\Console))
10 ROOTPATH\spark(84): CodeIgniter\Boot::bootSpark(Object(Config\Paths))
WARNING - 2026-10-06 08:01:17 --> [DEPRECATED] Creation of dynamic property App\Models\FMS_Driver_Model::$cuser is deprecated in APPPATH\Models\FMS_Driver_Model.php on line 14.
 1 SYSTEMPATH\Config\Factories.php(235): App\Models\FMS_Driver_Model->__construct(null)
 2 SYSTEMPATH\Config\Factories.php(169): CodeIgniter\Config\Factories::createInstance('models', 'App\\Models\\FMS_Driver_Model', [...])
 3 SYSTEMPATH\Common.php(804): CodeIgniter\Config\Factories::__callStatic('models', [...])
 4 APPPATH\Commands\E2ETractorTest.php(53): model('App\\Models\\FMS_Driver_Model')
 5 APPPATH\Commands\E2ETractorTest.php(238): App\Commands\E2ETractorTest->m('FMS_Driver_Model')
 6 SYSTEMPATH\CLI\Commands.php(70): App\Commands\E2ETractorTest->run([...])
 7 SYSTEMPATH\CLI\Console.php(48): CodeIgniter\CLI\Commands->run('test:e2e-tractor', [...])
 8 SYSTEMPATH\Boot.php(360): CodeIgniter\CLI\Console->run()
 9 SYSTEMPATH\Boot.php(104): CodeIgniter\Boot::runCommand(Object(CodeIgniter\CLI\Console))
10 ROOTPATH\spark(84): CodeIgniter\Boot::bootSpark(Object(Config\Paths))
WARNING - 2026-10-06 08:01:17 --> [DEPRECATED] Creation of dynamic property App\Models\FMS_Helper_Model::$session is deprecated in APPPATH\Models\FMS_Helper_Model.php on line 11.
 1 SYSTEMPATH\Config\Factories.php(235): App\Models\FMS_Helper_Model->__construct(null)
 2 SYSTEMPATH\Config\Factories.php(169): CodeIgniter\Config\Factories::createInstance('models', 'App\\Models\\FMS_Helper_Model', [...])
 3 SYSTEMPATH\Common.php(804): CodeIgniter\Config\Factories::__callStatic('models', [...])
 4 APPPATH\Commands\E2ETractorTest.php(53): model('App\\Models\\FMS_Helper_Model')
 5 APPPATH\Commands\E2ETractorTest.php(239): App\Commands\E2ETractorTest->m('FMS_Helper_Model')
 6 SYSTEMPATH\CLI\Commands.php(70): App\Commands\E2ETractorTest->run([...])
 7 SYSTEMPATH\CLI\Console.php(48): CodeIgniter\CLI\Commands->run('test:e2e-tractor', [...])
 8 SYSTEMPATH\Boot.php(360): CodeIgniter\CLI\Console->run()
 9 SYSTEMPATH\Boot.php(104): CodeIgniter\Boot::runCommand(Object(CodeIgniter\CLI\Console))
10 ROOTPATH\spark(84): CodeIgniter\Boot::bootSpark(Object(Config\Paths))
WARNING - 2026-10-06 08:01:17 --> [DEPRECATED] Creation of dynamic property App\Models\FMS_Helper_Model::$request is deprecated in APPPATH\Models\FMS_Helper_Model.php on line 12.
 1 SYSTEMPATH\Config\Factories.php(235): App\Models\FMS_Helper_Model->__construct(null)
 2 SYSTEMPATH\Config\Factories.php(169): CodeIgniter\Config\Factories::createInstance('models', 'App\\Models\\FMS_Helper_Model', [...])
 3 SYSTEMPATH\Common.php(804): CodeIgniter\Config\Factories::__callStatic('models', [...])
 4 APPPATH\Commands\E2ETractorTest.php(53): model('App\\Models\\FMS_Helper_Model')
 5 APPPATH\Commands\E2ETractorTest.php(239): App\Commands\E2ETractorTest->m('FMS_Helper_Model')
 6 SYSTEMPATH\CLI\Commands.php(70): App\Commands\E2ETractorTest->run([...])
 7 SYSTEMPATH\CLI\Console.php(48): CodeIgniter\CLI\Commands->run('test:e2e-tractor', [...])
 8 SYSTEMPATH\Boot.php(360): CodeIgniter\CLI\Console->run()
 9 SYSTEMPATH\Boot.php(104): CodeIgniter\Boot::runCommand(Object(CodeIgniter\CLI\Console))
10 ROOTPATH\spark(84): CodeIgniter\Boot::bootSpark(Object(Config\Paths))
WARNING - 2026-10-06 08:01:17 --> [DEPRECATED] Creation of dynamic property App\Models\FMS_Helper_Model::$cuser is deprecated in APPPATH\Models\FMS_Helper_Model.php on line 14.
 1 SYSTEMPATH\Config\Factories.php(235): App\Models\FMS_Helper_Model->__construct(null)
 2 SYSTEMPATH\Config\Factories.php(169): CodeIgniter\Config\Factories::createInstance('models', 'App\\Models\\FMS_Helper_Model', [...])
 3 SYSTEMPATH\Common.php(804): CodeIgniter\Config\Factories::__callStatic('models', [...])
 4 APPPATH\Commands\E2ETractorTest.php(53): model('App\\Models\\FMS_Helper_Model')
 5 APPPATH\Commands\E2ETractorTest.php(239): App\Commands\E2ETractorTest->m('FMS_Helper_Model')
 6 SYSTEMPATH\CLI\Commands.php(70): App\Commands\E2ETractorTest->run([...])
 7 SYSTEMPATH\CLI\Console.php(48): CodeIgniter\CLI\Commands->run('test:e2e-tractor', [...])
 8 SYSTEMPATH\Boot.php(360): CodeIgniter\CLI\Console->run()
 9 SYSTEMPATH\Boot.php(104): CodeIgniter\Boot::runCommand(Object(CodeIgniter\CLI\Console))
10 ROOTPATH\spark(84): CodeIgniter\Boot::bootSpark(Object(Config\Paths))
WARNING - 2026-10-06 08:01:17 --> [DEPRECATED] Creation of dynamic property App\Models\FMS_OperationsReports_Model::$request is deprecated in APPPATH\Models\FMS_OperationsReports_Model.php on line 11.
 1 SYSTEMPATH\Config\Factories.php(235): App\Models\FMS_OperationsReports_Model->__construct(null)
 2 SYSTEMPATH\Config\Factories.php(169): CodeIgniter\Config\Factories::createInstance('models', 'App\\Models\\FMS_OperationsReports_Model', [...])
 3 SYSTEMPATH\Common.php(804): CodeIgniter\Config\Factories::__callStatic('models', [...])
 4 APPPATH\Commands\E2ETractorTest.php(53): model('App\\Models\\FMS_OperationsReports_Model')
 5 APPPATH\Commands\E2ETractorTest.php(241): App\Commands\E2ETractorTest->m('FMS_OperationsReports_Model')
 6 SYSTEMPATH\CLI\Commands.php(70): App\Commands\E2ETractorTest->run([...])
 7 SYSTEMPATH\CLI\Console.php(48): CodeIgniter\CLI\Commands->run('test:e2e-tractor', [...])
 8 SYSTEMPATH\Boot.php(360): CodeIgniter\CLI\Console->run()
 9 SYSTEMPATH\Boot.php(104): CodeIgniter\Boot::runCommand(Object(CodeIgniter\CLI\Console))
10 ROOTPATH\spark(84): CodeIgniter\Boot::bootSpark(Object(Config\Paths))
WARNING - 2026-10-06 08:01:17 --> [DEPRECATED] Creation of dynamic property App\Models\FMS_OperationsReports_Model::$cuser is deprecated in APPPATH\Commands\E2ETractorTest.php on line 57.
 1 APPPATH\Commands\E2ETractorTest.php(241): App\Commands\E2ETractorTest->m('FMS_OperationsReports_Model')
 2 SYSTEMPATH\CLI\Commands.php(70): App\Commands\E2ETractorTest->run([...])
 3 SYSTEMPATH\CLI\Console.php(48): CodeIgniter\CLI\Commands->run('test:e2e-tractor', [...])
 4 SYSTEMPATH\Boot.php(360): CodeIgniter\CLI\Console->run()
 5 SYSTEMPATH\Boot.php(104): CodeIgniter\Boot::runCommand(Object(CodeIgniter\CLI\Console))
 6 ROOTPATH\spark(84): CodeIgniter\Boot::bootSpark(Object(Config\Paths))
DEBUG - 2026-10-06 08:03:11 --> Session: Initialization under CLI aborted.
WARNING - 2026-10-06 08:03:11 --> [DEPRECATED] Creation of dynamic property App\Models\FMS_Trip_Model::$session is deprecated in APPPATH\Models\FMS_Trip_Model.php on line 11.
 1 SYSTEMPATH\Config\Factories.php(235): App\Models\FMS_Trip_Model->__construct(null)
 2 SYSTEMPATH\Config\Factories.php(169): CodeIgniter\Config\Factories::createInstance('models', 'App\\Models\\FMS_Trip_Model', [...])
 3 SYSTEMPATH\Common.php(804): CodeIgniter\Config\Factories::__callStatic('models', [...])
 4 APPPATH\Commands\E2ETractorTest.php(53): model('App\\Models\\FMS_Trip_Model')
 5 APPPATH\Commands\E2ETractorTest.php(89): App\Commands\E2ETractorTest->m('FMS_Trip_Model', [...])
 6 SYSTEMPATH\CLI\Commands.php(70): App\Commands\E2ETractorTest->run([...])
 7 SYSTEMPATH\CLI\Console.php(48): CodeIgniter\CLI\Commands->run('test:e2e-tractor', [...])
 8 SYSTEMPATH\Boot.php(360): CodeIgniter\CLI\Console->run()
 9 SYSTEMPATH\Boot.php(104): CodeIgniter\Boot::runCommand(Object(CodeIgniter\CLI\Console))
10 ROOTPATH\spark(84): CodeIgniter\Boot::bootSpark(Object(Config\Paths))
WARNING - 2026-10-06 08:03:11 --> [DEPRECATED] Creation of dynamic property App\Models\FMS_Trip_Model::$request is deprecated in APPPATH\Models\FMS_Trip_Model.php on line 12.
 1 SYSTEMPATH\Config\Factories.php(235): App\Models\FMS_Trip_Model->__construct(null)
 2 SYSTEMPATH\Config\Factories.php(169): CodeIgniter\Config\Factories::createInstance('models', 'App\\Models\\FMS_Trip_Model', [...])
 3 SYSTEMPATH\Common.php(804): CodeIgniter\Config\Factories::__callStatic('models', [...])
 4 APPPATH\Commands\E2ETractorTest.php(53): model('App\\Models\\FMS_Trip_Model')
 5 APPPATH\Commands\E2ETractorTest.php(89): App\Commands\E2ETractorTest->m('FMS_Trip_Model', [...])
 6 SYSTEMPATH\CLI\Commands.php(70): App\Commands\E2ETractorTest->run([...])
 7 SYSTEMPATH\CLI\Console.php(48): CodeIgniter\CLI\Commands->run('test:e2e-tractor', [...])
 8 SYSTEMPATH\Boot.php(360): CodeIgniter\CLI\Console->run()
 9 SYSTEMPATH\Boot.php(104): CodeIgniter\Boot::runCommand(Object(CodeIgniter\CLI\Console))
10 ROOTPATH\spark(84): CodeIgniter\Boot::bootSpark(Object(Config\Paths))
WARNING - 2026-10-06 08:03:11 --> [DEPRECATED] Creation of dynamic property App\Models\FMS_Trip_Model::$cuser is deprecated in APPPATH\Models\FMS_Trip_Model.php on line 14.
 1 SYSTEMPATH\Config\Factories.php(235): App\Models\FMS_Trip_Model->__construct(null)
 2 SYSTEMPATH\Config\Factories.php(169): CodeIgniter\Config\Factories::createInstance('models', 'App\\Models\\FMS_Trip_Model', [...])
 3 SYSTEMPATH\Common.php(804): CodeIgniter\Config\Factories::__callStatic('models', [...])
 4 APPPATH\Commands\E2ETractorTest.php(53): model('App\\Models\\FMS_Trip_Model')
 5 APPPATH\Commands\E2ETractorTest.php(89): App\Commands\E2ETractorTest->m('FMS_Trip_Model', [...])
 6 SYSTEMPATH\CLI\Commands.php(70): App\Commands\E2ETractorTest->run([...])
 7 SYSTEMPATH\CLI\Console.php(48): CodeIgniter\CLI\Commands->run('test:e2e-tractor', [...])
 8 SYSTEMPATH\Boot.php(360): CodeIgniter\CLI\Console->run()
 9 SYSTEMPATH\Boot.php(104): CodeIgniter\Boot::runCommand(Object(CodeIgniter\CLI\Console))
10 ROOTPATH\spark(84): CodeIgniter\Boot::bootSpark(Object(Config\Paths))
WARNING - 2026-10-06 08:03:11 --> [DEPRECATED] Creation of dynamic property App\Models\FMS_Dispatch_Model::$session is deprecated in APPPATH\Models\FMS_Dispatch_Model.php on line 11.
 1 SYSTEMPATH\Config\Factories.php(235): App\Models\FMS_Dispatch_Model->__construct(null)
 2 SYSTEMPATH\Config\Factories.php(169): CodeIgniter\Config\Factories::createInstance('models', 'App\\Models\\FMS_Dispatch_Model', [...])
 3 SYSTEMPATH\Common.php(804): CodeIgniter\Config\Factories::__callStatic('models', [...])
 4 APPPATH\Commands\E2ETractorTest.php(53): model('App\\Models\\FMS_Dispatch_Model')
 5 APPPATH\Commands\E2ETractorTest.php(136): App\Commands\E2ETractorTest->m('FMS_Dispatch_Model', [...])
 6 SYSTEMPATH\CLI\Commands.php(70): App\Commands\E2ETractorTest->run([...])
 7 SYSTEMPATH\CLI\Console.php(48): CodeIgniter\CLI\Commands->run('test:e2e-tractor', [...])
 8 SYSTEMPATH\Boot.php(360): CodeIgniter\CLI\Console->run()
 9 SYSTEMPATH\Boot.php(104): CodeIgniter\Boot::runCommand(Object(CodeIgniter\CLI\Console))
10 ROOTPATH\spark(84): CodeIgniter\Boot::bootSpark(Object(Config\Paths))
WARNING - 2026-10-06 08:03:11 --> [DEPRECATED] Creation of dynamic property App\Models\FMS_Dispatch_Model::$request is deprecated in APPPATH\Models\FMS_Dispatch_Model.php on line 12.
 1 SYSTEMPATH\Config\Factories.php(235): App\Models\FMS_Dispatch_Model->__construct(null)
 2 SYSTEMPATH\Config\Factories.php(169): CodeIgniter\Config\Factories::createInstance('models', 'App\\Models\\FMS_Dispatch_Model', [...])
 3 SYSTEMPATH\Common.php(804): CodeIgniter\Config\Factories::__callStatic('models', [...])
 4 APPPATH\Commands\E2ETractorTest.php(53): model('App\\Models\\FMS_Dispatch_Model')
 5 APPPATH\Commands\E2ETractorTest.php(136): App\Commands\E2ETractorTest->m('FMS_Dispatch_Model', [...])
 6 SYSTEMPATH\CLI\Commands.php(70): App\Commands\E2ETractorTest->run([...])
 7 SYSTEMPATH\CLI\Console.php(48): CodeIgniter\CLI\Commands->run('test:e2e-tractor', [...])
 8 SYSTEMPATH\Boot.php(360): CodeIgniter\CLI\Console->run()
 9 SYSTEMPATH\Boot.php(104): CodeIgniter\Boot::runCommand(Object(CodeIgniter\CLI\Console))
10 ROOTPATH\spark(84): CodeIgniter\Boot::bootSpark(Object(Config\Paths))
WARNING - 2026-10-06 08:03:11 --> [DEPRECATED] Creation of dynamic property App\Models\FMS_Dispatch_Model::$cuser is deprecated in APPPATH\Models\FMS_Dispatch_Model.php on line 14.
 1 SYSTEMPATH\Config\Factories.php(235): App\Models\FMS_Dispatch_Model->__construct(null)
 2 SYSTEMPATH\Config\Factories.php(169): CodeIgniter\Config\Factories::createInstance('models', 'App\\Models\\FMS_Dispatch_Model', [...])
 3 SYSTEMPATH\Common.php(804): CodeIgniter\Config\Factories::__callStatic('models', [...])
 4 APPPATH\Commands\E2ETractorTest.php(53): model('App\\Models\\FMS_Dispatch_Model')
 5 APPPATH\Commands\E2ETractorTest.php(136): App\Commands\E2ETractorTest->m('FMS_Dispatch_Model', [...])
 6 SYSTEMPATH\CLI\Commands.php(70): App\Commands\E2ETractorTest->run([...])
 7 SYSTEMPATH\CLI\Console.php(48): CodeIgniter\CLI\Commands->run('test:e2e-tractor', [...])
 8 SYSTEMPATH\Boot.php(360): CodeIgniter\CLI\Console->run()
 9 SYSTEMPATH\Boot.php(104): CodeIgniter\Boot::runCommand(Object(CodeIgniter\CLI\Console))
10 ROOTPATH\spark(84): CodeIgniter\Boot::bootSpark(Object(Config\Paths))
WARNING - 2026-10-06 08:03:11 --> [DEPRECATED] Creation of dynamic property App\Models\FMS_DeliveryReceipt_Model::$session is deprecated in APPPATH\Models\FMS_DeliveryReceipt_Model.php on line 11.
 1 SYSTEMPATH\Config\Factories.php(235): App\Models\FMS_DeliveryReceipt_Model->__construct(null)
 2 SYSTEMPATH\Config\Factories.php(169): CodeIgniter\Config\Factories::createInstance('models', 'App\\Models\\FMS_DeliveryReceipt_Model', [...])
 3 SYSTEMPATH\Common.php(804): CodeIgniter\Config\Factories::__callStatic('models', [...])
 4 APPPATH\Commands\E2ETractorTest.php(53): model('App\\Models\\FMS_DeliveryReceipt_Model')
 5 APPPATH\Commands\E2ETractorTest.php(172): App\Commands\E2ETractorTest->m('FMS_DeliveryReceipt_Model', [...])
 6 SYSTEMPATH\CLI\Commands.php(70): App\Commands\E2ETractorTest->run([...])
 7 SYSTEMPATH\CLI\Console.php(48): CodeIgniter\CLI\Commands->run('test:e2e-tractor', [...])
 8 SYSTEMPATH\Boot.php(360): CodeIgniter\CLI\Console->run()
 9 SYSTEMPATH\Boot.php(104): CodeIgniter\Boot::runCommand(Object(CodeIgniter\CLI\Console))
10 ROOTPATH\spark(84): CodeIgniter\Boot::bootSpark(Object(Config\Paths))
WARNING - 2026-10-06 08:03:11 --> [DEPRECATED] Creation of dynamic property App\Models\FMS_DeliveryReceipt_Model::$request is deprecated in APPPATH\Models\FMS_DeliveryReceipt_Model.php on line 12.
 1 SYSTEMPATH\Config\Factories.php(235): App\Models\FMS_DeliveryReceipt_Model->__construct(null)
 2 SYSTEMPATH\Config\Factories.php(169): CodeIgniter\Config\Factories::createInstance('models', 'App\\Models\\FMS_DeliveryReceipt_Model', [...])
 3 SYSTEMPATH\Common.php(804): CodeIgniter\Config\Factories::__callStatic('models', [...])
 4 APPPATH\Commands\E2ETractorTest.php(53): model('App\\Models\\FMS_DeliveryReceipt_Model')
 5 APPPATH\Commands\E2ETractorTest.php(172): App\Commands\E2ETractorTest->m('FMS_DeliveryReceipt_Model', [...])
 6 SYSTEMPATH\CLI\Commands.php(70): App\Commands\E2ETractorTest->run([...])
 7 SYSTEMPATH\CLI\Console.php(48): CodeIgniter\CLI\Commands->run('test:e2e-tractor', [...])
 8 SYSTEMPATH\Boot.php(360): CodeIgniter\CLI\Console->run()
 9 SYSTEMPATH\Boot.php(104): CodeIgniter\Boot::runCommand(Object(CodeIgniter\CLI\Console))
10 ROOTPATH\spark(84): CodeIgniter\Boot::bootSpark(Object(Config\Paths))
WARNING - 2026-10-06 08:03:11 --> [DEPRECATED] Creation of dynamic property App\Models\FMS_DeliveryReceipt_Model::$cuser is deprecated in APPPATH\Models\FMS_DeliveryReceipt_Model.php on line 14.
 1 SYSTEMPATH\Config\Factories.php(235): App\Models\FMS_DeliveryReceipt_Model->__construct(null)
 2 SYSTEMPATH\Config\Factories.php(169): CodeIgniter\Config\Factories::createInstance('models', 'App\\Models\\FMS_DeliveryReceipt_Model', [...])
 3 SYSTEMPATH\Common.php(804): CodeIgniter\Config\Factories::__callStatic('models', [...])
 4 APPPATH\Commands\E2ETractorTest.php(53): model('App\\Models\\FMS_DeliveryReceipt_Model')
 5 APPPATH\Commands\E2ETractorTest.php(172): App\Commands\E2ETractorTest->m('FMS_DeliveryReceipt_Model', [...])
 6 SYSTEMPATH\CLI\Commands.php(70): App\Commands\E2ETractorTest->run([...])
 7 SYSTEMPATH\CLI\Console.php(48): CodeIgniter\CLI\Commands->run('test:e2e-tractor', [...])
 8 SYSTEMPATH\Boot.php(360): CodeIgniter\CLI\Console->run()
 9 SYSTEMPATH\Boot.php(104): CodeIgniter\Boot::runCommand(Object(CodeIgniter\CLI\Console))
10 ROOTPATH\spark(84): CodeIgniter\Boot::bootSpark(Object(Config\Paths))
WARNING - 2026-10-06 08:03:11 --> [DEPRECATED] Creation of dynamic property App\Models\FMS_Billing_Model::$session is deprecated in APPPATH\Models\FMS_Billing_Model.php on line 11.
 1 SYSTEMPATH\Config\Factories.php(235): App\Models\FMS_Billing_Model->__construct(null)
 2 SYSTEMPATH\Config\Factories.php(169): CodeIgniter\Config\Factories::createInstance('models', 'App\\Models\\FMS_Billing_Model', [...])
 3 SYSTEMPATH\Common.php(804): CodeIgniter\Config\Factories::__callStatic('models', [...])
 4 APPPATH\Commands\E2ETractorTest.php(53): model('App\\Models\\FMS_Billing_Model')
 5 APPPATH\Commands\E2ETractorTest.php(211): App\Commands\E2ETractorTest->m('FMS_Billing_Model', [...])
 6 SYSTEMPATH\CLI\Commands.php(70): App\Commands\E2ETractorTest->run([...])
 7 SYSTEMPATH\CLI\Console.php(48): CodeIgniter\CLI\Commands->run('test:e2e-tractor', [...])
 8 SYSTEMPATH\Boot.php(360): CodeIgniter\CLI\Console->run()
 9 SYSTEMPATH\Boot.php(104): CodeIgniter\Boot::runCommand(Object(CodeIgniter\CLI\Console))
10 ROOTPATH\spark(84): CodeIgniter\Boot::bootSpark(Object(Config\Paths))
WARNING - 2026-10-06 08:03:11 --> [DEPRECATED] Creation of dynamic property App\Models\FMS_Billing_Model::$request is deprecated in APPPATH\Models\FMS_Billing_Model.php on line 12.
 1 SYSTEMPATH\Config\Factories.php(235): App\Models\FMS_Billing_Model->__construct(null)
 2 SYSTEMPATH\Config\Factories.php(169): CodeIgniter\Config\Factories::createInstance('models', 'App\\Models\\FMS_Billing_Model', [...])
 3 SYSTEMPATH\Common.php(804): CodeIgniter\Config\Factories::__callStatic('models', [...])
 4 APPPATH\Commands\E2ETractorTest.php(53): model('App\\Models\\FMS_Billing_Model')
 5 APPPATH\Commands\E2ETractorTest.php(211): App\Commands\E2ETractorTest->m('FMS_Billing_Model', [...])
 6 SYSTEMPATH\CLI\Commands.php(70): App\Commands\E2ETractorTest->run([...])
 7 SYSTEMPATH\CLI\Console.php(48): CodeIgniter\CLI\Commands->run('test:e2e-tractor', [...])
 8 SYSTEMPATH\Boot.php(360): CodeIgniter\CLI\Console->run()
 9 SYSTEMPATH\Boot.php(104): CodeIgniter\Boot::runCommand(Object(CodeIgniter\CLI\Console))
10 ROOTPATH\spark(84): CodeIgniter\Boot::bootSpark(Object(Config\Paths))
WARNING - 2026-10-06 08:03:11 --> [DEPRECATED] Creation of dynamic property App\Models\FMS_Billing_Model::$cuser is deprecated in APPPATH\Models\FMS_Billing_Model.php on line 14.
 1 SYSTEMPATH\Config\Factories.php(235): App\Models\FMS_Billing_Model->__construct(null)
 2 SYSTEMPATH\Config\Factories.php(169): CodeIgniter\Config\Factories::createInstance('models', 'App\\Models\\FMS_Billing_Model', [...])
 3 SYSTEMPATH\Common.php(804): CodeIgniter\Config\Factories::__callStatic('models', [...])
 4 APPPATH\Commands\E2ETractorTest.php(53): model('App\\Models\\FMS_Billing_Model')
 5 APPPATH\Commands\E2ETractorTest.php(211): App\Commands\E2ETractorTest->m('FMS_Billing_Model', [...])
 6 SYSTEMPATH\CLI\Commands.php(70): App\Commands\E2ETractorTest->run([...])
 7 SYSTEMPATH\CLI\Console.php(48): CodeIgniter\CLI\Commands->run('test:e2e-tractor', [...])
 8 SYSTEMPATH\Boot.php(360): CodeIgniter\CLI\Console->run()
 9 SYSTEMPATH\Boot.php(104): CodeIgniter\Boot::runCommand(Object(CodeIgniter\CLI\Console))
10 ROOTPATH\spark(84): CodeIgniter\Boot::bootSpark(Object(Config\Paths))
WARNING - 2026-10-06 08:03:11 --> [DEPRECATED] Creation of dynamic property App\Models\FMS_Invoice_Model::$session is deprecated in APPPATH\Models\FMS_Invoice_Model.php on line 11.
 1 SYSTEMPATH\Config\Factories.php(235): App\Models\FMS_Invoice_Model->__construct(null)
 2 SYSTEMPATH\Config\Factories.php(169): CodeIgniter\Config\Factories::createInstance('models', 'App\\Models\\FMS_Invoice_Model', [...])
 3 SYSTEMPATH\Common.php(804): CodeIgniter\Config\Factories::__callStatic('models', [...])
 4 APPPATH\Commands\E2ETractorTest.php(53): model('App\\Models\\FMS_Invoice_Model')
 5 APPPATH\Commands\E2ETractorTest.php(218): App\Commands\E2ETractorTest->m('FMS_Invoice_Model', [...])
 6 SYSTEMPATH\CLI\Commands.php(70): App\Commands\E2ETractorTest->run([...])
 7 SYSTEMPATH\CLI\Console.php(48): CodeIgniter\CLI\Commands->run('test:e2e-tractor', [...])
 8 SYSTEMPATH\Boot.php(360): CodeIgniter\CLI\Console->run()
 9 SYSTEMPATH\Boot.php(104): CodeIgniter\Boot::runCommand(Object(CodeIgniter\CLI\Console))
10 ROOTPATH\spark(84): CodeIgniter\Boot::bootSpark(Object(Config\Paths))
WARNING - 2026-10-06 08:03:11 --> [DEPRECATED] Creation of dynamic property App\Models\FMS_Invoice_Model::$request is deprecated in APPPATH\Models\FMS_Invoice_Model.php on line 12.
 1 SYSTEMPATH\Config\Factories.php(235): App\Models\FMS_Invoice_Model->__construct(null)
 2 SYSTEMPATH\Config\Factories.php(169): CodeIgniter\Config\Factories::createInstance('models', 'App\\Models\\FMS_Invoice_Model', [...])
 3 SYSTEMPATH\Common.php(804): CodeIgniter\Config\Factories::__callStatic('models', [...])
 4 APPPATH\Commands\E2ETractorTest.php(53): model('App\\Models\\FMS_Invoice_Model')
 5 APPPATH\Commands\E2ETractorTest.php(218): App\Commands\E2ETractorTest->m('FMS_Invoice_Model', [...])
 6 SYSTEMPATH\CLI\Commands.php(70): App\Commands\E2ETractorTest->run([...])
 7 SYSTEMPATH\CLI\Console.php(48): CodeIgniter\CLI\Commands->run('test:e2e-tractor', [...])
 8 SYSTEMPATH\Boot.php(360): CodeIgniter\CLI\Console->run()
 9 SYSTEMPATH\Boot.php(104): CodeIgniter\Boot::runCommand(Object(CodeIgniter\CLI\Console))
10 ROOTPATH\spark(84): CodeIgniter\Boot::bootSpark(Object(Config\Paths))
WARNING - 2026-10-06 08:03:11 --> [DEPRECATED] Creation of dynamic property App\Models\FMS_Invoice_Model::$cuser is deprecated in APPPATH\Models\FMS_Invoice_Model.php on line 14.
 1 SYSTEMPATH\Config\Factories.php(235): App\Models\FMS_Invoice_Model->__construct(null)
 2 SYSTEMPATH\Config\Factories.php(169): CodeIgniter\Config\Factories::createInstance('models', 'App\\Models\\FMS_Invoice_Model', [...])
 3 SYSTEMPATH\Common.php(804): CodeIgniter\Config\Factories::__callStatic('models', [...])
 4 APPPATH\Commands\E2ETractorTest.php(53): model('App\\Models\\FMS_Invoice_Model')
 5 APPPATH\Commands\E2ETractorTest.php(218): App\Commands\E2ETractorTest->m('FMS_Invoice_Model', [...])
 6 SYSTEMPATH\CLI\Commands.php(70): App\Commands\E2ETractorTest->run([...])
 7 SYSTEMPATH\CLI\Console.php(48): CodeIgniter\CLI\Commands->run('test:e2e-tractor', [...])
 8 SYSTEMPATH\Boot.php(360): CodeIgniter\CLI\Console->run()
 9 SYSTEMPATH\Boot.php(104): CodeIgniter\Boot::runCommand(Object(CodeIgniter\CLI\Console))
10 ROOTPATH\spark(84): CodeIgniter\Boot::bootSpark(Object(Config\Paths))
WARNING - 2026-10-06 08:03:11 --> [DEPRECATED] Creation of dynamic property App\Models\FMS_Payment_Model::$session is deprecated in APPPATH\Models\FMS_Payment_Model.php on line 11.
 1 SYSTEMPATH\Config\Factories.php(235): App\Models\FMS_Payment_Model->__construct(null)
 2 SYSTEMPATH\Config\Factories.php(169): CodeIgniter\Config\Factories::createInstance('models', 'App\\Models\\FMS_Payment_Model', [...])
 3 SYSTEMPATH\Common.php(804): CodeIgniter\Config\Factories::__callStatic('models', [...])
 4 APPPATH\Commands\E2ETractorTest.php(53): model('App\\Models\\FMS_Payment_Model')
 5 APPPATH\Commands\E2ETractorTest.php(225): App\Commands\E2ETractorTest->m('FMS_Payment_Model', [...])
 6 SYSTEMPATH\CLI\Commands.php(70): App\Commands\E2ETractorTest->run([...])
 7 SYSTEMPATH\CLI\Console.php(48): CodeIgniter\CLI\Commands->run('test:e2e-tractor', [...])
 8 SYSTEMPATH\Boot.php(360): CodeIgniter\CLI\Console->run()
 9 SYSTEMPATH\Boot.php(104): CodeIgniter\Boot::runCommand(Object(CodeIgniter\CLI\Console))
10 ROOTPATH\spark(84): CodeIgniter\Boot::bootSpark(Object(Config\Paths))
WARNING - 2026-10-06 08:03:11 --> [DEPRECATED] Creation of dynamic property App\Models\FMS_Payment_Model::$request is deprecated in APPPATH\Models\FMS_Payment_Model.php on line 12.
 1 SYSTEMPATH\Config\Factories.php(235): App\Models\FMS_Payment_Model->__construct(null)
 2 SYSTEMPATH\Config\Factories.php(169): CodeIgniter\Config\Factories::createInstance('models', 'App\\Models\\FMS_Payment_Model', [...])
 3 SYSTEMPATH\Common.php(804): CodeIgniter\Config\Factories::__callStatic('models', [...])
 4 APPPATH\Commands\E2ETractorTest.php(53): model('App\\Models\\FMS_Payment_Model')
 5 APPPATH\Commands\E2ETractorTest.php(225): App\Commands\E2ETractorTest->m('FMS_Payment_Model', [...])
 6 SYSTEMPATH\CLI\Commands.php(70): App\Commands\E2ETractorTest->run([...])
 7 SYSTEMPATH\CLI\Console.php(48): CodeIgniter\CLI\Commands->run('test:e2e-tractor', [...])
 8 SYSTEMPATH\Boot.php(360): CodeIgniter\CLI\Console->run()
 9 SYSTEMPATH\Boot.php(104): CodeIgniter\Boot::runCommand(Object(CodeIgniter\CLI\Console))
10 ROOTPATH\spark(84): CodeIgniter\Boot::bootSpark(Object(Config\Paths))
WARNING - 2026-10-06 08:03:11 --> [DEPRECATED] Creation of dynamic property App\Models\FMS_Payment_Model::$cuser is deprecated in APPPATH\Models\FMS_Payment_Model.php on line 14.
 1 SYSTEMPATH\Config\Factories.php(235): App\Models\FMS_Payment_Model->__construct(null)
 2 SYSTEMPATH\Config\Factories.php(169): CodeIgniter\Config\Factories::createInstance('models', 'App\\Models\\FMS_Payment_Model', [...])
 3 SYSTEMPATH\Common.php(804): CodeIgniter\Config\Factories::__callStatic('models', [...])
 4 APPPATH\Commands\E2ETractorTest.php(53): model('App\\Models\\FMS_Payment_Model')
 5 APPPATH\Commands\E2ETractorTest.php(225): App\Commands\E2ETractorTest->m('FMS_Payment_Model', [...])
 6 SYSTEMPATH\CLI\Commands.php(70): App\Commands\E2ETractorTest->run([...])
 7 SYSTEMPATH\CLI\Console.php(48): CodeIgniter\CLI\Commands->run('test:e2e-tractor', [...])
 8 SYSTEMPATH\Boot.php(360): CodeIgniter\CLI\Console->run()
 9 SYSTEMPATH\Boot.php(104): CodeIgniter\Boot::runCommand(Object(CodeIgniter\CLI\Console))
10 ROOTPATH\spark(84): CodeIgniter\Boot::bootSpark(Object(Config\Paths))
WARNING - 2026-10-06 08:03:11 --> [DEPRECATED] Creation of dynamic property App\Models\FMS_AR_Model::$session is deprecated in APPPATH\Models\FMS_AR_Model.php on line 11.
 1 SYSTEMPATH\Config\Factories.php(235): App\Models\FMS_AR_Model->__construct(null)
 2 SYSTEMPATH\Config\Factories.php(169): CodeIgniter\Config\Factories::createInstance('models', 'App\\Models\\FMS_AR_Model', [...])
 3 SYSTEMPATH\Common.php(804): CodeIgniter\Config\Factories::__callStatic('models', [...])
 4 APPPATH\Commands\E2ETractorTest.php(53): model('App\\Models\\FMS_AR_Model')
 5 APPPATH\Commands\E2ETractorTest.php(227): App\Commands\E2ETractorTest->m('FMS_AR_Model')
 6 SYSTEMPATH\CLI\Commands.php(70): App\Commands\E2ETractorTest->run([...])
 7 SYSTEMPATH\CLI\Console.php(48): CodeIgniter\CLI\Commands->run('test:e2e-tractor', [...])
 8 SYSTEMPATH\Boot.php(360): CodeIgniter\CLI\Console->run()
 9 SYSTEMPATH\Boot.php(104): CodeIgniter\Boot::runCommand(Object(CodeIgniter\CLI\Console))
10 ROOTPATH\spark(84): CodeIgniter\Boot::bootSpark(Object(Config\Paths))
WARNING - 2026-10-06 08:03:11 --> [DEPRECATED] Creation of dynamic property App\Models\FMS_AR_Model::$request is deprecated in APPPATH\Models\FMS_AR_Model.php on line 12.
 1 SYSTEMPATH\Config\Factories.php(235): App\Models\FMS_AR_Model->__construct(null)
 2 SYSTEMPATH\Config\Factories.php(169): CodeIgniter\Config\Factories::createInstance('models', 'App\\Models\\FMS_AR_Model', [...])
 3 SYSTEMPATH\Common.php(804): CodeIgniter\Config\Factories::__callStatic('models', [...])
 4 APPPATH\Commands\E2ETractorTest.php(53): model('App\\Models\\FMS_AR_Model')
 5 APPPATH\Commands\E2ETractorTest.php(227): App\Commands\E2ETractorTest->m('FMS_AR_Model')
 6 SYSTEMPATH\CLI\Commands.php(70): App\Commands\E2ETractorTest->run([...])
 7 SYSTEMPATH\CLI\Console.php(48): CodeIgniter\CLI\Commands->run('test:e2e-tractor', [...])
 8 SYSTEMPATH\Boot.php(360): CodeIgniter\CLI\Console->run()
 9 SYSTEMPATH\Boot.php(104): CodeIgniter\Boot::runCommand(Object(CodeIgniter\CLI\Console))
10 ROOTPATH\spark(84): CodeIgniter\Boot::bootSpark(Object(Config\Paths))
WARNING - 2026-10-06 08:03:11 --> [DEPRECATED] Creation of dynamic property App\Models\FMS_AR_Model::$cuser is deprecated in APPPATH\Models\FMS_AR_Model.php on line 14.
 1 SYSTEMPATH\Config\Factories.php(235): App\Models\FMS_AR_Model->__construct(null)
 2 SYSTEMPATH\Config\Factories.php(169): CodeIgniter\Config\Factories::createInstance('models', 'App\\Models\\FMS_AR_Model', [...])
 3 SYSTEMPATH\Common.php(804): CodeIgniter\Config\Factories::__callStatic('models', [...])
 4 APPPATH\Commands\E2ETractorTest.php(53): model('App\\Models\\FMS_AR_Model')
 5 APPPATH\Commands\E2ETractorTest.php(227): App\Commands\E2ETractorTest->m('FMS_AR_Model')
 6 SYSTEMPATH\CLI\Commands.php(70): App\Commands\E2ETractorTest->run([...])
 7 SYSTEMPATH\CLI\Console.php(48): CodeIgniter\CLI\Commands->run('test:e2e-tractor', [...])
 8 SYSTEMPATH\Boot.php(360): CodeIgniter\CLI\Console->run()
 9 SYSTEMPATH\Boot.php(104): CodeIgniter\Boot::runCommand(Object(CodeIgniter\CLI\Console))
10 ROOTPATH\spark(84): CodeIgniter\Boot::bootSpark(Object(Config\Paths))
WARNING - 2026-10-06 08:03:11 --> [DEPRECATED] Creation of dynamic property App\Models\FMS_Truck_Model::$session is deprecated in APPPATH\Models\FMS_Truck_Model.php on line 11.
 1 SYSTEMPATH\Config\Factories.php(235): App\Models\FMS_Truck_Model->__construct(null)
 2 SYSTEMPATH\Config\Factories.php(169): CodeIgniter\Config\Factories::createInstance('models', 'App\\Models\\FMS_Truck_Model', [...])
 3 SYSTEMPATH\Common.php(804): CodeIgniter\Config\Factories::__callStatic('models', [...])
 4 APPPATH\Commands\E2ETractorTest.php(53): model('App\\Models\\FMS_Truck_Model')
 5 APPPATH\Commands\E2ETractorTest.php(236): App\Commands\E2ETractorTest->m('FMS_Truck_Model')
 6 SYSTEMPATH\CLI\Commands.php(70): App\Commands\E2ETractorTest->run([...])
 7 SYSTEMPATH\CLI\Console.php(48): CodeIgniter\CLI\Commands->run('test:e2e-tractor', [...])
 8 SYSTEMPATH\Boot.php(360): CodeIgniter\CLI\Console->run()
 9 SYSTEMPATH\Boot.php(104): CodeIgniter\Boot::runCommand(Object(CodeIgniter\CLI\Console))
10 ROOTPATH\spark(84): CodeIgniter\Boot::bootSpark(Object(Config\Paths))
WARNING - 2026-10-06 08:03:11 --> [DEPRECATED] Creation of dynamic property App\Models\FMS_Truck_Model::$request is deprecated in APPPATH\Models\FMS_Truck_Model.php on line 12.
 1 SYSTEMPATH\Config\Factories.php(235): App\Models\FMS_Truck_Model->__construct(null)
 2 SYSTEMPATH\Config\Factories.php(169): CodeIgniter\Config\Factories::createInstance('models', 'App\\Models\\FMS_Truck_Model', [...])
 3 SYSTEMPATH\Common.php(804): CodeIgniter\Config\Factories::__callStatic('models', [...])
 4 APPPATH\Commands\E2ETractorTest.php(53): model('App\\Models\\FMS_Truck_Model')
 5 APPPATH\Commands\E2ETractorTest.php(236): App\Commands\E2ETractorTest->m('FMS_Truck_Model')
 6 SYSTEMPATH\CLI\Commands.php(70): App\Commands\E2ETractorTest->run([...])
 7 SYSTEMPATH\CLI\Console.php(48): CodeIgniter\CLI\Commands->run('test:e2e-tractor', [...])
 8 SYSTEMPATH\Boot.php(360): CodeIgniter\CLI\Console->run()
 9 SYSTEMPATH\Boot.php(104): CodeIgniter\Boot::runCommand(Object(CodeIgniter\CLI\Console))
10 ROOTPATH\spark(84): CodeIgniter\Boot::bootSpark(Object(Config\Paths))
WARNING - 2026-10-06 08:03:11 --> [DEPRECATED] Creation of dynamic property App\Models\FMS_Truck_Model::$cuser is deprecated in APPPATH\Models\FMS_Truck_Model.php on line 14.
 1 SYSTEMPATH\Config\Factories.php(235): App\Models\FMS_Truck_Model->__construct(null)
 2 SYSTEMPATH\Config\Factories.php(169): CodeIgniter\Config\Factories::createInstance('models', 'App\\Models\\FMS_Truck_Model', [...])
 3 SYSTEMPATH\Common.php(804): CodeIgniter\Config\Factories::__callStatic('models', [...])
 4 APPPATH\Commands\E2ETractorTest.php(53): model('App\\Models\\FMS_Truck_Model')
 5 APPPATH\Commands\E2ETractorTest.php(236): App\Commands\E2ETractorTest->m('FMS_Truck_Model')
 6 SYSTEMPATH\CLI\Commands.php(70): App\Commands\E2ETractorTest->run([...])
 7 SYSTEMPATH\CLI\Console.php(48): CodeIgniter\CLI\Commands->run('test:e2e-tractor', [...])
 8 SYSTEMPATH\Boot.php(360): CodeIgniter\CLI\Console->run()
 9 SYSTEMPATH\Boot.php(104): CodeIgniter\Boot::runCommand(Object(CodeIgniter\CLI\Console))
10 ROOTPATH\spark(84): CodeIgniter\Boot::bootSpark(Object(Config\Paths))
WARNING - 2026-10-06 08:03:11 --> [DEPRECATED] Creation of dynamic property App\Models\FMS_Driver_Model::$session is deprecated in APPPATH\Models\FMS_Driver_Model.php on line 11.
 1 SYSTEMPATH\Config\Factories.php(235): App\Models\FMS_Driver_Model->__construct(null)
 2 SYSTEMPATH\Config\Factories.php(169): CodeIgniter\Config\Factories::createInstance('models', 'App\\Models\\FMS_Driver_Model', [...])
 3 SYSTEMPATH\Common.php(804): CodeIgniter\Config\Factories::__callStatic('models', [...])
 4 APPPATH\Commands\E2ETractorTest.php(53): model('App\\Models\\FMS_Driver_Model')
 5 APPPATH\Commands\E2ETractorTest.php(238): App\Commands\E2ETractorTest->m('FMS_Driver_Model')
 6 SYSTEMPATH\CLI\Commands.php(70): App\Commands\E2ETractorTest->run([...])
 7 SYSTEMPATH\CLI\Console.php(48): CodeIgniter\CLI\Commands->run('test:e2e-tractor', [...])
 8 SYSTEMPATH\Boot.php(360): CodeIgniter\CLI\Console->run()
 9 SYSTEMPATH\Boot.php(104): CodeIgniter\Boot::runCommand(Object(CodeIgniter\CLI\Console))
10 ROOTPATH\spark(84): CodeIgniter\Boot::bootSpark(Object(Config\Paths))
WARNING - 2026-10-06 08:03:11 --> [DEPRECATED] Creation of dynamic property App\Models\FMS_Driver_Model::$request is deprecated in APPPATH\Models\FMS_Driver_Model.php on line 12.
 1 SYSTEMPATH\Config\Factories.php(235): App\Models\FMS_Driver_Model->__construct(null)
 2 SYSTEMPATH\Config\Factories.php(169): CodeIgniter\Config\Factories::createInstance('models', 'App\\Models\\FMS_Driver_Model', [...])
 3 SYSTEMPATH\Common.php(804): CodeIgniter\Config\Factories::__callStatic('models', [...])
 4 APPPATH\Commands\E2ETractorTest.php(53): model('App\\Models\\FMS_Driver_Model')
 5 APPPATH\Commands\E2ETractorTest.php(238): App\Commands\E2ETractorTest->m('FMS_Driver_Model')
 6 SYSTEMPATH\CLI\Commands.php(70): App\Commands\E2ETractorTest->run([...])
 7 SYSTEMPATH\CLI\Console.php(48): CodeIgniter\CLI\Commands->run('test:e2e-tractor', [...])
 8 SYSTEMPATH\Boot.php(360): CodeIgniter\CLI\Console->run()
 9 SYSTEMPATH\Boot.php(104): CodeIgniter\Boot::runCommand(Object(CodeIgniter\CLI\Console))
10 ROOTPATH\spark(84): CodeIgniter\Boot::bootSpark(Object(Config\Paths))
WARNING - 2026-10-06 08:03:11 --> [DEPRECATED] Creation of dynamic property App\Models\FMS_Driver_Model::$cuser is deprecated in APPPATH\Models\FMS_Driver_Model.php on line 14.
 1 SYSTEMPATH\Config\Factories.php(235): App\Models\FMS_Driver_Model->__construct(null)
 2 SYSTEMPATH\Config\Factories.php(169): CodeIgniter\Config\Factories::createInstance('models', 'App\\Models\\FMS_Driver_Model', [...])
 3 SYSTEMPATH\Common.php(804): CodeIgniter\Config\Factories::__callStatic('models', [...])
 4 APPPATH\Commands\E2ETractorTest.php(53): model('App\\Models\\FMS_Driver_Model')
 5 APPPATH\Commands\E2ETractorTest.php(238): App\Commands\E2ETractorTest->m('FMS_Driver_Model')
 6 SYSTEMPATH\CLI\Commands.php(70): App\Commands\E2ETractorTest->run([...])
 7 SYSTEMPATH\CLI\Console.php(48): CodeIgniter\CLI\Commands->run('test:e2e-tractor', [...])
 8 SYSTEMPATH\Boot.php(360): CodeIgniter\CLI\Console->run()
 9 SYSTEMPATH\Boot.php(104): CodeIgniter\Boot::runCommand(Object(CodeIgniter\CLI\Console))
10 ROOTPATH\spark(84): CodeIgniter\Boot::bootSpark(Object(Config\Paths))
WARNING - 2026-10-06 08:03:11 --> [DEPRECATED] Creation of dynamic property App\Models\FMS_Helper_Model::$session is deprecated in APPPATH\Models\FMS_Helper_Model.php on line 11.
 1 SYSTEMPATH\Config\Factories.php(235): App\Models\FMS_Helper_Model->__construct(null)
 2 SYSTEMPATH\Config\Factories.php(169): CodeIgniter\Config\Factories::createInstance('models', 'App\\Models\\FMS_Helper_Model', [...])
 3 SYSTEMPATH\Common.php(804): CodeIgniter\Config\Factories::__callStatic('models', [...])
 4 APPPATH\Commands\E2ETractorTest.php(53): model('App\\Models\\FMS_Helper_Model')
 5 APPPATH\Commands\E2ETractorTest.php(239): App\Commands\E2ETractorTest->m('FMS_Helper_Model')
 6 SYSTEMPATH\CLI\Commands.php(70): App\Commands\E2ETractorTest->run([...])
 7 SYSTEMPATH\CLI\Console.php(48): CodeIgniter\CLI\Commands->run('test:e2e-tractor', [...])
 8 SYSTEMPATH\Boot.php(360): CodeIgniter\CLI\Console->run()
 9 SYSTEMPATH\Boot.php(104): CodeIgniter\Boot::runCommand(Object(CodeIgniter\CLI\Console))
10 ROOTPATH\spark(84): CodeIgniter\Boot::bootSpark(Object(Config\Paths))
WARNING - 2026-10-06 08:03:11 --> [DEPRECATED] Creation of dynamic property App\Models\FMS_Helper_Model::$request is deprecated in APPPATH\Models\FMS_Helper_Model.php on line 12.
 1 SYSTEMPATH\Config\Factories.php(235): App\Models\FMS_Helper_Model->__construct(null)
 2 SYSTEMPATH\Config\Factories.php(169): CodeIgniter\Config\Factories::createInstance('models', 'App\\Models\\FMS_Helper_Model', [...])
 3 SYSTEMPATH\Common.php(804): CodeIgniter\Config\Factories::__callStatic('models', [...])
 4 APPPATH\Commands\E2ETractorTest.php(53): model('App\\Models\\FMS_Helper_Model')
 5 APPPATH\Commands\E2ETractorTest.php(239): App\Commands\E2ETractorTest->m('FMS_Helper_Model')
 6 SYSTEMPATH\CLI\Commands.php(70): App\Commands\E2ETractorTest->run([...])
 7 SYSTEMPATH\CLI\Console.php(48): CodeIgniter\CLI\Commands->run('test:e2e-tractor', [...])
 8 SYSTEMPATH\Boot.php(360): CodeIgniter\CLI\Console->run()
 9 SYSTEMPATH\Boot.php(104): CodeIgniter\Boot::runCommand(Object(CodeIgniter\CLI\Console))
10 ROOTPATH\spark(84): CodeIgniter\Boot::bootSpark(Object(Config\Paths))
WARNING - 2026-10-06 08:03:11 --> [DEPRECATED] Creation of dynamic property App\Models\FMS_Helper_Model::$cuser is deprecated in APPPATH\Models\FMS_Helper_Model.php on line 14.
 1 SYSTEMPATH\Config\Factories.php(235): App\Models\FMS_Helper_Model->__construct(null)
 2 SYSTEMPATH\Config\Factories.php(169): CodeIgniter\Config\Factories::createInstance('models', 'App\\Models\\FMS_Helper_Model', [...])
 3 SYSTEMPATH\Common.php(804): CodeIgniter\Config\Factories::__callStatic('models', [...])
 4 APPPATH\Commands\E2ETractorTest.php(53): model('App\\Models\\FMS_Helper_Model')
 5 APPPATH\Commands\E2ETractorTest.php(239): App\Commands\E2ETractorTest->m('FMS_Helper_Model')
 6 SYSTEMPATH\CLI\Commands.php(70): App\Commands\E2ETractorTest->run([...])
 7 SYSTEMPATH\CLI\Console.php(48): CodeIgniter\CLI\Commands->run('test:e2e-tractor', [...])
 8 SYSTEMPATH\Boot.php(360): CodeIgniter\CLI\Console->run()
 9 SYSTEMPATH\Boot.php(104): CodeIgniter\Boot::runCommand(Object(CodeIgniter\CLI\Console))
10 ROOTPATH\spark(84): CodeIgniter\Boot::bootSpark(Object(Config\Paths))
WARNING - 2026-10-06 08:03:11 --> [DEPRECATED] Creation of dynamic property App\Models\FMS_OperationsReports_Model::$request is deprecated in APPPATH\Models\FMS_OperationsReports_Model.php on line 11.
 1 SYSTEMPATH\Config\Factories.php(235): App\Models\FMS_OperationsReports_Model->__construct(null)
 2 SYSTEMPATH\Config\Factories.php(169): CodeIgniter\Config\Factories::createInstance('models', 'App\\Models\\FMS_OperationsReports_Model', [...])
 3 SYSTEMPATH\Common.php(804): CodeIgniter\Config\Factories::__callStatic('models', [...])
 4 APPPATH\Commands\E2ETractorTest.php(53): model('App\\Models\\FMS_OperationsReports_Model')
 5 APPPATH\Commands\E2ETractorTest.php(241): App\Commands\E2ETractorTest->m('FMS_OperationsReports_Model')
 6 SYSTEMPATH\CLI\Commands.php(70): App\Commands\E2ETractorTest->run([...])
 7 SYSTEMPATH\CLI\Console.php(48): CodeIgniter\CLI\Commands->run('test:e2e-tractor', [...])
 8 SYSTEMPATH\Boot.php(360): CodeIgniter\CLI\Console->run()
 9 SYSTEMPATH\Boot.php(104): CodeIgniter\Boot::runCommand(Object(CodeIgniter\CLI\Console))
10 ROOTPATH\spark(84): CodeIgniter\Boot::bootSpark(Object(Config\Paths))
WARNING - 2026-10-06 08:03:11 --> [DEPRECATED] Creation of dynamic property App\Models\FMS_OperationsReports_Model::$cuser is deprecated in APPPATH\Commands\E2ETractorTest.php on line 57.
 1 APPPATH\Commands\E2ETractorTest.php(241): App\Commands\E2ETractorTest->m('FMS_OperationsReports_Model')
 2 SYSTEMPATH\CLI\Commands.php(70): App\Commands\E2ETractorTest->run([...])
 3 SYSTEMPATH\CLI\Console.php(48): CodeIgniter\CLI\Commands->run('test:e2e-tractor', [...])
 4 SYSTEMPATH\Boot.php(360): CodeIgniter\CLI\Console->run()
 5 SYSTEMPATH\Boot.php(104): CodeIgniter\Boot::runCommand(Object(CodeIgniter\CLI\Console))
 6 ROOTPATH\spark(84): CodeIgniter\Boot::bootSpark(Object(Config\Paths))
DEBUG - 2026-10-06 08:03:32 --> Session: Initialization under CLI aborted.
WARNING - 2026-10-06 08:03:32 --> [DEPRECATED] Creation of dynamic property App\Models\FMS_DeliveryReceipt_Model::$session is deprecated in APPPATH\Models\FMS_DeliveryReceipt_Model.php on line 11.
 1 SYSTEMPATH\Config\Factories.php(235): App\Models\FMS_DeliveryReceipt_Model->__construct(null)
 2 SYSTEMPATH\Config\Factories.php(169): CodeIgniter\Config\Factories::createInstance('models', 'App\\Models\\FMS_DeliveryReceipt_Model', [...])
 3 SYSTEMPATH\Common.php(804): CodeIgniter\Config\Factories::__callStatic('models', [...])
 4 APPPATH\Controllers\FMS_DeliveryReceipt.php(12): model('App\\Models\\FMS_DeliveryReceipt_Model')
 5 APPPATH\Commands\RenderCheck.php(26): App\Controllers\FMS_DeliveryReceipt->__construct()
 6 SYSTEMPATH\CLI\Commands.php(70): App\Commands\RenderCheck->run([...])
 7 SYSTEMPATH\CLI\Console.php(48): CodeIgniter\CLI\Commands->run('test:render', [...])
 8 SYSTEMPATH\Boot.php(360): CodeIgniter\CLI\Console->run()
 9 SYSTEMPATH\Boot.php(104): CodeIgniter\Boot::runCommand(Object(CodeIgniter\CLI\Console))
10 ROOTPATH\spark(84): CodeIgniter\Boot::bootSpark(Object(Config\Paths))
WARNING - 2026-10-06 08:03:32 --> [DEPRECATED] Creation of dynamic property App\Models\FMS_DeliveryReceipt_Model::$request is deprecated in APPPATH\Models\FMS_DeliveryReceipt_Model.php on line 12.
 1 SYSTEMPATH\Config\Factories.php(235): App\Models\FMS_DeliveryReceipt_Model->__construct(null)
 2 SYSTEMPATH\Config\Factories.php(169): CodeIgniter\Config\Factories::createInstance('models', 'App\\Models\\FMS_DeliveryReceipt_Model', [...])
 3 SYSTEMPATH\Common.php(804): CodeIgniter\Config\Factories::__callStatic('models', [...])
 4 APPPATH\Controllers\FMS_DeliveryReceipt.php(12): model('App\\Models\\FMS_DeliveryReceipt_Model')
 5 APPPATH\Commands\RenderCheck.php(26): App\Controllers\FMS_DeliveryReceipt->__construct()
 6 SYSTEMPATH\CLI\Commands.php(70): App\Commands\RenderCheck->run([...])
 7 SYSTEMPATH\CLI\Console.php(48): CodeIgniter\CLI\Commands->run('test:render', [...])
 8 SYSTEMPATH\Boot.php(360): CodeIgniter\CLI\Console->run()
 9 SYSTEMPATH\Boot.php(104): CodeIgniter\Boot::runCommand(Object(CodeIgniter\CLI\Console))
10 ROOTPATH\spark(84): CodeIgniter\Boot::bootSpark(Object(Config\Paths))
WARNING - 2026-10-06 08:03:32 --> [DEPRECATED] Creation of dynamic property App\Models\FMS_DeliveryReceipt_Model::$cuser is deprecated in APPPATH\Models\FMS_DeliveryReceipt_Model.php on line 14.
 1 SYSTEMPATH\Config\Factories.php(235): App\Models\FMS_DeliveryReceipt_Model->__construct(null)
 2 SYSTEMPATH\Config\Factories.php(169): CodeIgniter\Config\Factories::createInstance('models', 'App\\Models\\FMS_DeliveryReceipt_Model', [...])
 3 SYSTEMPATH\Common.php(804): CodeIgniter\Config\Factories::__callStatic('models', [...])
 4 APPPATH\Controllers\FMS_DeliveryReceipt.php(12): model('App\\Models\\FMS_DeliveryReceipt_Model')
 5 APPPATH\Commands\RenderCheck.php(26): App\Controllers\FMS_DeliveryReceipt->__construct()
 6 SYSTEMPATH\CLI\Commands.php(70): App\Commands\RenderCheck->run([...])
 7 SYSTEMPATH\CLI\Console.php(48): CodeIgniter\CLI\Commands->run('test:render', [...])
 8 SYSTEMPATH\Boot.php(360): CodeIgniter\CLI\Console->run()
 9 SYSTEMPATH\Boot.php(104): CodeIgniter\Boot::runCommand(Object(CodeIgniter\CLI\Console))
10 ROOTPATH\spark(84): CodeIgniter\Boot::bootSpark(Object(Config\Paths))
WARNING - 2026-10-06 08:03:32 --> [DEPRECATED] Creation of dynamic property App\Controllers\FMS_DeliveryReceipt::$drModel is deprecated in APPPATH\Controllers\FMS_DeliveryReceipt.php on line 12.
 1 APPPATH\Commands\RenderCheck.php(26): App\Controllers\FMS_DeliveryReceipt->__construct()
 2 SYSTEMPATH\CLI\Commands.php(70): App\Commands\RenderCheck->run([...])
 3 SYSTEMPATH\CLI\Console.php(48): CodeIgniter\CLI\Commands->run('test:render', [...])
 4 SYSTEMPATH\Boot.php(360): CodeIgniter\CLI\Console->run()
 5 SYSTEMPATH\Boot.php(104): CodeIgniter\Boot::runCommand(Object(CodeIgniter\CLI\Console))
 6 ROOTPATH\spark(84): CodeIgniter\Boot::bootSpark(Object(Config\Paths))
WARNING - 2026-10-06 08:03:32 --> [DEPRECATED] Creation of dynamic property App\Controllers\FMS_DeliveryReceipt::$db is deprecated in APPPATH\Controllers\FMS_DeliveryReceipt.php on line 13.
 1 APPPATH\Commands\RenderCheck.php(26): App\Controllers\FMS_DeliveryReceipt->__construct()
 2 SYSTEMPATH\CLI\Commands.php(70): App\Commands\RenderCheck->run([...])
 3 SYSTEMPATH\CLI\Console.php(48): CodeIgniter\CLI\Commands->run('test:render', [...])
 4 SYSTEMPATH\Boot.php(360): CodeIgniter\CLI\Console->run()
 5 SYSTEMPATH\Boot.php(104): CodeIgniter\Boot::runCommand(Object(CodeIgniter\CLI\Console))
 6 ROOTPATH\spark(84): CodeIgniter\Boot::bootSpark(Object(Config\Paths))
WARNING - 2026-10-06 08:03:32 --> [DEPRECATED] Creation of dynamic property App\Controllers\FMS_DeliveryReceipt::$session is deprecated in APPPATH\Controllers\FMS_DeliveryReceipt.php on line 14.
 1 APPPATH\Commands\RenderCheck.php(26): App\Controllers\FMS_DeliveryReceipt->__construct()
 2 SYSTEMPATH\CLI\Commands.php(70): App\Commands\RenderCheck->run([...])
 3 SYSTEMPATH\CLI\Console.php(48): CodeIgniter\CLI\Commands->run('test:render', [...])
 4 SYSTEMPATH\Boot.php(360): CodeIgniter\CLI\Console->run()
 5 SYSTEMPATH\Boot.php(104): CodeIgniter\Boot::runCommand(Object(CodeIgniter\CLI\Console))
 6 ROOTPATH\spark(84): CodeIgniter\Boot::bootSpark(Object(Config\Paths))
WARNING - 2026-10-06 08:03:32 --> [DEPRECATED] Creation of dynamic property App\Controllers\FMS_DeliveryReceipt::$cuser is deprecated in APPPATH\Controllers\FMS_DeliveryReceipt.php on line 15.
 1 APPPATH\Commands\RenderCheck.php(26): App\Controllers\FMS_DeliveryReceipt->__construct()
 2 SYSTEMPATH\CLI\Commands.php(70): App\Commands\RenderCheck->run([...])
 3 SYSTEMPATH\CLI\Console.php(48): CodeIgniter\CLI\Commands->run('test:render', [...])
 4 SYSTEMPATH\Boot.php(360): CodeIgniter\CLI\Console->run()
 5 SYSTEMPATH\Boot.php(104): CodeIgniter\Boot::runCommand(Object(CodeIgniter\CLI\Console))
 6 ROOTPATH\spark(84): CodeIgniter\Boot::bootSpark(Object(Config\Paths))
WARNING - 2026-10-06 08:03:32 --> [DEPRECATED] Creation of dynamic property CodeIgniter\View\View::$request is deprecated in APPPATH\Views\fms\delivery_receipt\dr-pdf.php on line 2.
 1 SYSTEMPATH\View\View.php(224): include('C:\\xampp\\htdocs\\larga-fms\\app\\Views\\fms\\delivery_receipt\\dr-pdf.php')
 2 SYSTEMPATH\View\View.php(227): CodeIgniter\View\View->CodeIgniter\View\{closure}()
 3 SYSTEMPATH\Common.php(1173): CodeIgniter\View\View->render('fms/delivery_receipt/dr-pdf', [], true)
 4 APPPATH\Controllers\FMS_DeliveryReceipt.php(157): view('fms/delivery_receipt/dr-pdf')
 5 APPPATH\Commands\RenderCheck.php(29): App\Controllers\FMS_DeliveryReceipt->index()
 6 SYSTEMPATH\CLI\Commands.php(70): App\Commands\RenderCheck->run([...])
 7 SYSTEMPATH\CLI\Console.php(48): CodeIgniter\CLI\Commands->run('test:render', [...])
 8 SYSTEMPATH\Boot.php(360): CodeIgniter\CLI\Console->run()
 9 SYSTEMPATH\Boot.php(104): CodeIgniter\Boot::runCommand(Object(CodeIgniter\CLI\Console))
10 ROOTPATH\spark(84): CodeIgniter\Boot::bootSpark(Object(Config\Paths))
WARNING - 2026-10-06 08:03:32 --> [DEPRECATED] Creation of dynamic property CodeIgniter\View\View::$db is deprecated in APPPATH\Views\fms\delivery_receipt\dr-pdf.php on line 3.
 1 SYSTEMPATH\View\View.php(224): include('C:\\xampp\\htdocs\\larga-fms\\app\\Views\\fms\\delivery_receipt\\dr-pdf.php')
 2 SYSTEMPATH\View\View.php(227): CodeIgniter\View\View->CodeIgniter\View\{closure}()
 3 SYSTEMPATH\Common.php(1173): CodeIgniter\View\View->render('fms/delivery_receipt/dr-pdf', [], true)
 4 APPPATH\Controllers\FMS_DeliveryReceipt.php(157): view('fms/delivery_receipt/dr-pdf')
 5 APPPATH\Commands\RenderCheck.php(29): App\Controllers\FMS_DeliveryReceipt->index()
 6 SYSTEMPATH\CLI\Commands.php(70): App\Commands\RenderCheck->run([...])
 7 SYSTEMPATH\CLI\Console.php(48): CodeIgniter\CLI\Commands->run('test:render', [...])
 8 SYSTEMPATH\Boot.php(360): CodeIgniter\CLI\Console->run()
 9 SYSTEMPATH\Boot.php(104): CodeIgniter\Boot::runCommand(Object(CodeIgniter\CLI\Console))
10 ROOTPATH\spark(84): CodeIgniter\Boot::bootSpark(Object(Config\Paths))
WARNING - 2026-10-06 08:03:32 --> [DEPRECATED] Creation of dynamic property CodeIgniter\View\View::$session is deprecated in APPPATH\Views\fms\delivery_receipt\dr-pdf.php on line 5.
 1 SYSTEMPATH\View\View.php(224): include('C:\\xampp\\htdocs\\larga-fms\\app\\Views\\fms\\delivery_receipt\\dr-pdf.php')
 2 SYSTEMPATH\View\View.php(227): CodeIgniter\View\View->CodeIgniter\View\{closure}()
 3 SYSTEMPATH\Common.php(1173): CodeIgniter\View\View->render('fms/delivery_receipt/dr-pdf', [], true)
 4 APPPATH\Controllers\FMS_DeliveryReceipt.php(157): view('fms/delivery_receipt/dr-pdf')
 5 APPPATH\Commands\RenderCheck.php(29): App\Controllers\FMS_DeliveryReceipt->index()
 6 SYSTEMPATH\CLI\Commands.php(70): App\Commands\RenderCheck->run([...])
 7 SYSTEMPATH\CLI\Console.php(48): CodeIgniter\CLI\Commands->run('test:render', [...])
 8 SYSTEMPATH\Boot.php(360): CodeIgniter\CLI\Console->run()
 9 SYSTEMPATH\Boot.php(104): CodeIgniter\Boot::runCommand(Object(CodeIgniter\CLI\Console))
10 ROOTPATH\spark(84): CodeIgniter\Boot::bootSpark(Object(Config\Paths))
WARNING - 2026-10-06 08:03:32 --> [DEPRECATED] Creation of dynamic property CodeIgniter\View\View::$cuser is deprecated in APPPATH\Views\fms\delivery_receipt\dr-pdf.php on line 6.
 1 SYSTEMPATH\View\View.php(224): include('C:\\xampp\\htdocs\\larga-fms\\app\\Views\\fms\\delivery_receipt\\dr-pdf.php')
 2 SYSTEMPATH\View\View.php(227): CodeIgniter\View\View->CodeIgniter\View\{closure}()
 3 SYSTEMPATH\Common.php(1173): CodeIgniter\View\View->render('fms/delivery_receipt/dr-pdf', [], true)
 4 APPPATH\Controllers\FMS_DeliveryReceipt.php(157): view('fms/delivery_receipt/dr-pdf')
 5 APPPATH\Commands\RenderCheck.php(29): App\Controllers\FMS_DeliveryReceipt->index()
 6 SYSTEMPATH\CLI\Commands.php(70): App\Commands\RenderCheck->run([...])
 7 SYSTEMPATH\CLI\Console.php(48): CodeIgniter\CLI\Commands->run('test:render', [...])
 8 SYSTEMPATH\Boot.php(360): CodeIgniter\CLI\Console->run()
 9 SYSTEMPATH\Boot.php(104): CodeIgniter\Boot::runCommand(Object(CodeIgniter\CLI\Console))
10 ROOTPATH\spark(84): CodeIgniter\Boot::bootSpark(Object(Config\Paths))
DEBUG - 2026-10-06 08:03:33 --> Session: Initialization under CLI aborted.
WARNING - 2026-10-06 08:03:33 --> [DEPRECATED] Creation of dynamic property App\Models\FMS_Dispatch_Model::$session is deprecated in APPPATH\Models\FMS_Dispatch_Model.php on line 11.
 1 SYSTEMPATH\Config\Factories.php(235): App\Models\FMS_Dispatch_Model->__construct(null)
 2 SYSTEMPATH\Config\Factories.php(169): CodeIgniter\Config\Factories::createInstance('models', 'App\\Models\\FMS_Dispatch_Model', [...])
 3 SYSTEMPATH\Common.php(804): CodeIgniter\Config\Factories::__callStatic('models', [...])
 4 APPPATH\Controllers\FMS_Dispatch.php(12): model('App\\Models\\FMS_Dispatch_Model')
 5 APPPATH\Commands\RenderCheck.php(26): App\Controllers\FMS_Dispatch->__construct()
 6 SYSTEMPATH\CLI\Commands.php(70): App\Commands\RenderCheck->run([...])
 7 SYSTEMPATH\CLI\Console.php(48): CodeIgniter\CLI\Commands->run('test:render', [...])
 8 SYSTEMPATH\Boot.php(360): CodeIgniter\CLI\Console->run()
 9 SYSTEMPATH\Boot.php(104): CodeIgniter\Boot::runCommand(Object(CodeIgniter\CLI\Console))
10 ROOTPATH\spark(84): CodeIgniter\Boot::bootSpark(Object(Config\Paths))
WARNING - 2026-10-06 08:03:33 --> [DEPRECATED] Creation of dynamic property App\Models\FMS_Dispatch_Model::$request is deprecated in APPPATH\Models\FMS_Dispatch_Model.php on line 12.
 1 SYSTEMPATH\Config\Factories.php(235): App\Models\FMS_Dispatch_Model->__construct(null)
 2 SYSTEMPATH\Config\Factories.php(169): CodeIgniter\Config\Factories::createInstance('models', 'App\\Models\\FMS_Dispatch_Model', [...])
 3 SYSTEMPATH\Common.php(804): CodeIgniter\Config\Factories::__callStatic('models', [...])
 4 APPPATH\Controllers\FMS_Dispatch.php(12): model('App\\Models\\FMS_Dispatch_Model')
 5 APPPATH\Commands\RenderCheck.php(26): App\Controllers\FMS_Dispatch->__construct()
 6 SYSTEMPATH\CLI\Commands.php(70): App\Commands\RenderCheck->run([...])
 7 SYSTEMPATH\CLI\Console.php(48): CodeIgniter\CLI\Commands->run('test:render', [...])
 8 SYSTEMPATH\Boot.php(360): CodeIgniter\CLI\Console->run()
 9 SYSTEMPATH\Boot.php(104): CodeIgniter\Boot::runCommand(Object(CodeIgniter\CLI\Console))
10 ROOTPATH\spark(84): CodeIgniter\Boot::bootSpark(Object(Config\Paths))
WARNING - 2026-10-06 08:03:33 --> [DEPRECATED] Creation of dynamic property App\Models\FMS_Dispatch_Model::$cuser is deprecated in APPPATH\Models\FMS_Dispatch_Model.php on line 14.
 1 SYSTEMPATH\Config\Factories.php(235): App\Models\FMS_Dispatch_Model->__construct(null)
 2 SYSTEMPATH\Config\Factories.php(169): CodeIgniter\Config\Factories::createInstance('models', 'App\\Models\\FMS_Dispatch_Model', [...])
 3 SYSTEMPATH\Common.php(804): CodeIgniter\Config\Factories::__callStatic('models', [...])
 4 APPPATH\Controllers\FMS_Dispatch.php(12): model('App\\Models\\FMS_Dispatch_Model')
 5 APPPATH\Commands\RenderCheck.php(26): App\Controllers\FMS_Dispatch->__construct()
 6 SYSTEMPATH\CLI\Commands.php(70): App\Commands\RenderCheck->run([...])
 7 SYSTEMPATH\CLI\Console.php(48): CodeIgniter\CLI\Commands->run('test:render', [...])
 8 SYSTEMPATH\Boot.php(360): CodeIgniter\CLI\Console->run()
 9 SYSTEMPATH\Boot.php(104): CodeIgniter\Boot::runCommand(Object(CodeIgniter\CLI\Console))
10 ROOTPATH\spark(84): CodeIgniter\Boot::bootSpark(Object(Config\Paths))
WARNING - 2026-10-06 08:03:33 --> [DEPRECATED] Creation of dynamic property App\Controllers\FMS_Dispatch::$dispatchModel is deprecated in APPPATH\Controllers\FMS_Dispatch.php on line 12.
 1 APPPATH\Commands\RenderCheck.php(26): App\Controllers\FMS_Dispatch->__construct()
 2 SYSTEMPATH\CLI\Commands.php(70): App\Commands\RenderCheck->run([...])
 3 SYSTEMPATH\CLI\Console.php(48): CodeIgniter\CLI\Commands->run('test:render', [...])
 4 SYSTEMPATH\Boot.php(360): CodeIgniter\CLI\Console->run()
 5 SYSTEMPATH\Boot.php(104): CodeIgniter\Boot::runCommand(Object(CodeIgniter\CLI\Console))
 6 ROOTPATH\spark(84): CodeIgniter\Boot::bootSpark(Object(Config\Paths))
WARNING - 2026-10-06 08:03:33 --> [DEPRECATED] Creation of dynamic property App\Controllers\FMS_Dispatch::$db is deprecated in APPPATH\Controllers\FMS_Dispatch.php on line 13.
 1 APPPATH\Commands\RenderCheck.php(26): App\Controllers\FMS_Dispatch->__construct()
 2 SYSTEMPATH\CLI\Commands.php(70): App\Commands\RenderCheck->run([...])
 3 SYSTEMPATH\CLI\Console.php(48): CodeIgniter\CLI\Commands->run('test:render', [...])
 4 SYSTEMPATH\Boot.php(360): CodeIgniter\CLI\Console->run()
 5 SYSTEMPATH\Boot.php(104): CodeIgniter\Boot::runCommand(Object(CodeIgniter\CLI\Console))
 6 ROOTPATH\spark(84): CodeIgniter\Boot::bootSpark(Object(Config\Paths))
WARNING - 2026-10-06 08:03:33 --> [DEPRECATED] Creation of dynamic property App\Controllers\FMS_Dispatch::$session is deprecated in APPPATH\Controllers\FMS_Dispatch.php on line 14.
 1 APPPATH\Commands\RenderCheck.php(26): App\Controllers\FMS_Dispatch->__construct()
 2 SYSTEMPATH\CLI\Commands.php(70): App\Commands\RenderCheck->run([...])
 3 SYSTEMPATH\CLI\Console.php(48): CodeIgniter\CLI\Commands->run('test:render', [...])
 4 SYSTEMPATH\Boot.php(360): CodeIgniter\CLI\Console->run()
 5 SYSTEMPATH\Boot.php(104): CodeIgniter\Boot::runCommand(Object(CodeIgniter\CLI\Console))
 6 ROOTPATH\spark(84): CodeIgniter\Boot::bootSpark(Object(Config\Paths))
WARNING - 2026-10-06 08:03:33 --> [DEPRECATED] Creation of dynamic property App\Controllers\FMS_Dispatch::$cuser is deprecated in APPPATH\Controllers\FMS_Dispatch.php on line 15.
 1 APPPATH\Commands\RenderCheck.php(26): App\Controllers\FMS_Dispatch->__construct()
 2 SYSTEMPATH\CLI\Commands.php(70): App\Commands\RenderCheck->run([...])
 3 SYSTEMPATH\CLI\Console.php(48): CodeIgniter\CLI\Commands->run('test:render', [...])
 4 SYSTEMPATH\Boot.php(360): CodeIgniter\CLI\Console->run()
 5 SYSTEMPATH\Boot.php(104): CodeIgniter\Boot::runCommand(Object(CodeIgniter\CLI\Console))
 6 ROOTPATH\spark(84): CodeIgniter\Boot::bootSpark(Object(Config\Paths))
WARNING - 2026-10-06 08:03:33 --> [DEPRECATED] Creation of dynamic property CodeIgniter\View\View::$request is deprecated in APPPATH\Views\fms\dispatch\dispatch-pdf-preview.php on line 2.
 1 SYSTEMPATH\View\View.php(224): include('C:\\xampp\\htdocs\\larga-fms\\app\\Views\\fms\\dispatch\\dispatch-pdf-preview.php')
 2 SYSTEMPATH\View\View.php(227): CodeIgniter\View\View->CodeIgniter\View\{closure}()
 3 SYSTEMPATH\Common.php(1173): CodeIgniter\View\View->render('fms/dispatch/dispatch-pdf-preview', [], true)
 4 APPPATH\Controllers\FMS_Dispatch.php(186): view('fms/dispatch/dispatch-pdf-preview')
 5 APPPATH\Commands\RenderCheck.php(29): App\Controllers\FMS_Dispatch->index()
 6 SYSTEMPATH\CLI\Commands.php(70): App\Commands\RenderCheck->run([...])
 7 SYSTEMPATH\CLI\Console.php(48): CodeIgniter\CLI\Commands->run('test:render', [...])
 8 SYSTEMPATH\Boot.php(360): CodeIgniter\CLI\Console->run()
 9 SYSTEMPATH\Boot.php(104): CodeIgniter\Boot::runCommand(Object(CodeIgniter\CLI\Console))
10 ROOTPATH\spark(84): CodeIgniter\Boot::bootSpark(Object(Config\Paths))
WARNING - 2026-10-06 08:03:33 --> [DEPRECATED] Creation of dynamic property CodeIgniter\View\View::$db is deprecated in APPPATH\Views\fms\dispatch\dispatch-pdf-preview.php on line 3.
 1 SYSTEMPATH\View\View.php(224): include('C:\\xampp\\htdocs\\larga-fms\\app\\Views\\fms\\dispatch\\dispatch-pdf-preview.php')
 2 SYSTEMPATH\View\View.php(227): CodeIgniter\View\View->CodeIgniter\View\{closure}()
 3 SYSTEMPATH\Common.php(1173): CodeIgniter\View\View->render('fms/dispatch/dispatch-pdf-preview', [], true)
 4 APPPATH\Controllers\FMS_Dispatch.php(186): view('fms/dispatch/dispatch-pdf-preview')
 5 APPPATH\Commands\RenderCheck.php(29): App\Controllers\FMS_Dispatch->index()
 6 SYSTEMPATH\CLI\Commands.php(70): App\Commands\RenderCheck->run([...])
 7 SYSTEMPATH\CLI\Console.php(48): CodeIgniter\CLI\Commands->run('test:render', [...])
 8 SYSTEMPATH\Boot.php(360): CodeIgniter\CLI\Console->run()
 9 SYSTEMPATH\Boot.php(104): CodeIgniter\Boot::runCommand(Object(CodeIgniter\CLI\Console))
10 ROOTPATH\spark(84): CodeIgniter\Boot::bootSpark(Object(Config\Paths))
WARNING - 2026-10-06 08:03:33 --> [DEPRECATED] Creation of dynamic property CodeIgniter\View\View::$session is deprecated in APPPATH\Views\fms\dispatch\dispatch-pdf-preview.php on line 5.
 1 SYSTEMPATH\View\View.php(224): include('C:\\xampp\\htdocs\\larga-fms\\app\\Views\\fms\\dispatch\\dispatch-pdf-preview.php')
 2 SYSTEMPATH\View\View.php(227): CodeIgniter\View\View->CodeIgniter\View\{closure}()
 3 SYSTEMPATH\Common.php(1173): CodeIgniter\View\View->render('fms/dispatch/dispatch-pdf-preview', [], true)
 4 APPPATH\Controllers\FMS_Dispatch.php(186): view('fms/dispatch/dispatch-pdf-preview')
 5 APPPATH\Commands\RenderCheck.php(29): App\Controllers\FMS_Dispatch->index()
 6 SYSTEMPATH\CLI\Commands.php(70): App\Commands\RenderCheck->run([...])
 7 SYSTEMPATH\CLI\Console.php(48): CodeIgniter\CLI\Commands->run('test:render', [...])
 8 SYSTEMPATH\Boot.php(360): CodeIgniter\CLI\Console->run()
 9 SYSTEMPATH\Boot.php(104): CodeIgniter\Boot::runCommand(Object(CodeIgniter\CLI\Console))
10 ROOTPATH\spark(84): CodeIgniter\Boot::bootSpark(Object(Config\Paths))
WARNING - 2026-10-06 08:03:33 --> [DEPRECATED] Creation of dynamic property CodeIgniter\View\View::$cuser is deprecated in APPPATH\Views\fms\dispatch\dispatch-pdf-preview.php on line 6.
 1 SYSTEMPATH\View\View.php(224): include('C:\\xampp\\htdocs\\larga-fms\\app\\Views\\fms\\dispatch\\dispatch-pdf-preview.php')
 2 SYSTEMPATH\View\View.php(227): CodeIgniter\View\View->CodeIgniter\View\{closure}()
 3 SYSTEMPATH\Common.php(1173): CodeIgniter\View\View->render('fms/dispatch/dispatch-pdf-preview', [], true)
 4 APPPATH\Controllers\FMS_Dispatch.php(186): view('fms/dispatch/dispatch-pdf-preview')
 5 APPPATH\Commands\RenderCheck.php(29): App\Controllers\FMS_Dispatch->index()
 6 SYSTEMPATH\CLI\Commands.php(70): App\Commands\RenderCheck->run([...])
 7 SYSTEMPATH\CLI\Console.php(48): CodeIgniter\CLI\Commands->run('test:render', [...])
 8 SYSTEMPATH\Boot.php(360): CodeIgniter\CLI\Console->run()
 9 SYSTEMPATH\Boot.php(104): CodeIgniter\Boot::runCommand(Object(CodeIgniter\CLI\Console))
10 ROOTPATH\spark(84): CodeIgniter\Boot::bootSpark(Object(Config\Paths))
DEBUG - 2026-10-06 08:03:33 --> Session: Initialization under CLI aborted.
WARNING - 2026-10-06 08:03:33 --> [DEPRECATED] Creation of dynamic property App\Models\FMS_Invoice_Model::$session is deprecated in APPPATH\Models\FMS_Invoice_Model.php on line 11.
 1 SYSTEMPATH\Config\Factories.php(235): App\Models\FMS_Invoice_Model->__construct(null)
 2 SYSTEMPATH\Config\Factories.php(169): CodeIgniter\Config\Factories::createInstance('models', 'App\\Models\\FMS_Invoice_Model', [...])
 3 SYSTEMPATH\Common.php(804): CodeIgniter\Config\Factories::__callStatic('models', [...])
 4 APPPATH\Controllers\FMS_Invoice.php(12): model('App\\Models\\FMS_Invoice_Model')
 5 APPPATH\Commands\RenderCheck.php(26): App\Controllers\FMS_Invoice->__construct()
 6 SYSTEMPATH\CLI\Commands.php(70): App\Commands\RenderCheck->run([...])
 7 SYSTEMPATH\CLI\Console.php(48): CodeIgniter\CLI\Commands->run('test:render', [...])
 8 SYSTEMPATH\Boot.php(360): CodeIgniter\CLI\Console->run()
 9 SYSTEMPATH\Boot.php(104): CodeIgniter\Boot::runCommand(Object(CodeIgniter\CLI\Console))
10 ROOTPATH\spark(84): CodeIgniter\Boot::bootSpark(Object(Config\Paths))
WARNING - 2026-10-06 08:03:33 --> [DEPRECATED] Creation of dynamic property App\Models\FMS_Invoice_Model::$request is deprecated in APPPATH\Models\FMS_Invoice_Model.php on line 12.
 1 SYSTEMPATH\Config\Factories.php(235): App\Models\FMS_Invoice_Model->__construct(null)
 2 SYSTEMPATH\Config\Factories.php(169): CodeIgniter\Config\Factories::createInstance('models', 'App\\Models\\FMS_Invoice_Model', [...])
 3 SYSTEMPATH\Common.php(804): CodeIgniter\Config\Factories::__callStatic('models', [...])
 4 APPPATH\Controllers\FMS_Invoice.php(12): model('App\\Models\\FMS_Invoice_Model')
 5 APPPATH\Commands\RenderCheck.php(26): App\Controllers\FMS_Invoice->__construct()
 6 SYSTEMPATH\CLI\Commands.php(70): App\Commands\RenderCheck->run([...])
 7 SYSTEMPATH\CLI\Console.php(48): CodeIgniter\CLI\Commands->run('test:render', [...])
 8 SYSTEMPATH\Boot.php(360): CodeIgniter\CLI\Console->run()
 9 SYSTEMPATH\Boot.php(104): CodeIgniter\Boot::runCommand(Object(CodeIgniter\CLI\Console))
10 ROOTPATH\spark(84): CodeIgniter\Boot::bootSpark(Object(Config\Paths))
WARNING - 2026-10-06 08:03:33 --> [DEPRECATED] Creation of dynamic property App\Models\FMS_Invoice_Model::$cuser is deprecated in APPPATH\Models\FMS_Invoice_Model.php on line 14.
 1 SYSTEMPATH\Config\Factories.php(235): App\Models\FMS_Invoice_Model->__construct(null)
 2 SYSTEMPATH\Config\Factories.php(169): CodeIgniter\Config\Factories::createInstance('models', 'App\\Models\\FMS_Invoice_Model', [...])
 3 SYSTEMPATH\Common.php(804): CodeIgniter\Config\Factories::__callStatic('models', [...])
 4 APPPATH\Controllers\FMS_Invoice.php(12): model('App\\Models\\FMS_Invoice_Model')
 5 APPPATH\Commands\RenderCheck.php(26): App\Controllers\FMS_Invoice->__construct()
 6 SYSTEMPATH\CLI\Commands.php(70): App\Commands\RenderCheck->run([...])
 7 SYSTEMPATH\CLI\Console.php(48): CodeIgniter\CLI\Commands->run('test:render', [...])
 8 SYSTEMPATH\Boot.php(360): CodeIgniter\CLI\Console->run()
 9 SYSTEMPATH\Boot.php(104): CodeIgniter\Boot::runCommand(Object(CodeIgniter\CLI\Console))
10 ROOTPATH\spark(84): CodeIgniter\Boot::bootSpark(Object(Config\Paths))
WARNING - 2026-10-06 08:03:33 --> [DEPRECATED] Creation of dynamic property App\Controllers\FMS_Invoice::$invoiceModel is deprecated in APPPATH\Controllers\FMS_Invoice.php on line 12.
 1 APPPATH\Commands\RenderCheck.php(26): App\Controllers\FMS_Invoice->__construct()
 2 SYSTEMPATH\CLI\Commands.php(70): App\Commands\RenderCheck->run([...])
 3 SYSTEMPATH\CLI\Console.php(48): CodeIgniter\CLI\Commands->run('test:render', [...])
 4 SYSTEMPATH\Boot.php(360): CodeIgniter\CLI\Console->run()
 5 SYSTEMPATH\Boot.php(104): CodeIgniter\Boot::runCommand(Object(CodeIgniter\CLI\Console))
 6 ROOTPATH\spark(84): CodeIgniter\Boot::bootSpark(Object(Config\Paths))
WARNING - 2026-10-06 08:03:33 --> [DEPRECATED] Creation of dynamic property App\Controllers\FMS_Invoice::$db is deprecated in APPPATH\Controllers\FMS_Invoice.php on line 13.
 1 APPPATH\Commands\RenderCheck.php(26): App\Controllers\FMS_Invoice->__construct()
 2 SYSTEMPATH\CLI\Commands.php(70): App\Commands\RenderCheck->run([...])
 3 SYSTEMPATH\CLI\Console.php(48): CodeIgniter\CLI\Commands->run('test:render', [...])
 4 SYSTEMPATH\Boot.php(360): CodeIgniter\CLI\Console->run()
 5 SYSTEMPATH\Boot.php(104): CodeIgniter\Boot::runCommand(Object(CodeIgniter\CLI\Console))
 6 ROOTPATH\spark(84): CodeIgniter\Boot::bootSpark(Object(Config\Paths))
WARNING - 2026-10-06 08:03:33 --> [DEPRECATED] Creation of dynamic property App\Controllers\FMS_Invoice::$session is deprecated in APPPATH\Controllers\FMS_Invoice.php on line 14.
 1 APPPATH\Commands\RenderCheck.php(26): App\Controllers\FMS_Invoice->__construct()
 2 SYSTEMPATH\CLI\Commands.php(70): App\Commands\RenderCheck->run([...])
 3 SYSTEMPATH\CLI\Console.php(48): CodeIgniter\CLI\Commands->run('test:render', [...])
 4 SYSTEMPATH\Boot.php(360): CodeIgniter\CLI\Console->run()
 5 SYSTEMPATH\Boot.php(104): CodeIgniter\Boot::runCommand(Object(CodeIgniter\CLI\Console))
 6 ROOTPATH\spark(84): CodeIgniter\Boot::bootSpark(Object(Config\Paths))
WARNING - 2026-10-06 08:03:33 --> [DEPRECATED] Creation of dynamic property App\Controllers\FMS_Invoice::$cuser is deprecated in APPPATH\Controllers\FMS_Invoice.php on line 15.
 1 APPPATH\Commands\RenderCheck.php(26): App\Controllers\FMS_Invoice->__construct()
 2 SYSTEMPATH\CLI\Commands.php(70): App\Commands\RenderCheck->run([...])
 3 SYSTEMPATH\CLI\Console.php(48): CodeIgniter\CLI\Commands->run('test:render', [...])
 4 SYSTEMPATH\Boot.php(360): CodeIgniter\CLI\Console->run()
 5 SYSTEMPATH\Boot.php(104): CodeIgniter\Boot::runCommand(Object(CodeIgniter\CLI\Console))
 6 ROOTPATH\spark(84): CodeIgniter\Boot::bootSpark(Object(Config\Paths))
WARNING - 2026-10-06 08:03:33 --> [DEPRECATED] Creation of dynamic property CodeIgniter\View\View::$request is deprecated in APPPATH\Views\fms\invoice\invoice-pdf.php on line 2.
 1 SYSTEMPATH\View\View.php(224): include('C:\\xampp\\htdocs\\larga-fms\\app\\Views\\fms\\invoice\\invoice-pdf.php')
 2 SYSTEMPATH\View\View.php(227): CodeIgniter\View\View->CodeIgniter\View\{closure}()
 3 SYSTEMPATH\Common.php(1173): CodeIgniter\View\View->render('fms/invoice/invoice-pdf', [], true)
 4 APPPATH\Controllers\FMS_Invoice.php(77): view('fms/invoice/invoice-pdf')
 5 APPPATH\Commands\RenderCheck.php(29): App\Controllers\FMS_Invoice->index()
 6 SYSTEMPATH\CLI\Commands.php(70): App\Commands\RenderCheck->run([...])
 7 SYSTEMPATH\CLI\Console.php(48): CodeIgniter\CLI\Commands->run('test:render', [...])
 8 SYSTEMPATH\Boot.php(360): CodeIgniter\CLI\Console->run()
 9 SYSTEMPATH\Boot.php(104): CodeIgniter\Boot::runCommand(Object(CodeIgniter\CLI\Console))
10 ROOTPATH\spark(84): CodeIgniter\Boot::bootSpark(Object(Config\Paths))
WARNING - 2026-10-06 08:03:33 --> [DEPRECATED] Creation of dynamic property CodeIgniter\View\View::$db is deprecated in APPPATH\Views\fms\invoice\invoice-pdf.php on line 3.
 1 SYSTEMPATH\View\View.php(224): include('C:\\xampp\\htdocs\\larga-fms\\app\\Views\\fms\\invoice\\invoice-pdf.php')
 2 SYSTEMPATH\View\View.php(227): CodeIgniter\View\View->CodeIgniter\View\{closure}()
 3 SYSTEMPATH\Common.php(1173): CodeIgniter\View\View->render('fms/invoice/invoice-pdf', [], true)
 4 APPPATH\Controllers\FMS_Invoice.php(77): view('fms/invoice/invoice-pdf')
 5 APPPATH\Commands\RenderCheck.php(29): App\Controllers\FMS_Invoice->index()
 6 SYSTEMPATH\CLI\Commands.php(70): App\Commands\RenderCheck->run([...])
 7 SYSTEMPATH\CLI\Console.php(48): CodeIgniter\CLI\Commands->run('test:render', [...])
 8 SYSTEMPATH\Boot.php(360): CodeIgniter\CLI\Console->run()
 9 SYSTEMPATH\Boot.php(104): CodeIgniter\Boot::runCommand(Object(CodeIgniter\CLI\Console))
10 ROOTPATH\spark(84): CodeIgniter\Boot::bootSpark(Object(Config\Paths))
WARNING - 2026-10-06 08:03:33 --> [DEPRECATED] Creation of dynamic property CodeIgniter\View\View::$session is deprecated in APPPATH\Views\fms\invoice\invoice-pdf.php on line 5.
 1 SYSTEMPATH\View\View.php(224): include('C:\\xampp\\htdocs\\larga-fms\\app\\Views\\fms\\invoice\\invoice-pdf.php')
 2 SYSTEMPATH\View\View.php(227): CodeIgniter\View\View->CodeIgniter\View\{closure}()
 3 SYSTEMPATH\Common.php(1173): CodeIgniter\View\View->render('fms/invoice/invoice-pdf', [], true)
 4 APPPATH\Controllers\FMS_Invoice.php(77): view('fms/invoice/invoice-pdf')
 5 APPPATH\Commands\RenderCheck.php(29): App\Controllers\FMS_Invoice->index()
 6 SYSTEMPATH\CLI\Commands.php(70): App\Commands\RenderCheck->run([...])
 7 SYSTEMPATH\CLI\Console.php(48): CodeIgniter\CLI\Commands->run('test:render', [...])
 8 SYSTEMPATH\Boot.php(360): CodeIgniter\CLI\Console->run()
 9 SYSTEMPATH\Boot.php(104): CodeIgniter\Boot::runCommand(Object(CodeIgniter\CLI\Console))
10 ROOTPATH\spark(84): CodeIgniter\Boot::bootSpark(Object(Config\Paths))
WARNING - 2026-10-06 08:03:33 --> [DEPRECATED] Creation of dynamic property CodeIgniter\View\View::$cuser is deprecated in APPPATH\Views\fms\invoice\invoice-pdf.php on line 6.
 1 SYSTEMPATH\View\View.php(224): include('C:\\xampp\\htdocs\\larga-fms\\app\\Views\\fms\\invoice\\invoice-pdf.php')
 2 SYSTEMPATH\View\View.php(227): CodeIgniter\View\View->CodeIgniter\View\{closure}()
 3 SYSTEMPATH\Common.php(1173): CodeIgniter\View\View->render('fms/invoice/invoice-pdf', [], true)
 4 APPPATH\Controllers\FMS_Invoice.php(77): view('fms/invoice/invoice-pdf')
 5 APPPATH\Commands\RenderCheck.php(29): App\Controllers\FMS_Invoice->index()
 6 SYSTEMPATH\CLI\Commands.php(70): App\Commands\RenderCheck->run([...])
 7 SYSTEMPATH\CLI\Console.php(48): CodeIgniter\CLI\Commands->run('test:render', [...])
 8 SYSTEMPATH\Boot.php(360): CodeIgniter\CLI\Console->run()
 9 SYSTEMPATH\Boot.php(104): CodeIgniter\Boot::runCommand(Object(CodeIgniter\CLI\Console))
10 ROOTPATH\spark(84): CodeIgniter\Boot::bootSpark(Object(Config\Paths))
DEBUG - 2026-10-06 08:03:34 --> Session: Initialization under CLI aborted.
WARNING - 2026-10-06 08:03:34 --> [DEPRECATED] Creation of dynamic property App\Models\FMS_SOA_Model::$session is deprecated in APPPATH\Models\FMS_SOA_Model.php on line 11.
 1 SYSTEMPATH\Config\Factories.php(235): App\Models\FMS_SOA_Model->__construct(null)
 2 SYSTEMPATH\Config\Factories.php(169): CodeIgniter\Config\Factories::createInstance('models', 'App\\Models\\FMS_SOA_Model', [...])
 3 SYSTEMPATH\Common.php(804): CodeIgniter\Config\Factories::__callStatic('models', [...])
 4 APPPATH\Controllers\FMS_SOA.php(12): model('App\\Models\\FMS_SOA_Model')
 5 APPPATH\Commands\RenderCheck.php(26): App\Controllers\FMS_SOA->__construct()
 6 SYSTEMPATH\CLI\Commands.php(70): App\Commands\RenderCheck->run([...])
 7 SYSTEMPATH\CLI\Console.php(48): CodeIgniter\CLI\Commands->run('test:render', [...])
 8 SYSTEMPATH\Boot.php(360): CodeIgniter\CLI\Console->run()
 9 SYSTEMPATH\Boot.php(104): CodeIgniter\Boot::runCommand(Object(CodeIgniter\CLI\Console))
10 ROOTPATH\spark(84): CodeIgniter\Boot::bootSpark(Object(Config\Paths))
WARNING - 2026-10-06 08:03:34 --> [DEPRECATED] Creation of dynamic property App\Models\FMS_SOA_Model::$request is deprecated in APPPATH\Models\FMS_SOA_Model.php on line 12.
 1 SYSTEMPATH\Config\Factories.php(235): App\Models\FMS_SOA_Model->__construct(null)
 2 SYSTEMPATH\Config\Factories.php(169): CodeIgniter\Config\Factories::createInstance('models', 'App\\Models\\FMS_SOA_Model', [...])
 3 SYSTEMPATH\Common.php(804): CodeIgniter\Config\Factories::__callStatic('models', [...])
 4 APPPATH\Controllers\FMS_SOA.php(12): model('App\\Models\\FMS_SOA_Model')
 5 APPPATH\Commands\RenderCheck.php(26): App\Controllers\FMS_SOA->__construct()
 6 SYSTEMPATH\CLI\Commands.php(70): App\Commands\RenderCheck->run([...])
 7 SYSTEMPATH\CLI\Console.php(48): CodeIgniter\CLI\Commands->run('test:render', [...])
 8 SYSTEMPATH\Boot.php(360): CodeIgniter\CLI\Console->run()
 9 SYSTEMPATH\Boot.php(104): CodeIgniter\Boot::runCommand(Object(CodeIgniter\CLI\Console))
10 ROOTPATH\spark(84): CodeIgniter\Boot::bootSpark(Object(Config\Paths))
WARNING - 2026-10-06 08:03:34 --> [DEPRECATED] Creation of dynamic property App\Models\FMS_SOA_Model::$cuser is deprecated in APPPATH\Models\FMS_SOA_Model.php on line 14.
 1 SYSTEMPATH\Config\Factories.php(235): App\Models\FMS_SOA_Model->__construct(null)
 2 SYSTEMPATH\Config\Factories.php(169): CodeIgniter\Config\Factories::createInstance('models', 'App\\Models\\FMS_SOA_Model', [...])
 3 SYSTEMPATH\Common.php(804): CodeIgniter\Config\Factories::__callStatic('models', [...])
 4 APPPATH\Controllers\FMS_SOA.php(12): model('App\\Models\\FMS_SOA_Model')
 5 APPPATH\Commands\RenderCheck.php(26): App\Controllers\FMS_SOA->__construct()
 6 SYSTEMPATH\CLI\Commands.php(70): App\Commands\RenderCheck->run([...])
 7 SYSTEMPATH\CLI\Console.php(48): CodeIgniter\CLI\Commands->run('test:render', [...])
 8 SYSTEMPATH\Boot.php(360): CodeIgniter\CLI\Console->run()
 9 SYSTEMPATH\Boot.php(104): CodeIgniter\Boot::runCommand(Object(CodeIgniter\CLI\Console))
10 ROOTPATH\spark(84): CodeIgniter\Boot::bootSpark(Object(Config\Paths))
WARNING - 2026-10-06 08:03:34 --> [DEPRECATED] Creation of dynamic property App\Controllers\FMS_SOA::$soaModel is deprecated in APPPATH\Controllers\FMS_SOA.php on line 12.
 1 APPPATH\Commands\RenderCheck.php(26): App\Controllers\FMS_SOA->__construct()
 2 SYSTEMPATH\CLI\Commands.php(70): App\Commands\RenderCheck->run([...])
 3 SYSTEMPATH\CLI\Console.php(48): CodeIgniter\CLI\Commands->run('test:render', [...])
 4 SYSTEMPATH\Boot.php(360): CodeIgniter\CLI\Console->run()
 5 SYSTEMPATH\Boot.php(104): CodeIgniter\Boot::runCommand(Object(CodeIgniter\CLI\Console))
 6 ROOTPATH\spark(84): CodeIgniter\Boot::bootSpark(Object(Config\Paths))
WARNING - 2026-10-06 08:03:34 --> [DEPRECATED] Creation of dynamic property App\Controllers\FMS_SOA::$db is deprecated in APPPATH\Controllers\FMS_SOA.php on line 13.
 1 APPPATH\Commands\RenderCheck.php(26): App\Controllers\FMS_SOA->__construct()
 2 SYSTEMPATH\CLI\Commands.php(70): App\Commands\RenderCheck->run([...])
 3 SYSTEMPATH\CLI\Console.php(48): CodeIgniter\CLI\Commands->run('test:render', [...])
 4 SYSTEMPATH\Boot.php(360): CodeIgniter\CLI\Console->run()
 5 SYSTEMPATH\Boot.php(104): CodeIgniter\Boot::runCommand(Object(CodeIgniter\CLI\Console))
 6 ROOTPATH\spark(84): CodeIgniter\Boot::bootSpark(Object(Config\Paths))
WARNING - 2026-10-06 08:03:34 --> [DEPRECATED] Creation of dynamic property App\Controllers\FMS_SOA::$session is deprecated in APPPATH\Controllers\FMS_SOA.php on line 14.
 1 APPPATH\Commands\RenderCheck.php(26): App\Controllers\FMS_SOA->__construct()
 2 SYSTEMPATH\CLI\Commands.php(70): App\Commands\RenderCheck->run([...])
 3 SYSTEMPATH\CLI\Console.php(48): CodeIgniter\CLI\Commands->run('test:render', [...])
 4 SYSTEMPATH\Boot.php(360): CodeIgniter\CLI\Console->run()
 5 SYSTEMPATH\Boot.php(104): CodeIgniter\Boot::runCommand(Object(CodeIgniter\CLI\Console))
 6 ROOTPATH\spark(84): CodeIgniter\Boot::bootSpark(Object(Config\Paths))
WARNING - 2026-10-06 08:03:34 --> [DEPRECATED] Creation of dynamic property App\Controllers\FMS_SOA::$cuser is deprecated in APPPATH\Controllers\FMS_SOA.php on line 15.
 1 APPPATH\Commands\RenderCheck.php(26): App\Controllers\FMS_SOA->__construct()
 2 SYSTEMPATH\CLI\Commands.php(70): App\Commands\RenderCheck->run([...])
 3 SYSTEMPATH\CLI\Console.php(48): CodeIgniter\CLI\Commands->run('test:render', [...])
 4 SYSTEMPATH\Boot.php(360): CodeIgniter\CLI\Console->run()
 5 SYSTEMPATH\Boot.php(104): CodeIgniter\Boot::runCommand(Object(CodeIgniter\CLI\Console))
 6 ROOTPATH\spark(84): CodeIgniter\Boot::bootSpark(Object(Config\Paths))
WARNING - 2026-10-06 08:03:34 --> [DEPRECATED] Creation of dynamic property CodeIgniter\View\View::$request is deprecated in APPPATH\Views\fms\soa\soa-pdf.php on line 2.
 1 SYSTEMPATH\View\View.php(224): include('C:\\xampp\\htdocs\\larga-fms\\app\\Views\\fms\\soa\\soa-pdf.php')
 2 SYSTEMPATH\View\View.php(227): CodeIgniter\View\View->CodeIgniter\View\{closure}()
 3 SYSTEMPATH\Common.php(1173): CodeIgniter\View\View->render('fms/soa/soa-pdf', [], true)
 4 APPPATH\Controllers\FMS_SOA.php(65): view('fms/soa/soa-pdf')
 5 APPPATH\Commands\RenderCheck.php(29): App\Controllers\FMS_SOA->index()
 6 SYSTEMPATH\CLI\Commands.php(70): App\Commands\RenderCheck->run([...])
 7 SYSTEMPATH\CLI\Console.php(48): CodeIgniter\CLI\Commands->run('test:render', [...])
 8 SYSTEMPATH\Boot.php(360): CodeIgniter\CLI\Console->run()
 9 SYSTEMPATH\Boot.php(104): CodeIgniter\Boot::runCommand(Object(CodeIgniter\CLI\Console))
10 ROOTPATH\spark(84): CodeIgniter\Boot::bootSpark(Object(Config\Paths))
WARNING - 2026-10-06 08:03:34 --> [DEPRECATED] Creation of dynamic property CodeIgniter\View\View::$db is deprecated in APPPATH\Views\fms\soa\soa-pdf.php on line 3.
 1 SYSTEMPATH\View\View.php(224): include('C:\\xampp\\htdocs\\larga-fms\\app\\Views\\fms\\soa\\soa-pdf.php')
 2 SYSTEMPATH\View\View.php(227): CodeIgniter\View\View->CodeIgniter\View\{closure}()
 3 SYSTEMPATH\Common.php(1173): CodeIgniter\View\View->render('fms/soa/soa-pdf', [], true)
 4 APPPATH\Controllers\FMS_SOA.php(65): view('fms/soa/soa-pdf')
 5 APPPATH\Commands\RenderCheck.php(29): App\Controllers\FMS_SOA->index()
 6 SYSTEMPATH\CLI\Commands.php(70): App\Commands\RenderCheck->run([...])
 7 SYSTEMPATH\CLI\Console.php(48): CodeIgniter\CLI\Commands->run('test:render', [...])
 8 SYSTEMPATH\Boot.php(360): CodeIgniter\CLI\Console->run()
 9 SYSTEMPATH\Boot.php(104): CodeIgniter\Boot::runCommand(Object(CodeIgniter\CLI\Console))
10 ROOTPATH\spark(84): CodeIgniter\Boot::bootSpark(Object(Config\Paths))
DEBUG - 2026-10-06 08:03:34 --> Session: Initialization under CLI aborted.
WARNING - 2026-10-06 08:03:34 --> [DEPRECATED] Creation of dynamic property App\Models\FMS_Trip_Model::$session is deprecated in APPPATH\Models\FMS_Trip_Model.php on line 11.
 1 SYSTEMPATH\Config\Factories.php(235): App\Models\FMS_Trip_Model->__construct(null)
 2 SYSTEMPATH\Config\Factories.php(169): CodeIgniter\Config\Factories::createInstance('models', 'App\\Models\\FMS_Trip_Model', [...])
 3 SYSTEMPATH\Common.php(804): CodeIgniter\Config\Factories::__callStatic('models', [...])
 4 APPPATH\Controllers\FMS_Trip.php(12): model('App\\Models\\FMS_Trip_Model')
 5 APPPATH\Commands\RenderCheck.php(26): App\Controllers\FMS_Trip->__construct()
 6 SYSTEMPATH\CLI\Commands.php(70): App\Commands\RenderCheck->run([...])
 7 SYSTEMPATH\CLI\Console.php(48): CodeIgniter\CLI\Commands->run('test:render', [...])
 8 SYSTEMPATH\Boot.php(360): CodeIgniter\CLI\Console->run()
 9 SYSTEMPATH\Boot.php(104): CodeIgniter\Boot::runCommand(Object(CodeIgniter\CLI\Console))
10 ROOTPATH\spark(84): CodeIgniter\Boot::bootSpark(Object(Config\Paths))
WARNING - 2026-10-06 08:03:34 --> [DEPRECATED] Creation of dynamic property App\Models\FMS_Trip_Model::$request is deprecated in APPPATH\Models\FMS_Trip_Model.php on line 12.
 1 SYSTEMPATH\Config\Factories.php(235): App\Models\FMS_Trip_Model->__construct(null)
 2 SYSTEMPATH\Config\Factories.php(169): CodeIgniter\Config\Factories::createInstance('models', 'App\\Models\\FMS_Trip_Model', [...])
 3 SYSTEMPATH\Common.php(804): CodeIgniter\Config\Factories::__callStatic('models', [...])
 4 APPPATH\Controllers\FMS_Trip.php(12): model('App\\Models\\FMS_Trip_Model')
 5 APPPATH\Commands\RenderCheck.php(26): App\Controllers\FMS_Trip->__construct()
 6 SYSTEMPATH\CLI\Commands.php(70): App\Commands\RenderCheck->run([...])
 7 SYSTEMPATH\CLI\Console.php(48): CodeIgniter\CLI\Commands->run('test:render', [...])
 8 SYSTEMPATH\Boot.php(360): CodeIgniter\CLI\Console->run()
 9 SYSTEMPATH\Boot.php(104): CodeIgniter\Boot::runCommand(Object(CodeIgniter\CLI\Console))
10 ROOTPATH\spark(84): CodeIgniter\Boot::bootSpark(Object(Config\Paths))
WARNING - 2026-10-06 08:03:34 --> [DEPRECATED] Creation of dynamic property App\Models\FMS_Trip_Model::$cuser is deprecated in APPPATH\Models\FMS_Trip_Model.php on line 14.
 1 SYSTEMPATH\Config\Factories.php(235): App\Models\FMS_Trip_Model->__construct(null)
 2 SYSTEMPATH\Config\Factories.php(169): CodeIgniter\Config\Factories::createInstance('models', 'App\\Models\\FMS_Trip_Model', [...])
 3 SYSTEMPATH\Common.php(804): CodeIgniter\Config\Factories::__callStatic('models', [...])
 4 APPPATH\Controllers\FMS_Trip.php(12): model('App\\Models\\FMS_Trip_Model')
 5 APPPATH\Commands\RenderCheck.php(26): App\Controllers\FMS_Trip->__construct()
 6 SYSTEMPATH\CLI\Commands.php(70): App\Commands\RenderCheck->run([...])
 7 SYSTEMPATH\CLI\Console.php(48): CodeIgniter\CLI\Commands->run('test:render', [...])
 8 SYSTEMPATH\Boot.php(360): CodeIgniter\CLI\Console->run()
 9 SYSTEMPATH\Boot.php(104): CodeIgniter\Boot::runCommand(Object(CodeIgniter\CLI\Console))
10 ROOTPATH\spark(84): CodeIgniter\Boot::bootSpark(Object(Config\Paths))
WARNING - 2026-10-06 08:03:34 --> [DEPRECATED] Creation of dynamic property App\Controllers\FMS_Trip::$tripModel is deprecated in APPPATH\Controllers\FMS_Trip.php on line 12.
 1 APPPATH\Commands\RenderCheck.php(26): App\Controllers\FMS_Trip->__construct()
 2 SYSTEMPATH\CLI\Commands.php(70): App\Commands\RenderCheck->run([...])
 3 SYSTEMPATH\CLI\Console.php(48): CodeIgniter\CLI\Commands->run('test:render', [...])
 4 SYSTEMPATH\Boot.php(360): CodeIgniter\CLI\Console->run()
 5 SYSTEMPATH\Boot.php(104): CodeIgniter\Boot::runCommand(Object(CodeIgniter\CLI\Console))
 6 ROOTPATH\spark(84): CodeIgniter\Boot::bootSpark(Object(Config\Paths))
WARNING - 2026-10-06 08:03:34 --> [DEPRECATED] Creation of dynamic property App\Controllers\FMS_Trip::$db is deprecated in APPPATH\Controllers\FMS_Trip.php on line 13.
 1 APPPATH\Commands\RenderCheck.php(26): App\Controllers\FMS_Trip->__construct()
 2 SYSTEMPATH\CLI\Commands.php(70): App\Commands\RenderCheck->run([...])
 3 SYSTEMPATH\CLI\Console.php(48): CodeIgniter\CLI\Commands->run('test:render', [...])
 4 SYSTEMPATH\Boot.php(360): CodeIgniter\CLI\Console->run()
 5 SYSTEMPATH\Boot.php(104): CodeIgniter\Boot::runCommand(Object(CodeIgniter\CLI\Console))
 6 ROOTPATH\spark(84): CodeIgniter\Boot::bootSpark(Object(Config\Paths))
WARNING - 2026-10-06 08:03:34 --> [DEPRECATED] Creation of dynamic property App\Controllers\FMS_Trip::$session is deprecated in APPPATH\Controllers\FMS_Trip.php on line 14.
 1 APPPATH\Commands\RenderCheck.php(26): App\Controllers\FMS_Trip->__construct()
 2 SYSTEMPATH\CLI\Commands.php(70): App\Commands\RenderCheck->run([...])
 3 SYSTEMPATH\CLI\Console.php(48): CodeIgniter\CLI\Commands->run('test:render', [...])
 4 SYSTEMPATH\Boot.php(360): CodeIgniter\CLI\Console->run()
 5 SYSTEMPATH\Boot.php(104): CodeIgniter\Boot::runCommand(Object(CodeIgniter\CLI\Console))
 6 ROOTPATH\spark(84): CodeIgniter\Boot::bootSpark(Object(Config\Paths))
WARNING - 2026-10-06 08:03:34 --> [DEPRECATED] Creation of dynamic property App\Controllers\FMS_Trip::$cuser is deprecated in APPPATH\Controllers\FMS_Trip.php on line 15.
 1 APPPATH\Commands\RenderCheck.php(26): App\Controllers\FMS_Trip->__construct()
 2 SYSTEMPATH\CLI\Commands.php(70): App\Commands\RenderCheck->run([...])
 3 SYSTEMPATH\CLI\Console.php(48): CodeIgniter\CLI\Commands->run('test:render', [...])
 4 SYSTEMPATH\Boot.php(360): CodeIgniter\CLI\Console->run()
 5 SYSTEMPATH\Boot.php(104): CodeIgniter\Boot::runCommand(Object(CodeIgniter\CLI\Console))
 6 ROOTPATH\spark(84): CodeIgniter\Boot::bootSpark(Object(Config\Paths))
DEBUG - 2026-10-06 08:03:35 --> Session: Initialization under CLI aborted.
WARNING - 2026-10-06 08:03:35 --> [DEPRECATED] Creation of dynamic property App\Models\FMS_Dispatch_Model::$session is deprecated in APPPATH\Models\FMS_Dispatch_Model.php on line 11.
 1 SYSTEMPATH\Config\Factories.php(235): App\Models\FMS_Dispatch_Model->__construct(null)
 2 SYSTEMPATH\Config\Factories.php(169): CodeIgniter\Config\Factories::createInstance('models', 'App\\Models\\FMS_Dispatch_Model', [...])
 3 SYSTEMPATH\Common.php(804): CodeIgniter\Config\Factories::__callStatic('models', [...])
 4 APPPATH\Controllers\FMS_Dispatch.php(12): model('App\\Models\\FMS_Dispatch_Model')
 5 APPPATH\Commands\RenderCheck.php(26): App\Controllers\FMS_Dispatch->__construct()
 6 SYSTEMPATH\CLI\Commands.php(70): App\Commands\RenderCheck->run([...])
 7 SYSTEMPATH\CLI\Console.php(48): CodeIgniter\CLI\Commands->run('test:render', [...])
 8 SYSTEMPATH\Boot.php(360): CodeIgniter\CLI\Console->run()
 9 SYSTEMPATH\Boot.php(104): CodeIgniter\Boot::runCommand(Object(CodeIgniter\CLI\Console))
10 ROOTPATH\spark(84): CodeIgniter\Boot::bootSpark(Object(Config\Paths))
WARNING - 2026-10-06 08:03:35 --> [DEPRECATED] Creation of dynamic property App\Models\FMS_Dispatch_Model::$request is deprecated in APPPATH\Models\FMS_Dispatch_Model.php on line 12.
 1 SYSTEMPATH\Config\Factories.php(235): App\Models\FMS_Dispatch_Model->__construct(null)
 2 SYSTEMPATH\Config\Factories.php(169): CodeIgniter\Config\Factories::createInstance('models', 'App\\Models\\FMS_Dispatch_Model', [...])
 3 SYSTEMPATH\Common.php(804): CodeIgniter\Config\Factories::__callStatic('models', [...])
 4 APPPATH\Controllers\FMS_Dispatch.php(12): model('App\\Models\\FMS_Dispatch_Model')
 5 APPPATH\Commands\RenderCheck.php(26): App\Controllers\FMS_Dispatch->__construct()
 6 SYSTEMPATH\CLI\Commands.php(70): App\Commands\RenderCheck->run([...])
 7 SYSTEMPATH\CLI\Console.php(48): CodeIgniter\CLI\Commands->run('test:render', [...])
 8 SYSTEMPATH\Boot.php(360): CodeIgniter\CLI\Console->run()
 9 SYSTEMPATH\Boot.php(104): CodeIgniter\Boot::runCommand(Object(CodeIgniter\CLI\Console))
10 ROOTPATH\spark(84): CodeIgniter\Boot::bootSpark(Object(Config\Paths))
WARNING - 2026-10-06 08:03:35 --> [DEPRECATED] Creation of dynamic property App\Models\FMS_Dispatch_Model::$cuser is deprecated in APPPATH\Models\FMS_Dispatch_Model.php on line 14.
 1 SYSTEMPATH\Config\Factories.php(235): App\Models\FMS_Dispatch_Model->__construct(null)
 2 SYSTEMPATH\Config\Factories.php(169): CodeIgniter\Config\Factories::createInstance('models', 'App\\Models\\FMS_Dispatch_Model', [...])
 3 SYSTEMPATH\Common.php(804): CodeIgniter\Config\Factories::__callStatic('models', [...])
 4 APPPATH\Controllers\FMS_Dispatch.php(12): model('App\\Models\\FMS_Dispatch_Model')
 5 APPPATH\Commands\RenderCheck.php(26): App\Controllers\FMS_Dispatch->__construct()
 6 SYSTEMPATH\CLI\Commands.php(70): App\Commands\RenderCheck->run([...])
 7 SYSTEMPATH\CLI\Console.php(48): CodeIgniter\CLI\Commands->run('test:render', [...])
 8 SYSTEMPATH\Boot.php(360): CodeIgniter\CLI\Console->run()
 9 SYSTEMPATH\Boot.php(104): CodeIgniter\Boot::runCommand(Object(CodeIgniter\CLI\Console))
10 ROOTPATH\spark(84): CodeIgniter\Boot::bootSpark(Object(Config\Paths))
WARNING - 2026-10-06 08:03:35 --> [DEPRECATED] Creation of dynamic property App\Controllers\FMS_Dispatch::$dispatchModel is deprecated in APPPATH\Controllers\FMS_Dispatch.php on line 12.
 1 APPPATH\Commands\RenderCheck.php(26): App\Controllers\FMS_Dispatch->__construct()
 2 SYSTEMPATH\CLI\Commands.php(70): App\Commands\RenderCheck->run([...])
 3 SYSTEMPATH\CLI\Console.php(48): CodeIgniter\CLI\Commands->run('test:render', [...])
 4 SYSTEMPATH\Boot.php(360): CodeIgniter\CLI\Console->run()
 5 SYSTEMPATH\Boot.php(104): CodeIgniter\Boot::runCommand(Object(CodeIgniter\CLI\Console))
 6 ROOTPATH\spark(84): CodeIgniter\Boot::bootSpark(Object(Config\Paths))
WARNING - 2026-10-06 08:03:35 --> [DEPRECATED] Creation of dynamic property App\Controllers\FMS_Dispatch::$db is deprecated in APPPATH\Controllers\FMS_Dispatch.php on line 13.
 1 APPPATH\Commands\RenderCheck.php(26): App\Controllers\FMS_Dispatch->__construct()
 2 SYSTEMPATH\CLI\Commands.php(70): App\Commands\RenderCheck->run([...])
 3 SYSTEMPATH\CLI\Console.php(48): CodeIgniter\CLI\Commands->run('test:render', [...])
 4 SYSTEMPATH\Boot.php(360): CodeIgniter\CLI\Console->run()
 5 SYSTEMPATH\Boot.php(104): CodeIgniter\Boot::runCommand(Object(CodeIgniter\CLI\Console))
 6 ROOTPATH\spark(84): CodeIgniter\Boot::bootSpark(Object(Config\Paths))
WARNING - 2026-10-06 08:03:35 --> [DEPRECATED] Creation of dynamic property App\Controllers\FMS_Dispatch::$session is deprecated in APPPATH\Controllers\FMS_Dispatch.php on line 14.
 1 APPPATH\Commands\RenderCheck.php(26): App\Controllers\FMS_Dispatch->__construct()
 2 SYSTEMPATH\CLI\Commands.php(70): App\Commands\RenderCheck->run([...])
 3 SYSTEMPATH\CLI\Console.php(48): CodeIgniter\CLI\Commands->run('test:render', [...])
 4 SYSTEMPATH\Boot.php(360): CodeIgniter\CLI\Console->run()
 5 SYSTEMPATH\Boot.php(104): CodeIgniter\Boot::runCommand(Object(CodeIgniter\CLI\Console))
 6 ROOTPATH\spark(84): CodeIgniter\Boot::bootSpark(Object(Config\Paths))
WARNING - 2026-10-06 08:03:35 --> [DEPRECATED] Creation of dynamic property App\Controllers\FMS_Dispatch::$cuser is deprecated in APPPATH\Controllers\FMS_Dispatch.php on line 15.
 1 APPPATH\Commands\RenderCheck.php(26): App\Controllers\FMS_Dispatch->__construct()
 2 SYSTEMPATH\CLI\Commands.php(70): App\Commands\RenderCheck->run([...])
 3 SYSTEMPATH\CLI\Console.php(48): CodeIgniter\CLI\Commands->run('test:render', [...])
 4 SYSTEMPATH\Boot.php(360): CodeIgniter\CLI\Console->run()
 5 SYSTEMPATH\Boot.php(104): CodeIgniter\Boot::runCommand(Object(CodeIgniter\CLI\Console))
 6 ROOTPATH\spark(84): CodeIgniter\Boot::bootSpark(Object(Config\Paths))
DEBUG - 2026-10-06 08:03:35 --> Session: Initialization under CLI aborted.
WARNING - 2026-10-06 08:03:35 --> [DEPRECATED] Creation of dynamic property App\Models\FMS_Dispatch_Model::$session is deprecated in APPPATH\Models\FMS_Dispatch_Model.php on line 11.
 1 SYSTEMPATH\Config\Factories.php(235): App\Models\FMS_Dispatch_Model->__construct(null)
 2 SYSTEMPATH\Config\Factories.php(169): CodeIgniter\Config\Factories::createInstance('models', 'App\\Models\\FMS_Dispatch_Model', [...])
 3 SYSTEMPATH\Common.php(804): CodeIgniter\Config\Factories::__callStatic('models', [...])
 4 APPPATH\Controllers\FMS_Dispatch.php(12): model('App\\Models\\FMS_Dispatch_Model')
 5 APPPATH\Commands\RenderCheck.php(26): App\Controllers\FMS_Dispatch->__construct()
 6 SYSTEMPATH\CLI\Commands.php(70): App\Commands\RenderCheck->run([...])
 7 SYSTEMPATH\CLI\Console.php(48): CodeIgniter\CLI\Commands->run('test:render', [...])
 8 SYSTEMPATH\Boot.php(360): CodeIgniter\CLI\Console->run()
 9 SYSTEMPATH\Boot.php(104): CodeIgniter\Boot::runCommand(Object(CodeIgniter\CLI\Console))
10 ROOTPATH\spark(84): CodeIgniter\Boot::bootSpark(Object(Config\Paths))
WARNING - 2026-10-06 08:03:35 --> [DEPRECATED] Creation of dynamic property App\Models\FMS_Dispatch_Model::$request is deprecated in APPPATH\Models\FMS_Dispatch_Model.php on line 12.
 1 SYSTEMPATH\Config\Factories.php(235): App\Models\FMS_Dispatch_Model->__construct(null)
 2 SYSTEMPATH\Config\Factories.php(169): CodeIgniter\Config\Factories::createInstance('models', 'App\\Models\\FMS_Dispatch_Model', [...])
 3 SYSTEMPATH\Common.php(804): CodeIgniter\Config\Factories::__callStatic('models', [...])
 4 APPPATH\Controllers\FMS_Dispatch.php(12): model('App\\Models\\FMS_Dispatch_Model')
 5 APPPATH\Commands\RenderCheck.php(26): App\Controllers\FMS_Dispatch->__construct()
 6 SYSTEMPATH\CLI\Commands.php(70): App\Commands\RenderCheck->run([...])
 7 SYSTEMPATH\CLI\Console.php(48): CodeIgniter\CLI\Commands->run('test:render', [...])
 8 SYSTEMPATH\Boot.php(360): CodeIgniter\CLI\Console->run()
 9 SYSTEMPATH\Boot.php(104): CodeIgniter\Boot::runCommand(Object(CodeIgniter\CLI\Console))
10 ROOTPATH\spark(84): CodeIgniter\Boot::bootSpark(Object(Config\Paths))
WARNING - 2026-10-06 08:03:35 --> [DEPRECATED] Creation of dynamic property App\Models\FMS_Dispatch_Model::$cuser is deprecated in APPPATH\Models\FMS_Dispatch_Model.php on line 14.
 1 SYSTEMPATH\Config\Factories.php(235): App\Models\FMS_Dispatch_Model->__construct(null)
 2 SYSTEMPATH\Config\Factories.php(169): CodeIgniter\Config\Factories::createInstance('models', 'App\\Models\\FMS_Dispatch_Model', [...])
 3 SYSTEMPATH\Common.php(804): CodeIgniter\Config\Factories::__callStatic('models', [...])
 4 APPPATH\Controllers\FMS_Dispatch.php(12): model('App\\Models\\FMS_Dispatch_Model')
 5 APPPATH\Commands\RenderCheck.php(26): App\Controllers\FMS_Dispatch->__construct()
 6 SYSTEMPATH\CLI\Commands.php(70): App\Commands\RenderCheck->run([...])
 7 SYSTEMPATH\CLI\Console.php(48): CodeIgniter\CLI\Commands->run('test:render', [...])
 8 SYSTEMPATH\Boot.php(360): CodeIgniter\CLI\Console->run()
 9 SYSTEMPATH\Boot.php(104): CodeIgniter\Boot::runCommand(Object(CodeIgniter\CLI\Console))
10 ROOTPATH\spark(84): CodeIgniter\Boot::bootSpark(Object(Config\Paths))
WARNING - 2026-10-06 08:03:35 --> [DEPRECATED] Creation of dynamic property App\Controllers\FMS_Dispatch::$dispatchModel is deprecated in APPPATH\Controllers\FMS_Dispatch.php on line 12.
 1 APPPATH\Commands\RenderCheck.php(26): App\Controllers\FMS_Dispatch->__construct()
 2 SYSTEMPATH\CLI\Commands.php(70): App\Commands\RenderCheck->run([...])
 3 SYSTEMPATH\CLI\Console.php(48): CodeIgniter\CLI\Commands->run('test:render', [...])
 4 SYSTEMPATH\Boot.php(360): CodeIgniter\CLI\Console->run()
 5 SYSTEMPATH\Boot.php(104): CodeIgniter\Boot::runCommand(Object(CodeIgniter\CLI\Console))
 6 ROOTPATH\spark(84): CodeIgniter\Boot::bootSpark(Object(Config\Paths))
WARNING - 2026-10-06 08:03:35 --> [DEPRECATED] Creation of dynamic property App\Controllers\FMS_Dispatch::$db is deprecated in APPPATH\Controllers\FMS_Dispatch.php on line 13.
 1 APPPATH\Commands\RenderCheck.php(26): App\Controllers\FMS_Dispatch->__construct()
 2 SYSTEMPATH\CLI\Commands.php(70): App\Commands\RenderCheck->run([...])
 3 SYSTEMPATH\CLI\Console.php(48): CodeIgniter\CLI\Commands->run('test:render', [...])
 4 SYSTEMPATH\Boot.php(360): CodeIgniter\CLI\Console->run()
 5 SYSTEMPATH\Boot.php(104): CodeIgniter\Boot::runCommand(Object(CodeIgniter\CLI\Console))
 6 ROOTPATH\spark(84): CodeIgniter\Boot::bootSpark(Object(Config\Paths))
WARNING - 2026-10-06 08:03:35 --> [DEPRECATED] Creation of dynamic property App\Controllers\FMS_Dispatch::$session is deprecated in APPPATH\Controllers\FMS_Dispatch.php on line 14.
 1 APPPATH\Commands\RenderCheck.php(26): App\Controllers\FMS_Dispatch->__construct()
 2 SYSTEMPATH\CLI\Commands.php(70): App\Commands\RenderCheck->run([...])
 3 SYSTEMPATH\CLI\Console.php(48): CodeIgniter\CLI\Commands->run('test:render', [...])
 4 SYSTEMPATH\Boot.php(360): CodeIgniter\CLI\Console->run()
 5 SYSTEMPATH\Boot.php(104): CodeIgniter\Boot::runCommand(Object(CodeIgniter\CLI\Console))
 6 ROOTPATH\spark(84): CodeIgniter\Boot::bootSpark(Object(Config\Paths))
WARNING - 2026-10-06 08:03:35 --> [DEPRECATED] Creation of dynamic property App\Controllers\FMS_Dispatch::$cuser is deprecated in APPPATH\Controllers\FMS_Dispatch.php on line 15.
 1 APPPATH\Commands\RenderCheck.php(26): App\Controllers\FMS_Dispatch->__construct()
 2 SYSTEMPATH\CLI\Commands.php(70): App\Commands\RenderCheck->run([...])
 3 SYSTEMPATH\CLI\Console.php(48): CodeIgniter\CLI\Commands->run('test:render', [...])
 4 SYSTEMPATH\Boot.php(360): CodeIgniter\CLI\Console->run()
 5 SYSTEMPATH\Boot.php(104): CodeIgniter\Boot::runCommand(Object(CodeIgniter\CLI\Console))
 6 ROOTPATH\spark(84): CodeIgniter\Boot::bootSpark(Object(Config\Paths))
DEBUG - 2026-10-06 08:03:35 --> Session: Initialization under CLI aborted.
WARNING - 2026-10-06 08:03:35 --> [DEPRECATED] Creation of dynamic property App\Models\FMS_Dispatch_Model::$session is deprecated in APPPATH\Models\FMS_Dispatch_Model.php on line 11.
 1 SYSTEMPATH\Config\Factories.php(235): App\Models\FMS_Dispatch_Model->__construct(null)
 2 SYSTEMPATH\Config\Factories.php(169): CodeIgniter\Config\Factories::createInstance('models', 'App\\Models\\FMS_Dispatch_Model', [...])
 3 SYSTEMPATH\Common.php(804): CodeIgniter\Config\Factories::__callStatic('models', [...])
 4 APPPATH\Controllers\FMS_Dispatch.php(12): model('App\\Models\\FMS_Dispatch_Model')
 5 APPPATH\Commands\RenderCheck.php(26): App\Controllers\FMS_Dispatch->__construct()
 6 SYSTEMPATH\CLI\Commands.php(70): App\Commands\RenderCheck->run([...])
 7 SYSTEMPATH\CLI\Console.php(48): CodeIgniter\CLI\Commands->run('test:render', [...])
 8 SYSTEMPATH\Boot.php(360): CodeIgniter\CLI\Console->run()
 9 SYSTEMPATH\Boot.php(104): CodeIgniter\Boot::runCommand(Object(CodeIgniter\CLI\Console))
10 ROOTPATH\spark(84): CodeIgniter\Boot::bootSpark(Object(Config\Paths))
WARNING - 2026-10-06 08:03:35 --> [DEPRECATED] Creation of dynamic property App\Models\FMS_Dispatch_Model::$request is deprecated in APPPATH\Models\FMS_Dispatch_Model.php on line 12.
 1 SYSTEMPATH\Config\Factories.php(235): App\Models\FMS_Dispatch_Model->__construct(null)
 2 SYSTEMPATH\Config\Factories.php(169): CodeIgniter\Config\Factories::createInstance('models', 'App\\Models\\FMS_Dispatch_Model', [...])
 3 SYSTEMPATH\Common.php(804): CodeIgniter\Config\Factories::__callStatic('models', [...])
 4 APPPATH\Controllers\FMS_Dispatch.php(12): model('App\\Models\\FMS_Dispatch_Model')
 5 APPPATH\Commands\RenderCheck.php(26): App\Controllers\FMS_Dispatch->__construct()
 6 SYSTEMPATH\CLI\Commands.php(70): App\Commands\RenderCheck->run([...])
 7 SYSTEMPATH\CLI\Console.php(48): CodeIgniter\CLI\Commands->run('test:render', [...])
 8 SYSTEMPATH\Boot.php(360): CodeIgniter\CLI\Console->run()
 9 SYSTEMPATH\Boot.php(104): CodeIgniter\Boot::runCommand(Object(CodeIgniter\CLI\Console))
10 ROOTPATH\spark(84): CodeIgniter\Boot::bootSpark(Object(Config\Paths))
WARNING - 2026-10-06 08:03:35 --> [DEPRECATED] Creation of dynamic property App\Models\FMS_Dispatch_Model::$cuser is deprecated in APPPATH\Models\FMS_Dispatch_Model.php on line 14.
 1 SYSTEMPATH\Config\Factories.php(235): App\Models\FMS_Dispatch_Model->__construct(null)
 2 SYSTEMPATH\Config\Factories.php(169): CodeIgniter\Config\Factories::createInstance('models', 'App\\Models\\FMS_Dispatch_Model', [...])
 3 SYSTEMPATH\Common.php(804): CodeIgniter\Config\Factories::__callStatic('models', [...])
 4 APPPATH\Controllers\FMS_Dispatch.php(12): model('App\\Models\\FMS_Dispatch_Model')
 5 APPPATH\Commands\RenderCheck.php(26): App\Controllers\FMS_Dispatch->__construct()
 6 SYSTEMPATH\CLI\Commands.php(70): App\Commands\RenderCheck->run([...])
 7 SYSTEMPATH\CLI\Console.php(48): CodeIgniter\CLI\Commands->run('test:render', [...])
 8 SYSTEMPATH\Boot.php(360): CodeIgniter\CLI\Console->run()
 9 SYSTEMPATH\Boot.php(104): CodeIgniter\Boot::runCommand(Object(CodeIgniter\CLI\Console))
10 ROOTPATH\spark(84): CodeIgniter\Boot::bootSpark(Object(Config\Paths))
WARNING - 2026-10-06 08:03:35 --> [DEPRECATED] Creation of dynamic property App\Controllers\FMS_Dispatch::$dispatchModel is deprecated in APPPATH\Controllers\FMS_Dispatch.php on line 12.
 1 APPPATH\Commands\RenderCheck.php(26): App\Controllers\FMS_Dispatch->__construct()
 2 SYSTEMPATH\CLI\Commands.php(70): App\Commands\RenderCheck->run([...])
 3 SYSTEMPATH\CLI\Console.php(48): CodeIgniter\CLI\Commands->run('test:render', [...])
 4 SYSTEMPATH\Boot.php(360): CodeIgniter\CLI\Console->run()
 5 SYSTEMPATH\Boot.php(104): CodeIgniter\Boot::runCommand(Object(CodeIgniter\CLI\Console))
 6 ROOTPATH\spark(84): CodeIgniter\Boot::bootSpark(Object(Config\Paths))
WARNING - 2026-10-06 08:03:35 --> [DEPRECATED] Creation of dynamic property App\Controllers\FMS_Dispatch::$db is deprecated in APPPATH\Controllers\FMS_Dispatch.php on line 13.
 1 APPPATH\Commands\RenderCheck.php(26): App\Controllers\FMS_Dispatch->__construct()
 2 SYSTEMPATH\CLI\Commands.php(70): App\Commands\RenderCheck->run([...])
 3 SYSTEMPATH\CLI\Console.php(48): CodeIgniter\CLI\Commands->run('test:render', [...])
 4 SYSTEMPATH\Boot.php(360): CodeIgniter\CLI\Console->run()
 5 SYSTEMPATH\Boot.php(104): CodeIgniter\Boot::runCommand(Object(CodeIgniter\CLI\Console))
 6 ROOTPATH\spark(84): CodeIgniter\Boot::bootSpark(Object(Config\Paths))
WARNING - 2026-10-06 08:03:35 --> [DEPRECATED] Creation of dynamic property App\Controllers\FMS_Dispatch::$session is deprecated in APPPATH\Controllers\FMS_Dispatch.php on line 14.
 1 APPPATH\Commands\RenderCheck.php(26): App\Controllers\FMS_Dispatch->__construct()
 2 SYSTEMPATH\CLI\Commands.php(70): App\Commands\RenderCheck->run([...])
 3 SYSTEMPATH\CLI\Console.php(48): CodeIgniter\CLI\Commands->run('test:render', [...])
 4 SYSTEMPATH\Boot.php(360): CodeIgniter\CLI\Console->run()
 5 SYSTEMPATH\Boot.php(104): CodeIgniter\Boot::runCommand(Object(CodeIgniter\CLI\Console))
 6 ROOTPATH\spark(84): CodeIgniter\Boot::bootSpark(Object(Config\Paths))
WARNING - 2026-10-06 08:03:35 --> [DEPRECATED] Creation of dynamic property App\Controllers\FMS_Dispatch::$cuser is deprecated in APPPATH\Controllers\FMS_Dispatch.php on line 15.
 1 APPPATH\Commands\RenderCheck.php(26): App\Controllers\FMS_Dispatch->__construct()
 2 SYSTEMPATH\CLI\Commands.php(70): App\Commands\RenderCheck->run([...])
 3 SYSTEMPATH\CLI\Console.php(48): CodeIgniter\CLI\Commands->run('test:render', [...])
 4 SYSTEMPATH\Boot.php(360): CodeIgniter\CLI\Console->run()
 5 SYSTEMPATH\Boot.php(104): CodeIgniter\Boot::runCommand(Object(CodeIgniter\CLI\Console))
 6 ROOTPATH\spark(84): CodeIgniter\Boot::bootSpark(Object(Config\Paths))
DEBUG - 2026-10-06 08:03:36 --> Session: Initialization under CLI aborted.
WARNING - 2026-10-06 08:03:36 --> [DEPRECATED] Creation of dynamic property App\Models\FMS_DeliveryReceipt_Model::$session is deprecated in APPPATH\Models\FMS_DeliveryReceipt_Model.php on line 11.
 1 SYSTEMPATH\Config\Factories.php(235): App\Models\FMS_DeliveryReceipt_Model->__construct(null)
 2 SYSTEMPATH\Config\Factories.php(169): CodeIgniter\Config\Factories::createInstance('models', 'App\\Models\\FMS_DeliveryReceipt_Model', [...])
 3 SYSTEMPATH\Common.php(804): CodeIgniter\Config\Factories::__callStatic('models', [...])
 4 APPPATH\Controllers\FMS_DeliveryReceipt.php(12): model('App\\Models\\FMS_DeliveryReceipt_Model')
 5 APPPATH\Commands\RenderCheck.php(26): App\Controllers\FMS_DeliveryReceipt->__construct()
 6 SYSTEMPATH\CLI\Commands.php(70): App\Commands\RenderCheck->run([...])
 7 SYSTEMPATH\CLI\Console.php(48): CodeIgniter\CLI\Commands->run('test:render', [...])
 8 SYSTEMPATH\Boot.php(360): CodeIgniter\CLI\Console->run()
 9 SYSTEMPATH\Boot.php(104): CodeIgniter\Boot::runCommand(Object(CodeIgniter\CLI\Console))
10 ROOTPATH\spark(84): CodeIgniter\Boot::bootSpark(Object(Config\Paths))
WARNING - 2026-10-06 08:03:36 --> [DEPRECATED] Creation of dynamic property App\Models\FMS_DeliveryReceipt_Model::$request is deprecated in APPPATH\Models\FMS_DeliveryReceipt_Model.php on line 12.
 1 SYSTEMPATH\Config\Factories.php(235): App\Models\FMS_DeliveryReceipt_Model->__construct(null)
 2 SYSTEMPATH\Config\Factories.php(169): CodeIgniter\Config\Factories::createInstance('models', 'App\\Models\\FMS_DeliveryReceipt_Model', [...])
 3 SYSTEMPATH\Common.php(804): CodeIgniter\Config\Factories::__callStatic('models', [...])
 4 APPPATH\Controllers\FMS_DeliveryReceipt.php(12): model('App\\Models\\FMS_DeliveryReceipt_Model')
 5 APPPATH\Commands\RenderCheck.php(26): App\Controllers\FMS_DeliveryReceipt->__construct()
 6 SYSTEMPATH\CLI\Commands.php(70): App\Commands\RenderCheck->run([...])
 7 SYSTEMPATH\CLI\Console.php(48): CodeIgniter\CLI\Commands->run('test:render', [...])
 8 SYSTEMPATH\Boot.php(360): CodeIgniter\CLI\Console->run()
 9 SYSTEMPATH\Boot.php(104): CodeIgniter\Boot::runCommand(Object(CodeIgniter\CLI\Console))
10 ROOTPATH\spark(84): CodeIgniter\Boot::bootSpark(Object(Config\Paths))
WARNING - 2026-10-06 08:03:36 --> [DEPRECATED] Creation of dynamic property App\Models\FMS_DeliveryReceipt_Model::$cuser is deprecated in APPPATH\Models\FMS_DeliveryReceipt_Model.php on line 14.
 1 SYSTEMPATH\Config\Factories.php(235): App\Models\FMS_DeliveryReceipt_Model->__construct(null)
 2 SYSTEMPATH\Config\Factories.php(169): CodeIgniter\Config\Factories::createInstance('models', 'App\\Models\\FMS_DeliveryReceipt_Model', [...])
 3 SYSTEMPATH\Common.php(804): CodeIgniter\Config\Factories::__callStatic('models', [...])
 4 APPPATH\Controllers\FMS_DeliveryReceipt.php(12): model('App\\Models\\FMS_DeliveryReceipt_Model')
 5 APPPATH\Commands\RenderCheck.php(26): App\Controllers\FMS_DeliveryReceipt->__construct()
 6 SYSTEMPATH\CLI\Commands.php(70): App\Commands\RenderCheck->run([...])
 7 SYSTEMPATH\CLI\Console.php(48): CodeIgniter\CLI\Commands->run('test:render', [...])
 8 SYSTEMPATH\Boot.php(360): CodeIgniter\CLI\Console->run()
 9 SYSTEMPATH\Boot.php(104): CodeIgniter\Boot::runCommand(Object(CodeIgniter\CLI\Console))
10 ROOTPATH\spark(84): CodeIgniter\Boot::bootSpark(Object(Config\Paths))
WARNING - 2026-10-06 08:03:36 --> [DEPRECATED] Creation of dynamic property App\Controllers\FMS_DeliveryReceipt::$drModel is deprecated in APPPATH\Controllers\FMS_DeliveryReceipt.php on line 12.
 1 APPPATH\Commands\RenderCheck.php(26): App\Controllers\FMS_DeliveryReceipt->__construct()
 2 SYSTEMPATH\CLI\Commands.php(70): App\Commands\RenderCheck->run([...])
 3 SYSTEMPATH\CLI\Console.php(48): CodeIgniter\CLI\Commands->run('test:render', [...])
 4 SYSTEMPATH\Boot.php(360): CodeIgniter\CLI\Console->run()
 5 SYSTEMPATH\Boot.php(104): CodeIgniter\Boot::runCommand(Object(CodeIgniter\CLI\Console))
 6 ROOTPATH\spark(84): CodeIgniter\Boot::bootSpark(Object(Config\Paths))
WARNING - 2026-10-06 08:03:36 --> [DEPRECATED] Creation of dynamic property App\Controllers\FMS_DeliveryReceipt::$db is deprecated in APPPATH\Controllers\FMS_DeliveryReceipt.php on line 13.
 1 APPPATH\Commands\RenderCheck.php(26): App\Controllers\FMS_DeliveryReceipt->__construct()
 2 SYSTEMPATH\CLI\Commands.php(70): App\Commands\RenderCheck->run([...])
 3 SYSTEMPATH\CLI\Console.php(48): CodeIgniter\CLI\Commands->run('test:render', [...])
 4 SYSTEMPATH\Boot.php(360): CodeIgniter\CLI\Console->run()
 5 SYSTEMPATH\Boot.php(104): CodeIgniter\Boot::runCommand(Object(CodeIgniter\CLI\Console))
 6 ROOTPATH\spark(84): CodeIgniter\Boot::bootSpark(Object(Config\Paths))
WARNING - 2026-10-06 08:03:36 --> [DEPRECATED] Creation of dynamic property App\Controllers\FMS_DeliveryReceipt::$session is deprecated in APPPATH\Controllers\FMS_DeliveryReceipt.php on line 14.
 1 APPPATH\Commands\RenderCheck.php(26): App\Controllers\FMS_DeliveryReceipt->__construct()
 2 SYSTEMPATH\CLI\Commands.php(70): App\Commands\RenderCheck->run([...])
 3 SYSTEMPATH\CLI\Console.php(48): CodeIgniter\CLI\Commands->run('test:render', [...])
 4 SYSTEMPATH\Boot.php(360): CodeIgniter\CLI\Console->run()
 5 SYSTEMPATH\Boot.php(104): CodeIgniter\Boot::runCommand(Object(CodeIgniter\CLI\Console))
 6 ROOTPATH\spark(84): CodeIgniter\Boot::bootSpark(Object(Config\Paths))
WARNING - 2026-10-06 08:03:36 --> [DEPRECATED] Creation of dynamic property App\Controllers\FMS_DeliveryReceipt::$cuser is deprecated in APPPATH\Controllers\FMS_DeliveryReceipt.php on line 15.
 1 APPPATH\Commands\RenderCheck.php(26): App\Controllers\FMS_DeliveryReceipt->__construct()
 2 SYSTEMPATH\CLI\Commands.php(70): App\Commands\RenderCheck->run([...])
 3 SYSTEMPATH\CLI\Console.php(48): CodeIgniter\CLI\Commands->run('test:render', [...])
 4 SYSTEMPATH\Boot.php(360): CodeIgniter\CLI\Console->run()
 5 SYSTEMPATH\Boot.php(104): CodeIgniter\Boot::runCommand(Object(CodeIgniter\CLI\Console))
 6 ROOTPATH\spark(84): CodeIgniter\Boot::bootSpark(Object(Config\Paths))
DEBUG - 2026-10-06 08:03:36 --> Session: Initialization under CLI aborted.
WARNING - 2026-10-06 08:03:36 --> [DEPRECATED] Creation of dynamic property App\Models\FMS_Truck_Model::$session is deprecated in APPPATH\Models\FMS_Truck_Model.php on line 11.
 1 SYSTEMPATH\Config\Factories.php(235): App\Models\FMS_Truck_Model->__construct(null)
 2 SYSTEMPATH\Config\Factories.php(169): CodeIgniter\Config\Factories::createInstance('models', 'App\\Models\\FMS_Truck_Model', [...])
 3 SYSTEMPATH\Common.php(804): CodeIgniter\Config\Factories::__callStatic('models', [...])
 4 APPPATH\Controllers\FMS_Truck.php(12): model('App\\Models\\FMS_Truck_Model')
 5 APPPATH\Commands\RenderCheck.php(26): App\Controllers\FMS_Truck->__construct()
 6 SYSTEMPATH\CLI\Commands.php(70): App\Commands\RenderCheck->run([...])
 7 SYSTEMPATH\CLI\Console.php(48): CodeIgniter\CLI\Commands->run('test:render', [...])
 8 SYSTEMPATH\Boot.php(360): CodeIgniter\CLI\Console->run()
 9 SYSTEMPATH\Boot.php(104): CodeIgniter\Boot::runCommand(Object(CodeIgniter\CLI\Console))
10 ROOTPATH\spark(84): CodeIgniter\Boot::bootSpark(Object(Config\Paths))
WARNING - 2026-10-06 08:03:36 --> [DEPRECATED] Creation of dynamic property App\Models\FMS_Truck_Model::$request is deprecated in APPPATH\Models\FMS_Truck_Model.php on line 12.
 1 SYSTEMPATH\Config\Factories.php(235): App\Models\FMS_Truck_Model->__construct(null)
 2 SYSTEMPATH\Config\Factories.php(169): CodeIgniter\Config\Factories::createInstance('models', 'App\\Models\\FMS_Truck_Model', [...])
 3 SYSTEMPATH\Common.php(804): CodeIgniter\Config\Factories::__callStatic('models', [...])
 4 APPPATH\Controllers\FMS_Truck.php(12): model('App\\Models\\FMS_Truck_Model')
 5 APPPATH\Commands\RenderCheck.php(26): App\Controllers\FMS_Truck->__construct()
 6 SYSTEMPATH\CLI\Commands.php(70): App\Commands\RenderCheck->run([...])
 7 SYSTEMPATH\CLI\Console.php(48): CodeIgniter\CLI\Commands->run('test:render', [...])
 8 SYSTEMPATH\Boot.php(360): CodeIgniter\CLI\Console->run()
 9 SYSTEMPATH\Boot.php(104): CodeIgniter\Boot::runCommand(Object(CodeIgniter\CLI\Console))
10 ROOTPATH\spark(84): CodeIgniter\Boot::bootSpark(Object(Config\Paths))
WARNING - 2026-10-06 08:03:36 --> [DEPRECATED] Creation of dynamic property App\Models\FMS_Truck_Model::$cuser is deprecated in APPPATH\Models\FMS_Truck_Model.php on line 14.
 1 SYSTEMPATH\Config\Factories.php(235): App\Models\FMS_Truck_Model->__construct(null)
 2 SYSTEMPATH\Config\Factories.php(169): CodeIgniter\Config\Factories::createInstance('models', 'App\\Models\\FMS_Truck_Model', [...])
 3 SYSTEMPATH\Common.php(804): CodeIgniter\Config\Factories::__callStatic('models', [...])
 4 APPPATH\Controllers\FMS_Truck.php(12): model('App\\Models\\FMS_Truck_Model')
 5 APPPATH\Commands\RenderCheck.php(26): App\Controllers\FMS_Truck->__construct()
 6 SYSTEMPATH\CLI\Commands.php(70): App\Commands\RenderCheck->run([...])
 7 SYSTEMPATH\CLI\Console.php(48): CodeIgniter\CLI\Commands->run('test:render', [...])
 8 SYSTEMPATH\Boot.php(360): CodeIgniter\CLI\Console->run()
 9 SYSTEMPATH\Boot.php(104): CodeIgniter\Boot::runCommand(Object(CodeIgniter\CLI\Console))
10 ROOTPATH\spark(84): CodeIgniter\Boot::bootSpark(Object(Config\Paths))
WARNING - 2026-10-06 08:03:36 --> [DEPRECATED] Creation of dynamic property App\Controllers\FMS_Truck::$truckModel is deprecated in APPPATH\Controllers\FMS_Truck.php on line 12.
 1 APPPATH\Commands\RenderCheck.php(26): App\Controllers\FMS_Truck->__construct()
 2 SYSTEMPATH\CLI\Commands.php(70): App\Commands\RenderCheck->run([...])
 3 SYSTEMPATH\CLI\Console.php(48): CodeIgniter\CLI\Commands->run('test:render', [...])
 4 SYSTEMPATH\Boot.php(360): CodeIgniter\CLI\Console->run()
 5 SYSTEMPATH\Boot.php(104): CodeIgniter\Boot::runCommand(Object(CodeIgniter\CLI\Console))
 6 ROOTPATH\spark(84): CodeIgniter\Boot::bootSpark(Object(Config\Paths))
WARNING - 2026-10-06 08:03:36 --> [DEPRECATED] Creation of dynamic property App\Controllers\FMS_Truck::$db is deprecated in APPPATH\Controllers\FMS_Truck.php on line 13.
 1 APPPATH\Commands\RenderCheck.php(26): App\Controllers\FMS_Truck->__construct()
 2 SYSTEMPATH\CLI\Commands.php(70): App\Commands\RenderCheck->run([...])
 3 SYSTEMPATH\CLI\Console.php(48): CodeIgniter\CLI\Commands->run('test:render', [...])
 4 SYSTEMPATH\Boot.php(360): CodeIgniter\CLI\Console->run()
 5 SYSTEMPATH\Boot.php(104): CodeIgniter\Boot::runCommand(Object(CodeIgniter\CLI\Console))
 6 ROOTPATH\spark(84): CodeIgniter\Boot::bootSpark(Object(Config\Paths))
WARNING - 2026-10-06 08:03:36 --> [DEPRECATED] Creation of dynamic property App\Controllers\FMS_Truck::$session is deprecated in APPPATH\Controllers\FMS_Truck.php on line 14.
 1 APPPATH\Commands\RenderCheck.php(26): App\Controllers\FMS_Truck->__construct()
 2 SYSTEMPATH\CLI\Commands.php(70): App\Commands\RenderCheck->run([...])
 3 SYSTEMPATH\CLI\Console.php(48): CodeIgniter\CLI\Commands->run('test:render', [...])
 4 SYSTEMPATH\Boot.php(360): CodeIgniter\CLI\Console->run()
 5 SYSTEMPATH\Boot.php(104): CodeIgniter\Boot::runCommand(Object(CodeIgniter\CLI\Console))
 6 ROOTPATH\spark(84): CodeIgniter\Boot::bootSpark(Object(Config\Paths))
WARNING - 2026-10-06 08:03:36 --> [DEPRECATED] Creation of dynamic property App\Controllers\FMS_Truck::$cuser is deprecated in APPPATH\Controllers\FMS_Truck.php on line 15.
 1 APPPATH\Commands\RenderCheck.php(26): App\Controllers\FMS_Truck->__construct()
 2 SYSTEMPATH\CLI\Commands.php(70): App\Commands\RenderCheck->run([...])
 3 SYSTEMPATH\CLI\Console.php(48): CodeIgniter\CLI\Commands->run('test:render', [...])
 4 SYSTEMPATH\Boot.php(360): CodeIgniter\CLI\Console->run()
 5 SYSTEMPATH\Boot.php(104): CodeIgniter\Boot::runCommand(Object(CodeIgniter\CLI\Console))
 6 ROOTPATH\spark(84): CodeIgniter\Boot::bootSpark(Object(Config\Paths))
DEBUG - 2026-10-06 08:03:37 --> Session: Initialization under CLI aborted.
WARNING - 2026-10-06 08:03:37 --> [DEPRECATED] Creation of dynamic property App\Models\FMS_Dispatch_Model::$session is deprecated in APPPATH\Models\FMS_Dispatch_Model.php on line 11.
 1 SYSTEMPATH\Config\Factories.php(235): App\Models\FMS_Dispatch_Model->__construct(null)
 2 SYSTEMPATH\Config\Factories.php(169): CodeIgniter\Config\Factories::createInstance('models', 'App\\Models\\FMS_Dispatch_Model', [...])
 3 SYSTEMPATH\Common.php(804): CodeIgniter\Config\Factories::__callStatic('models', [...])
 4 APPPATH\Controllers\FMS_Dispatch.php(12): model('App\\Models\\FMS_Dispatch_Model')
 5 APPPATH\Commands\RenderCheck.php(26): App\Controllers\FMS_Dispatch->__construct()
 6 SYSTEMPATH\CLI\Commands.php(70): App\Commands\RenderCheck->run([...])
 7 SYSTEMPATH\CLI\Console.php(48): CodeIgniter\CLI\Commands->run('test:render', [...])
 8 SYSTEMPATH\Boot.php(360): CodeIgniter\CLI\Console->run()
 9 SYSTEMPATH\Boot.php(104): CodeIgniter\Boot::runCommand(Object(CodeIgniter\CLI\Console))
10 ROOTPATH\spark(84): CodeIgniter\Boot::bootSpark(Object(Config\Paths))
WARNING - 2026-10-06 08:03:37 --> [DEPRECATED] Creation of dynamic property App\Models\FMS_Dispatch_Model::$request is deprecated in APPPATH\Models\FMS_Dispatch_Model.php on line 12.
 1 SYSTEMPATH\Config\Factories.php(235): App\Models\FMS_Dispatch_Model->__construct(null)
 2 SYSTEMPATH\Config\Factories.php(169): CodeIgniter\Config\Factories::createInstance('models', 'App\\Models\\FMS_Dispatch_Model', [...])
 3 SYSTEMPATH\Common.php(804): CodeIgniter\Config\Factories::__callStatic('models', [...])
 4 APPPATH\Controllers\FMS_Dispatch.php(12): model('App\\Models\\FMS_Dispatch_Model')
 5 APPPATH\Commands\RenderCheck.php(26): App\Controllers\FMS_Dispatch->__construct()
 6 SYSTEMPATH\CLI\Commands.php(70): App\Commands\RenderCheck->run([...])
 7 SYSTEMPATH\CLI\Console.php(48): CodeIgniter\CLI\Commands->run('test:render', [...])
 8 SYSTEMPATH\Boot.php(360): CodeIgniter\CLI\Console->run()
 9 SYSTEMPATH\Boot.php(104): CodeIgniter\Boot::runCommand(Object(CodeIgniter\CLI\Console))
10 ROOTPATH\spark(84): CodeIgniter\Boot::bootSpark(Object(Config\Paths))
WARNING - 2026-10-06 08:03:37 --> [DEPRECATED] Creation of dynamic property App\Models\FMS_Dispatch_Model::$cuser is deprecated in APPPATH\Models\FMS_Dispatch_Model.php on line 14.
 1 SYSTEMPATH\Config\Factories.php(235): App\Models\FMS_Dispatch_Model->__construct(null)
 2 SYSTEMPATH\Config\Factories.php(169): CodeIgniter\Config\Factories::createInstance('models', 'App\\Models\\FMS_Dispatch_Model', [...])
 3 SYSTEMPATH\Common.php(804): CodeIgniter\Config\Factories::__callStatic('models', [...])
 4 APPPATH\Controllers\FMS_Dispatch.php(12): model('App\\Models\\FMS_Dispatch_Model')
 5 APPPATH\Commands\RenderCheck.php(26): App\Controllers\FMS_Dispatch->__construct()
 6 SYSTEMPATH\CLI\Commands.php(70): App\Commands\RenderCheck->run([...])
 7 SYSTEMPATH\CLI\Console.php(48): CodeIgniter\CLI\Commands->run('test:render', [...])
 8 SYSTEMPATH\Boot.php(360): CodeIgniter\CLI\Console->run()
 9 SYSTEMPATH\Boot.php(104): CodeIgniter\Boot::runCommand(Object(CodeIgniter\CLI\Console))
10 ROOTPATH\spark(84): CodeIgniter\Boot::bootSpark(Object(Config\Paths))
WARNING - 2026-10-06 08:03:37 --> [DEPRECATED] Creation of dynamic property App\Controllers\FMS_Dispatch::$dispatchModel is deprecated in APPPATH\Controllers\FMS_Dispatch.php on line 12.
 1 APPPATH\Commands\RenderCheck.php(26): App\Controllers\FMS_Dispatch->__construct()
 2 SYSTEMPATH\CLI\Commands.php(70): App\Commands\RenderCheck->run([...])
 3 SYSTEMPATH\CLI\Console.php(48): CodeIgniter\CLI\Commands->run('test:render', [...])
 4 SYSTEMPATH\Boot.php(360): CodeIgniter\CLI\Console->run()
 5 SYSTEMPATH\Boot.php(104): CodeIgniter\Boot::runCommand(Object(CodeIgniter\CLI\Console))
 6 ROOTPATH\spark(84): CodeIgniter\Boot::bootSpark(Object(Config\Paths))
WARNING - 2026-10-06 08:03:37 --> [DEPRECATED] Creation of dynamic property App\Controllers\FMS_Dispatch::$db is deprecated in APPPATH\Controllers\FMS_Dispatch.php on line 13.
 1 APPPATH\Commands\RenderCheck.php(26): App\Controllers\FMS_Dispatch->__construct()
 2 SYSTEMPATH\CLI\Commands.php(70): App\Commands\RenderCheck->run([...])
 3 SYSTEMPATH\CLI\Console.php(48): CodeIgniter\CLI\Commands->run('test:render', [...])
 4 SYSTEMPATH\Boot.php(360): CodeIgniter\CLI\Console->run()
 5 SYSTEMPATH\Boot.php(104): CodeIgniter\Boot::runCommand(Object(CodeIgniter\CLI\Console))
 6 ROOTPATH\spark(84): CodeIgniter\Boot::bootSpark(Object(Config\Paths))
WARNING - 2026-10-06 08:03:37 --> [DEPRECATED] Creation of dynamic property App\Controllers\FMS_Dispatch::$session is deprecated in APPPATH\Controllers\FMS_Dispatch.php on line 14.
 1 APPPATH\Commands\RenderCheck.php(26): App\Controllers\FMS_Dispatch->__construct()
 2 SYSTEMPATH\CLI\Commands.php(70): App\Commands\RenderCheck->run([...])
 3 SYSTEMPATH\CLI\Console.php(48): CodeIgniter\CLI\Commands->run('test:render', [...])
 4 SYSTEMPATH\Boot.php(360): CodeIgniter\CLI\Console->run()
 5 SYSTEMPATH\Boot.php(104): CodeIgniter\Boot::runCommand(Object(CodeIgniter\CLI\Console))
 6 ROOTPATH\spark(84): CodeIgniter\Boot::bootSpark(Object(Config\Paths))
WARNING - 2026-10-06 08:03:37 --> [DEPRECATED] Creation of dynamic property App\Controllers\FMS_Dispatch::$cuser is deprecated in APPPATH\Controllers\FMS_Dispatch.php on line 15.
 1 APPPATH\Commands\RenderCheck.php(26): App\Controllers\FMS_Dispatch->__construct()
 2 SYSTEMPATH\CLI\Commands.php(70): App\Commands\RenderCheck->run([...])
 3 SYSTEMPATH\CLI\Console.php(48): CodeIgniter\CLI\Commands->run('test:render', [...])
 4 SYSTEMPATH\Boot.php(360): CodeIgniter\CLI\Console->run()
 5 SYSTEMPATH\Boot.php(104): CodeIgniter\Boot::runCommand(Object(CodeIgniter\CLI\Console))
 6 ROOTPATH\spark(84): CodeIgniter\Boot::bootSpark(Object(Config\Paths))
WARNING - 2026-10-06 08:03:37 --> [DEPRECATED] Creation of dynamic property CodeIgniter\View\View::$request is deprecated in APPPATH\Views\fms\dispatch\dispatch-main.php on line 2.
 1 SYSTEMPATH\View\View.php(224): include('C:\\xampp\\htdocs\\larga-fms\\app\\Views\\fms\\dispatch\\dispatch-main.php')
 2 SYSTEMPATH\View\View.php(227): CodeIgniter\View\View->CodeIgniter\View\{closure}()
 3 SYSTEMPATH\Common.php(1173): CodeIgniter\View\View->render('fms/dispatch/dispatch-main', [], true)
 4 APPPATH\Controllers\FMS_Dispatch.php(30): view('fms/dispatch/dispatch-main')
 5 APPPATH\Commands\RenderCheck.php(29): App\Controllers\FMS_Dispatch->index()
 6 SYSTEMPATH\CLI\Commands.php(70): App\Commands\RenderCheck->run([...])
 7 SYSTEMPATH\CLI\Console.php(48): CodeIgniter\CLI\Commands->run('test:render', [...])
 8 SYSTEMPATH\Boot.php(360): CodeIgniter\CLI\Console->run()
 9 SYSTEMPATH\Boot.php(104): CodeIgniter\Boot::runCommand(Object(CodeIgniter\CLI\Console))
10 ROOTPATH\spark(84): CodeIgniter\Boot::bootSpark(Object(Config\Paths))
WARNING - 2026-10-06 08:03:37 --> [DEPRECATED] Creation of dynamic property CodeIgniter\View\View::$db is deprecated in APPPATH\Views\fms\dispatch\dispatch-main.php on line 3.
 1 SYSTEMPATH\View\View.php(224): include('C:\\xampp\\htdocs\\larga-fms\\app\\Views\\fms\\dispatch\\dispatch-main.php')
 2 SYSTEMPATH\View\View.php(227): CodeIgniter\View\View->CodeIgniter\View\{closure}()
 3 SYSTEMPATH\Common.php(1173): CodeIgniter\View\View->render('fms/dispatch/dispatch-main', [], true)
 4 APPPATH\Controllers\FMS_Dispatch.php(30): view('fms/dispatch/dispatch-main')
 5 APPPATH\Commands\RenderCheck.php(29): App\Controllers\FMS_Dispatch->index()
 6 SYSTEMPATH\CLI\Commands.php(70): App\Commands\RenderCheck->run([...])
 7 SYSTEMPATH\CLI\Console.php(48): CodeIgniter\CLI\Commands->run('test:render', [...])
 8 SYSTEMPATH\Boot.php(360): CodeIgniter\CLI\Console->run()
 9 SYSTEMPATH\Boot.php(104): CodeIgniter\Boot::runCommand(Object(CodeIgniter\CLI\Console))
10 ROOTPATH\spark(84): CodeIgniter\Boot::bootSpark(Object(Config\Paths))
WARNING - 2026-10-06 08:03:37 --> [DEPRECATED] Creation of dynamic property CodeIgniter\View\View::$session is deprecated in APPPATH\Views\templates\myheader.php on line 4.
 1 SYSTEMPATH\View\View.php(224): include('C:\\xampp\\htdocs\\larga-fms\\app\\Views\\templates\\myheader.php')
 2 SYSTEMPATH\View\View.php(227): CodeIgniter\View\View->CodeIgniter\View\{closure}()
 3 SYSTEMPATH\Common.php(1173): CodeIgniter\View\View->render('templates/myheader.php', [], true)
 4 APPPATH\Views\fms\dispatch\dispatch-main.php(54): view('templates/myheader.php')
 5 SYSTEMPATH\View\View.php(224): include('C:\\xampp\\htdocs\\larga-fms\\app\\Views\\fms\\dispatch\\dispatch-main.php')
 6 SYSTEMPATH\View\View.php(227): CodeIgniter\View\View->CodeIgniter\View\{closure}()
 7 SYSTEMPATH\Common.php(1173): CodeIgniter\View\View->render('fms/dispatch/dispatch-main', [], true)
 8 APPPATH\Controllers\FMS_Dispatch.php(30): view('fms/dispatch/dispatch-main')
 9 APPPATH\Commands\RenderCheck.php(29): App\Controllers\FMS_Dispatch->index()
10 SYSTEMPATH\CLI\Commands.php(70): App\Commands\RenderCheck->run([...])
11 SYSTEMPATH\CLI\Console.php(48): CodeIgniter\CLI\Commands->run('test:render', [...])
12 SYSTEMPATH\Boot.php(360): CodeIgniter\CLI\Console->run()
13 SYSTEMPATH\Boot.php(104): CodeIgniter\Boot::runCommand(Object(CodeIgniter\CLI\Console))
14 ROOTPATH\spark(84): CodeIgniter\Boot::bootSpark(Object(Config\Paths))
WARNING - 2026-10-06 08:03:37 --> [DEPRECATED] Creation of dynamic property CodeIgniter\View\View::$cuser is deprecated in APPPATH\Views\templates\myheader.php on line 5.
 1 SYSTEMPATH\View\View.php(224): include('C:\\xampp\\htdocs\\larga-fms\\app\\Views\\templates\\myheader.php')
 2 SYSTEMPATH\View\View.php(227): CodeIgniter\View\View->CodeIgniter\View\{closure}()
 3 SYSTEMPATH\Common.php(1173): CodeIgniter\View\View->render('templates/myheader.php', [], true)
 4 APPPATH\Views\fms\dispatch\dispatch-main.php(54): view('templates/myheader.php')
 5 SYSTEMPATH\View\View.php(224): include('C:\\xampp\\htdocs\\larga-fms\\app\\Views\\fms\\dispatch\\dispatch-main.php')
 6 SYSTEMPATH\View\View.php(227): CodeIgniter\View\View->CodeIgniter\View\{closure}()
 7 SYSTEMPATH\Common.php(1173): CodeIgniter\View\View->render('fms/dispatch/dispatch-main', [], true)
 8 APPPATH\Controllers\FMS_Dispatch.php(30): view('fms/dispatch/dispatch-main')
 9 APPPATH\Commands\RenderCheck.php(29): App\Controllers\FMS_Dispatch->index()
10 SYSTEMPATH\CLI\Commands.php(70): App\Commands\RenderCheck->run([...])
11 SYSTEMPATH\CLI\Console.php(48): CodeIgniter\CLI\Commands->run('test:render', [...])
12 SYSTEMPATH\Boot.php(360): CodeIgniter\CLI\Console->run()
13 SYSTEMPATH\Boot.php(104): CodeIgniter\Boot::runCommand(Object(CodeIgniter\CLI\Console))
14 ROOTPATH\spark(84): CodeIgniter\Boot::bootSpark(Object(Config\Paths))
DEBUG - 2026-10-06 08:03:37 --> Session: Initialization under CLI aborted.
WARNING - 2026-10-06 08:03:37 --> [DEPRECATED] Creation of dynamic property App\Models\FMS_Trip_Model::$session is deprecated in APPPATH\Models\FMS_Trip_Model.php on line 11.
 1 SYSTEMPATH\Config\Factories.php(235): App\Models\FMS_Trip_Model->__construct(null)
 2 SYSTEMPATH\Config\Factories.php(169): CodeIgniter\Config\Factories::createInstance('models', 'App\\Models\\FMS_Trip_Model', [...])
 3 SYSTEMPATH\Common.php(804): CodeIgniter\Config\Factories::__callStatic('models', [...])
 4 APPPATH\Controllers\FMS_Trip.php(12): model('App\\Models\\FMS_Trip_Model')
 5 APPPATH\Commands\RenderCheck.php(26): App\Controllers\FMS_Trip->__construct()
 6 SYSTEMPATH\CLI\Commands.php(70): App\Commands\RenderCheck->run([...])
 7 SYSTEMPATH\CLI\Console.php(48): CodeIgniter\CLI\Commands->run('test:render', [...])
 8 SYSTEMPATH\Boot.php(360): CodeIgniter\CLI\Console->run()
 9 SYSTEMPATH\Boot.php(104): CodeIgniter\Boot::runCommand(Object(CodeIgniter\CLI\Console))
10 ROOTPATH\spark(84): CodeIgniter\Boot::bootSpark(Object(Config\Paths))
WARNING - 2026-10-06 08:03:37 --> [DEPRECATED] Creation of dynamic property App\Models\FMS_Trip_Model::$request is deprecated in APPPATH\Models\FMS_Trip_Model.php on line 12.
 1 SYSTEMPATH\Config\Factories.php(235): App\Models\FMS_Trip_Model->__construct(null)
 2 SYSTEMPATH\Config\Factories.php(169): CodeIgniter\Config\Factories::createInstance('models', 'App\\Models\\FMS_Trip_Model', [...])
 3 SYSTEMPATH\Common.php(804): CodeIgniter\Config\Factories::__callStatic('models', [...])
 4 APPPATH\Controllers\FMS_Trip.php(12): model('App\\Models\\FMS_Trip_Model')
 5 APPPATH\Commands\RenderCheck.php(26): App\Controllers\FMS_Trip->__construct()
 6 SYSTEMPATH\CLI\Commands.php(70): App\Commands\RenderCheck->run([...])
 7 SYSTEMPATH\CLI\Console.php(48): CodeIgniter\CLI\Commands->run('test:render', [...])
 8 SYSTEMPATH\Boot.php(360): CodeIgniter\CLI\Console->run()
 9 SYSTEMPATH\Boot.php(104): CodeIgniter\Boot::runCommand(Object(CodeIgniter\CLI\Console))
10 ROOTPATH\spark(84): CodeIgniter\Boot::bootSpark(Object(Config\Paths))
WARNING - 2026-10-06 08:03:37 --> [DEPRECATED] Creation of dynamic property App\Models\FMS_Trip_Model::$cuser is deprecated in APPPATH\Models\FMS_Trip_Model.php on line 14.
 1 SYSTEMPATH\Config\Factories.php(235): App\Models\FMS_Trip_Model->__construct(null)
 2 SYSTEMPATH\Config\Factories.php(169): CodeIgniter\Config\Factories::createInstance('models', 'App\\Models\\FMS_Trip_Model', [...])
 3 SYSTEMPATH\Common.php(804): CodeIgniter\Config\Factories::__callStatic('models', [...])
 4 APPPATH\Controllers\FMS_Trip.php(12): model('App\\Models\\FMS_Trip_Model')
 5 APPPATH\Commands\RenderCheck.php(26): App\Controllers\FMS_Trip->__construct()
 6 SYSTEMPATH\CLI\Commands.php(70): App\Commands\RenderCheck->run([...])
 7 SYSTEMPATH\CLI\Console.php(48): CodeIgniter\CLI\Commands->run('test:render', [...])
 8 SYSTEMPATH\Boot.php(360): CodeIgniter\CLI\Console->run()
 9 SYSTEMPATH\Boot.php(104): CodeIgniter\Boot::runCommand(Object(CodeIgniter\CLI\Console))
10 ROOTPATH\spark(84): CodeIgniter\Boot::bootSpark(Object(Config\Paths))
WARNING - 2026-10-06 08:03:37 --> [DEPRECATED] Creation of dynamic property App\Controllers\FMS_Trip::$tripModel is deprecated in APPPATH\Controllers\FMS_Trip.php on line 12.
 1 APPPATH\Commands\RenderCheck.php(26): App\Controllers\FMS_Trip->__construct()
 2 SYSTEMPATH\CLI\Commands.php(70): App\Commands\RenderCheck->run([...])
 3 SYSTEMPATH\CLI\Console.php(48): CodeIgniter\CLI\Commands->run('test:render', [...])
 4 SYSTEMPATH\Boot.php(360): CodeIgniter\CLI\Console->run()
 5 SYSTEMPATH\Boot.php(104): CodeIgniter\Boot::runCommand(Object(CodeIgniter\CLI\Console))
 6 ROOTPATH\spark(84): CodeIgniter\Boot::bootSpark(Object(Config\Paths))
WARNING - 2026-10-06 08:03:37 --> [DEPRECATED] Creation of dynamic property App\Controllers\FMS_Trip::$db is deprecated in APPPATH\Controllers\FMS_Trip.php on line 13.
 1 APPPATH\Commands\RenderCheck.php(26): App\Controllers\FMS_Trip->__construct()
 2 SYSTEMPATH\CLI\Commands.php(70): App\Commands\RenderCheck->run([...])
 3 SYSTEMPATH\CLI\Console.php(48): CodeIgniter\CLI\Commands->run('test:render', [...])
 4 SYSTEMPATH\Boot.php(360): CodeIgniter\CLI\Console->run()
 5 SYSTEMPATH\Boot.php(104): CodeIgniter\Boot::runCommand(Object(CodeIgniter\CLI\Console))
 6 ROOTPATH\spark(84): CodeIgniter\Boot::bootSpark(Object(Config\Paths))
WARNING - 2026-10-06 08:03:37 --> [DEPRECATED] Creation of dynamic property App\Controllers\FMS_Trip::$session is deprecated in APPPATH\Controllers\FMS_Trip.php on line 14.
 1 APPPATH\Commands\RenderCheck.php(26): App\Controllers\FMS_Trip->__construct()
 2 SYSTEMPATH\CLI\Commands.php(70): App\Commands\RenderCheck->run([...])
 3 SYSTEMPATH\CLI\Console.php(48): CodeIgniter\CLI\Commands->run('test:render', [...])
 4 SYSTEMPATH\Boot.php(360): CodeIgniter\CLI\Console->run()
 5 SYSTEMPATH\Boot.php(104): CodeIgniter\Boot::runCommand(Object(CodeIgniter\CLI\Console))
 6 ROOTPATH\spark(84): CodeIgniter\Boot::bootSpark(Object(Config\Paths))
WARNING - 2026-10-06 08:03:37 --> [DEPRECATED] Creation of dynamic property App\Controllers\FMS_Trip::$cuser is deprecated in APPPATH\Controllers\FMS_Trip.php on line 15.
 1 APPPATH\Commands\RenderCheck.php(26): App\Controllers\FMS_Trip->__construct()
 2 SYSTEMPATH\CLI\Commands.php(70): App\Commands\RenderCheck->run([...])
 3 SYSTEMPATH\CLI\Console.php(48): CodeIgniter\CLI\Commands->run('test:render', [...])
 4 SYSTEMPATH\Boot.php(360): CodeIgniter\CLI\Console->run()
 5 SYSTEMPATH\Boot.php(104): CodeIgniter\Boot::runCommand(Object(CodeIgniter\CLI\Console))
 6 ROOTPATH\spark(84): CodeIgniter\Boot::bootSpark(Object(Config\Paths))
WARNING - 2026-10-06 08:03:37 --> [DEPRECATED] Creation of dynamic property CodeIgniter\View\View::$request is deprecated in APPPATH\Views\fms\trip\trip-main.php on line 2.
 1 SYSTEMPATH\View\View.php(224): include('C:\\xampp\\htdocs\\larga-fms\\app\\Views\\fms\\trip\\trip-main.php')
 2 SYSTEMPATH\View\View.php(227): CodeIgniter\View\View->CodeIgniter\View\{closure}()
 3 SYSTEMPATH\Common.php(1173): CodeIgniter\View\View->render('fms/trip/trip-main', [], true)
 4 APPPATH\Controllers\FMS_Trip.php(30): view('fms/trip/trip-main')
 5 APPPATH\Commands\RenderCheck.php(29): App\Controllers\FMS_Trip->index()
 6 SYSTEMPATH\CLI\Commands.php(70): App\Commands\RenderCheck->run([...])
 7 SYSTEMPATH\CLI\Console.php(48): CodeIgniter\CLI\Commands->run('test:render', [...])
 8 SYSTEMPATH\Boot.php(360): CodeIgniter\CLI\Console->run()
 9 SYSTEMPATH\Boot.php(104): CodeIgniter\Boot::runCommand(Object(CodeIgniter\CLI\Console))
10 ROOTPATH\spark(84): CodeIgniter\Boot::bootSpark(Object(Config\Paths))
WARNING - 2026-10-06 08:03:37 --> [DEPRECATED] Creation of dynamic property CodeIgniter\View\View::$db is deprecated in APPPATH\Views\fms\trip\trip-main.php on line 3.
 1 SYSTEMPATH\View\View.php(224): include('C:\\xampp\\htdocs\\larga-fms\\app\\Views\\fms\\trip\\trip-main.php')
 2 SYSTEMPATH\View\View.php(227): CodeIgniter\View\View->CodeIgniter\View\{closure}()
 3 SYSTEMPATH\Common.php(1173): CodeIgniter\View\View->render('fms/trip/trip-main', [], true)
 4 APPPATH\Controllers\FMS_Trip.php(30): view('fms/trip/trip-main')
 5 APPPATH\Commands\RenderCheck.php(29): App\Controllers\FMS_Trip->index()
 6 SYSTEMPATH\CLI\Commands.php(70): App\Commands\RenderCheck->run([...])
 7 SYSTEMPATH\CLI\Console.php(48): CodeIgniter\CLI\Commands->run('test:render', [...])
 8 SYSTEMPATH\Boot.php(360): CodeIgniter\CLI\Console->run()
 9 SYSTEMPATH\Boot.php(104): CodeIgniter\Boot::runCommand(Object(CodeIgniter\CLI\Console))
10 ROOTPATH\spark(84): CodeIgniter\Boot::bootSpark(Object(Config\Paths))
WARNING - 2026-10-06 08:03:37 --> [DEPRECATED] Creation of dynamic property CodeIgniter\View\View::$session is deprecated in APPPATH\Views\templates\myheader.php on line 4.
 1 SYSTEMPATH\View\View.php(224): include('C:\\xampp\\htdocs\\larga-fms\\app\\Views\\templates\\myheader.php')
 2 SYSTEMPATH\View\View.php(227): CodeIgniter\View\View->CodeIgniter\View\{closure}()
 3 SYSTEMPATH\Common.php(1173): CodeIgniter\View\View->render('templates/myheader.php', [], true)
 4 APPPATH\Views\fms\trip\trip-main.php(26): view('templates/myheader.php')
 5 SYSTEMPATH\View\View.php(224): include('C:\\xampp\\htdocs\\larga-fms\\app\\Views\\fms\\trip\\trip-main.php')
 6 SYSTEMPATH\View\View.php(227): CodeIgniter\View\View->CodeIgniter\View\{closure}()
 7 SYSTEMPATH\Common.php(1173): CodeIgniter\View\View->render('fms/trip/trip-main', [], true)
 8 APPPATH\Controllers\FMS_Trip.php(30): view('fms/trip/trip-main')
 9 APPPATH\Commands\RenderCheck.php(29): App\Controllers\FMS_Trip->index()
10 SYSTEMPATH\CLI\Commands.php(70): App\Commands\RenderCheck->run([...])
11 SYSTEMPATH\CLI\Console.php(48): CodeIgniter\CLI\Commands->run('test:render', [...])
12 SYSTEMPATH\Boot.php(360): CodeIgniter\CLI\Console->run()
13 SYSTEMPATH\Boot.php(104): CodeIgniter\Boot::runCommand(Object(CodeIgniter\CLI\Console))
14 ROOTPATH\spark(84): CodeIgniter\Boot::bootSpark(Object(Config\Paths))
WARNING - 2026-10-06 08:03:37 --> [DEPRECATED] Creation of dynamic property CodeIgniter\View\View::$cuser is deprecated in APPPATH\Views\templates\myheader.php on line 5.
 1 SYSTEMPATH\View\View.php(224): include('C:\\xampp\\htdocs\\larga-fms\\app\\Views\\templates\\myheader.php')
 2 SYSTEMPATH\View\View.php(227): CodeIgniter\View\View->CodeIgniter\View\{closure}()
 3 SYSTEMPATH\Common.php(1173): CodeIgniter\View\View->render('templates/myheader.php', [], true)
 4 APPPATH\Views\fms\trip\trip-main.php(26): view('templates/myheader.php')
 5 SYSTEMPATH\View\View.php(224): include('C:\\xampp\\htdocs\\larga-fms\\app\\Views\\fms\\trip\\trip-main.php')
 6 SYSTEMPATH\View\View.php(227): CodeIgniter\View\View->CodeIgniter\View\{closure}()
 7 SYSTEMPATH\Common.php(1173): CodeIgniter\View\View->render('fms/trip/trip-main', [], true)
 8 APPPATH\Controllers\FMS_Trip.php(30): view('fms/trip/trip-main')
 9 APPPATH\Commands\RenderCheck.php(29): App\Controllers\FMS_Trip->index()
10 SYSTEMPATH\CLI\Commands.php(70): App\Commands\RenderCheck->run([...])
11 SYSTEMPATH\CLI\Console.php(48): CodeIgniter\CLI\Commands->run('test:render', [...])
12 SYSTEMPATH\Boot.php(360): CodeIgniter\CLI\Console->run()
13 SYSTEMPATH\Boot.php(104): CodeIgniter\Boot::runCommand(Object(CodeIgniter\CLI\Console))
14 ROOTPATH\spark(84): CodeIgniter\Boot::bootSpark(Object(Config\Paths))
DEBUG - 2026-10-06 09:01:02 --> Session: Initialization under CLI aborted.
WARNING - 2026-10-06 09:01:02 --> [DEPRECATED] Creation of dynamic property App\Models\FMS_Trip_Model::$session is deprecated in APPPATH\Models\FMS_Trip_Model.php on line 11.
 1 SYSTEMPATH\Config\Factories.php(235): App\Models\FMS_Trip_Model->__construct(null)
 2 SYSTEMPATH\Config\Factories.php(169): CodeIgniter\Config\Factories::createInstance('models', 'App\\Models\\FMS_Trip_Model', [...])
 3 SYSTEMPATH\Common.php(804): CodeIgniter\Config\Factories::__callStatic('models', [...])
 4 APPPATH\Commands\E2EVendorTest.php(53): model('App\\Models\\FMS_Trip_Model')
 5 APPPATH\Commands\E2EVendorTest.php(90): App\Commands\E2EVendorTest->m('FMS_Trip_Model', [...])
 6 SYSTEMPATH\CLI\Commands.php(70): App\Commands\E2EVendorTest->run([...])
 7 SYSTEMPATH\CLI\Console.php(48): CodeIgniter\CLI\Commands->run('test:e2e-vendor', [...])
 8 SYSTEMPATH\Boot.php(360): CodeIgniter\CLI\Console->run()
 9 SYSTEMPATH\Boot.php(104): CodeIgniter\Boot::runCommand(Object(CodeIgniter\CLI\Console))
10 ROOTPATH\spark(84): CodeIgniter\Boot::bootSpark(Object(Config\Paths))
WARNING - 2026-10-06 09:01:02 --> [DEPRECATED] Creation of dynamic property App\Models\FMS_Trip_Model::$request is deprecated in APPPATH\Models\FMS_Trip_Model.php on line 12.
 1 SYSTEMPATH\Config\Factories.php(235): App\Models\FMS_Trip_Model->__construct(null)
 2 SYSTEMPATH\Config\Factories.php(169): CodeIgniter\Config\Factories::createInstance('models', 'App\\Models\\FMS_Trip_Model', [...])
 3 SYSTEMPATH\Common.php(804): CodeIgniter\Config\Factories::__callStatic('models', [...])
 4 APPPATH\Commands\E2EVendorTest.php(53): model('App\\Models\\FMS_Trip_Model')
 5 APPPATH\Commands\E2EVendorTest.php(90): App\Commands\E2EVendorTest->m('FMS_Trip_Model', [...])
 6 SYSTEMPATH\CLI\Commands.php(70): App\Commands\E2EVendorTest->run([...])
 7 SYSTEMPATH\CLI\Console.php(48): CodeIgniter\CLI\Commands->run('test:e2e-vendor', [...])
 8 SYSTEMPATH\Boot.php(360): CodeIgniter\CLI\Console->run()
 9 SYSTEMPATH\Boot.php(104): CodeIgniter\Boot::runCommand(Object(CodeIgniter\CLI\Console))
10 ROOTPATH\spark(84): CodeIgniter\Boot::bootSpark(Object(Config\Paths))
WARNING - 2026-10-06 09:01:02 --> [DEPRECATED] Creation of dynamic property App\Models\FMS_Trip_Model::$cuser is deprecated in APPPATH\Models\FMS_Trip_Model.php on line 14.
 1 SYSTEMPATH\Config\Factories.php(235): App\Models\FMS_Trip_Model->__construct(null)
 2 SYSTEMPATH\Config\Factories.php(169): CodeIgniter\Config\Factories::createInstance('models', 'App\\Models\\FMS_Trip_Model', [...])
 3 SYSTEMPATH\Common.php(804): CodeIgniter\Config\Factories::__callStatic('models', [...])
 4 APPPATH\Commands\E2EVendorTest.php(53): model('App\\Models\\FMS_Trip_Model')
 5 APPPATH\Commands\E2EVendorTest.php(90): App\Commands\E2EVendorTest->m('FMS_Trip_Model', [...])
 6 SYSTEMPATH\CLI\Commands.php(70): App\Commands\E2EVendorTest->run([...])
 7 SYSTEMPATH\CLI\Console.php(48): CodeIgniter\CLI\Commands->run('test:e2e-vendor', [...])
 8 SYSTEMPATH\Boot.php(360): CodeIgniter\CLI\Console->run()
 9 SYSTEMPATH\Boot.php(104): CodeIgniter\Boot::runCommand(Object(CodeIgniter\CLI\Console))
10 ROOTPATH\spark(84): CodeIgniter\Boot::bootSpark(Object(Config\Paths))
WARNING - 2026-10-06 09:01:02 --> [DEPRECATED] Creation of dynamic property App\Models\FMS_Dispatch_Model::$session is deprecated in APPPATH\Models\FMS_Dispatch_Model.php on line 11.
 1 SYSTEMPATH\Config\Factories.php(235): App\Models\FMS_Dispatch_Model->__construct(null)
 2 SYSTEMPATH\Config\Factories.php(169): CodeIgniter\Config\Factories::createInstance('models', 'App\\Models\\FMS_Dispatch_Model', [...])
 3 SYSTEMPATH\Common.php(804): CodeIgniter\Config\Factories::__callStatic('models', [...])
 4 APPPATH\Commands\E2EVendorTest.php(53): model('App\\Models\\FMS_Dispatch_Model')
 5 APPPATH\Commands\E2EVendorTest.php(141): App\Commands\E2EVendorTest->m('FMS_Dispatch_Model', [...])
 6 SYSTEMPATH\CLI\Commands.php(70): App\Commands\E2EVendorTest->run([...])
 7 SYSTEMPATH\CLI\Console.php(48): CodeIgniter\CLI\Commands->run('test:e2e-vendor', [...])
 8 SYSTEMPATH\Boot.php(360): CodeIgniter\CLI\Console->run()
 9 SYSTEMPATH\Boot.php(104): CodeIgniter\Boot::runCommand(Object(CodeIgniter\CLI\Console))
10 ROOTPATH\spark(84): CodeIgniter\Boot::bootSpark(Object(Config\Paths))
WARNING - 2026-10-06 09:01:02 --> [DEPRECATED] Creation of dynamic property App\Models\FMS_Dispatch_Model::$request is deprecated in APPPATH\Models\FMS_Dispatch_Model.php on line 12.
 1 SYSTEMPATH\Config\Factories.php(235): App\Models\FMS_Dispatch_Model->__construct(null)
 2 SYSTEMPATH\Config\Factories.php(169): CodeIgniter\Config\Factories::createInstance('models', 'App\\Models\\FMS_Dispatch_Model', [...])
 3 SYSTEMPATH\Common.php(804): CodeIgniter\Config\Factories::__callStatic('models', [...])
 4 APPPATH\Commands\E2EVendorTest.php(53): model('App\\Models\\FMS_Dispatch_Model')
 5 APPPATH\Commands\E2EVendorTest.php(141): App\Commands\E2EVendorTest->m('FMS_Dispatch_Model', [...])
 6 SYSTEMPATH\CLI\Commands.php(70): App\Commands\E2EVendorTest->run([...])
 7 SYSTEMPATH\CLI\Console.php(48): CodeIgniter\CLI\Commands->run('test:e2e-vendor', [...])
 8 SYSTEMPATH\Boot.php(360): CodeIgniter\CLI\Console->run()
 9 SYSTEMPATH\Boot.php(104): CodeIgniter\Boot::runCommand(Object(CodeIgniter\CLI\Console))
10 ROOTPATH\spark(84): CodeIgniter\Boot::bootSpark(Object(Config\Paths))
WARNING - 2026-10-06 09:01:02 --> [DEPRECATED] Creation of dynamic property App\Models\FMS_Dispatch_Model::$cuser is deprecated in APPPATH\Models\FMS_Dispatch_Model.php on line 14.
 1 SYSTEMPATH\Config\Factories.php(235): App\Models\FMS_Dispatch_Model->__construct(null)
 2 SYSTEMPATH\Config\Factories.php(169): CodeIgniter\Config\Factories::createInstance('models', 'App\\Models\\FMS_Dispatch_Model', [...])
 3 SYSTEMPATH\Common.php(804): CodeIgniter\Config\Factories::__callStatic('models', [...])
 4 APPPATH\Commands\E2EVendorTest.php(53): model('App\\Models\\FMS_Dispatch_Model')
 5 APPPATH\Commands\E2EVendorTest.php(141): App\Commands\E2EVendorTest->m('FMS_Dispatch_Model', [...])
 6 SYSTEMPATH\CLI\Commands.php(70): App\Commands\E2EVendorTest->run([...])
 7 SYSTEMPATH\CLI\Console.php(48): CodeIgniter\CLI\Commands->run('test:e2e-vendor', [...])
 8 SYSTEMPATH\Boot.php(360): CodeIgniter\CLI\Console->run()
 9 SYSTEMPATH\Boot.php(104): CodeIgniter\Boot::runCommand(Object(CodeIgniter\CLI\Console))
10 ROOTPATH\spark(84): CodeIgniter\Boot::bootSpark(Object(Config\Paths))
WARNING - 2026-10-06 09:01:02 --> [DEPRECATED] Creation of dynamic property App\Models\FMS_DeliveryReceipt_Model::$session is deprecated in APPPATH\Models\FMS_DeliveryReceipt_Model.php on line 11.
 1 SYSTEMPATH\Config\Factories.php(235): App\Models\FMS_DeliveryReceipt_Model->__construct(null)
 2 SYSTEMPATH\Config\Factories.php(169): CodeIgniter\Config\Factories::createInstance('models', 'App\\Models\\FMS_DeliveryReceipt_Model', [...])
 3 SYSTEMPATH\Common.php(804): CodeIgniter\Config\Factories::__callStatic('models', [...])
 4 APPPATH\Commands\E2EVendorTest.php(53): model('App\\Models\\FMS_DeliveryReceipt_Model')
 5 APPPATH\Commands\E2EVendorTest.php(158): App\Commands\E2EVendorTest->m('FMS_DeliveryReceipt_Model', [...])
 6 SYSTEMPATH\CLI\Commands.php(70): App\Commands\E2EVendorTest->run([...])
 7 SYSTEMPATH\CLI\Console.php(48): CodeIgniter\CLI\Commands->run('test:e2e-vendor', [...])
 8 SYSTEMPATH\Boot.php(360): CodeIgniter\CLI\Console->run()
 9 SYSTEMPATH\Boot.php(104): CodeIgniter\Boot::runCommand(Object(CodeIgniter\CLI\Console))
10 ROOTPATH\spark(84): CodeIgniter\Boot::bootSpark(Object(Config\Paths))
WARNING - 2026-10-06 09:01:02 --> [DEPRECATED] Creation of dynamic property App\Models\FMS_DeliveryReceipt_Model::$request is deprecated in APPPATH\Models\FMS_DeliveryReceipt_Model.php on line 12.
 1 SYSTEMPATH\Config\Factories.php(235): App\Models\FMS_DeliveryReceipt_Model->__construct(null)
 2 SYSTEMPATH\Config\Factories.php(169): CodeIgniter\Config\Factories::createInstance('models', 'App\\Models\\FMS_DeliveryReceipt_Model', [...])
 3 SYSTEMPATH\Common.php(804): CodeIgniter\Config\Factories::__callStatic('models', [...])
 4 APPPATH\Commands\E2EVendorTest.php(53): model('App\\Models\\FMS_DeliveryReceipt_Model')
 5 APPPATH\Commands\E2EVendorTest.php(158): App\Commands\E2EVendorTest->m('FMS_DeliveryReceipt_Model', [...])
 6 SYSTEMPATH\CLI\Commands.php(70): App\Commands\E2EVendorTest->run([...])
 7 SYSTEMPATH\CLI\Console.php(48): CodeIgniter\CLI\Commands->run('test:e2e-vendor', [...])
 8 SYSTEMPATH\Boot.php(360): CodeIgniter\CLI\Console->run()
 9 SYSTEMPATH\Boot.php(104): CodeIgniter\Boot::runCommand(Object(CodeIgniter\CLI\Console))
10 ROOTPATH\spark(84): CodeIgniter\Boot::bootSpark(Object(Config\Paths))
WARNING - 2026-10-06 09:01:02 --> [DEPRECATED] Creation of dynamic property App\Models\FMS_DeliveryReceipt_Model::$cuser is deprecated in APPPATH\Models\FMS_DeliveryReceipt_Model.php on line 14.
 1 SYSTEMPATH\Config\Factories.php(235): App\Models\FMS_DeliveryReceipt_Model->__construct(null)
 2 SYSTEMPATH\Config\Factories.php(169): CodeIgniter\Config\Factories::createInstance('models', 'App\\Models\\FMS_DeliveryReceipt_Model', [...])
 3 SYSTEMPATH\Common.php(804): CodeIgniter\Config\Factories::__callStatic('models', [...])
 4 APPPATH\Commands\E2EVendorTest.php(53): model('App\\Models\\FMS_DeliveryReceipt_Model')
 5 APPPATH\Commands\E2EVendorTest.php(158): App\Commands\E2EVendorTest->m('FMS_DeliveryReceipt_Model', [...])
 6 SYSTEMPATH\CLI\Commands.php(70): App\Commands\E2EVendorTest->run([...])
 7 SYSTEMPATH\CLI\Console.php(48): CodeIgniter\CLI\Commands->run('test:e2e-vendor', [...])
 8 SYSTEMPATH\Boot.php(360): CodeIgniter\CLI\Console->run()
 9 SYSTEMPATH\Boot.php(104): CodeIgniter\Boot::runCommand(Object(CodeIgniter\CLI\Console))
10 ROOTPATH\spark(84): CodeIgniter\Boot::bootSpark(Object(Config\Paths))
WARNING - 2026-10-06 09:01:02 --> [DEPRECATED] Creation of dynamic property App\Models\FMS_Billing_Model::$session is deprecated in APPPATH\Models\FMS_Billing_Model.php on line 11.
 1 SYSTEMPATH\Config\Factories.php(235): App\Models\FMS_Billing_Model->__construct(null)
 2 SYSTEMPATH\Config\Factories.php(169): CodeIgniter\Config\Factories::createInstance('models', 'App\\Models\\FMS_Billing_Model', [...])
 3 SYSTEMPATH\Common.php(804): CodeIgniter\Config\Factories::__callStatic('models', [...])
 4 APPPATH\Commands\E2EVendorTest.php(53): model('App\\Models\\FMS_Billing_Model')
 5 APPPATH\Commands\E2EVendorTest.php(181): App\Commands\E2EVendorTest->m('FMS_Billing_Model', [...])
 6 SYSTEMPATH\CLI\Commands.php(70): App\Commands\E2EVendorTest->run([...])
 7 SYSTEMPATH\CLI\Console.php(48): CodeIgniter\CLI\Commands->run('test:e2e-vendor', [...])
 8 SYSTEMPATH\Boot.php(360): CodeIgniter\CLI\Console->run()
 9 SYSTEMPATH\Boot.php(104): CodeIgniter\Boot::runCommand(Object(CodeIgniter\CLI\Console))
10 ROOTPATH\spark(84): CodeIgniter\Boot::bootSpark(Object(Config\Paths))
WARNING - 2026-10-06 09:01:02 --> [DEPRECATED] Creation of dynamic property App\Models\FMS_Billing_Model::$request is deprecated in APPPATH\Models\FMS_Billing_Model.php on line 12.
 1 SYSTEMPATH\Config\Factories.php(235): App\Models\FMS_Billing_Model->__construct(null)
 2 SYSTEMPATH\Config\Factories.php(169): CodeIgniter\Config\Factories::createInstance('models', 'App\\Models\\FMS_Billing_Model', [...])
 3 SYSTEMPATH\Common.php(804): CodeIgniter\Config\Factories::__callStatic('models', [...])
 4 APPPATH\Commands\E2EVendorTest.php(53): model('App\\Models\\FMS_Billing_Model')
 5 APPPATH\Commands\E2EVendorTest.php(181): App\Commands\E2EVendorTest->m('FMS_Billing_Model', [...])
 6 SYSTEMPATH\CLI\Commands.php(70): App\Commands\E2EVendorTest->run([...])
 7 SYSTEMPATH\CLI\Console.php(48): CodeIgniter\CLI\Commands->run('test:e2e-vendor', [...])
 8 SYSTEMPATH\Boot.php(360): CodeIgniter\CLI\Console->run()
 9 SYSTEMPATH\Boot.php(104): CodeIgniter\Boot::runCommand(Object(CodeIgniter\CLI\Console))
10 ROOTPATH\spark(84): CodeIgniter\Boot::bootSpark(Object(Config\Paths))
WARNING - 2026-10-06 09:01:02 --> [DEPRECATED] Creation of dynamic property App\Models\FMS_Billing_Model::$cuser is deprecated in APPPATH\Models\FMS_Billing_Model.php on line 14.
 1 SYSTEMPATH\Config\Factories.php(235): App\Models\FMS_Billing_Model->__construct(null)
 2 SYSTEMPATH\Config\Factories.php(169): CodeIgniter\Config\Factories::createInstance('models', 'App\\Models\\FMS_Billing_Model', [...])
 3 SYSTEMPATH\Common.php(804): CodeIgniter\Config\Factories::__callStatic('models', [...])
 4 APPPATH\Commands\E2EVendorTest.php(53): model('App\\Models\\FMS_Billing_Model')
 5 APPPATH\Commands\E2EVendorTest.php(181): App\Commands\E2EVendorTest->m('FMS_Billing_Model', [...])
 6 SYSTEMPATH\CLI\Commands.php(70): App\Commands\E2EVendorTest->run([...])
 7 SYSTEMPATH\CLI\Console.php(48): CodeIgniter\CLI\Commands->run('test:e2e-vendor', [...])
 8 SYSTEMPATH\Boot.php(360): CodeIgniter\CLI\Console->run()
 9 SYSTEMPATH\Boot.php(104): CodeIgniter\Boot::runCommand(Object(CodeIgniter\CLI\Console))
10 ROOTPATH\spark(84): CodeIgniter\Boot::bootSpark(Object(Config\Paths))
WARNING - 2026-10-06 09:01:02 --> [DEPRECATED] Creation of dynamic property App\Models\FMS_Invoice_Model::$session is deprecated in APPPATH\Models\FMS_Invoice_Model.php on line 11.
 1 SYSTEMPATH\Config\Factories.php(235): App\Models\FMS_Invoice_Model->__construct(null)
 2 SYSTEMPATH\Config\Factories.php(169): CodeIgniter\Config\Factories::createInstance('models', 'App\\Models\\FMS_Invoice_Model', [...])
 3 SYSTEMPATH\Common.php(804): CodeIgniter\Config\Factories::__callStatic('models', [...])
 4 APPPATH\Commands\E2EVendorTest.php(53): model('App\\Models\\FMS_Invoice_Model')
 5 APPPATH\Commands\E2EVendorTest.php(187): App\Commands\E2EVendorTest->m('FMS_Invoice_Model', [...])
 6 SYSTEMPATH\CLI\Commands.php(70): App\Commands\E2EVendorTest->run([...])
 7 SYSTEMPATH\CLI\Console.php(48): CodeIgniter\CLI\Commands->run('test:e2e-vendor', [...])
 8 SYSTEMPATH\Boot.php(360): CodeIgniter\CLI\Console->run()
 9 SYSTEMPATH\Boot.php(104): CodeIgniter\Boot::runCommand(Object(CodeIgniter\CLI\Console))
10 ROOTPATH\spark(84): CodeIgniter\Boot::bootSpark(Object(Config\Paths))
WARNING - 2026-10-06 09:01:02 --> [DEPRECATED] Creation of dynamic property App\Models\FMS_Invoice_Model::$request is deprecated in APPPATH\Models\FMS_Invoice_Model.php on line 12.
 1 SYSTEMPATH\Config\Factories.php(235): App\Models\FMS_Invoice_Model->__construct(null)
 2 SYSTEMPATH\Config\Factories.php(169): CodeIgniter\Config\Factories::createInstance('models', 'App\\Models\\FMS_Invoice_Model', [...])
 3 SYSTEMPATH\Common.php(804): CodeIgniter\Config\Factories::__callStatic('models', [...])
 4 APPPATH\Commands\E2EVendorTest.php(53): model('App\\Models\\FMS_Invoice_Model')
 5 APPPATH\Commands\E2EVendorTest.php(187): App\Commands\E2EVendorTest->m('FMS_Invoice_Model', [...])
 6 SYSTEMPATH\CLI\Commands.php(70): App\Commands\E2EVendorTest->run([...])
 7 SYSTEMPATH\CLI\Console.php(48): CodeIgniter\CLI\Commands->run('test:e2e-vendor', [...])
 8 SYSTEMPATH\Boot.php(360): CodeIgniter\CLI\Console->run()
 9 SYSTEMPATH\Boot.php(104): CodeIgniter\Boot::runCommand(Object(CodeIgniter\CLI\Console))
10 ROOTPATH\spark(84): CodeIgniter\Boot::bootSpark(Object(Config\Paths))
WARNING - 2026-10-06 09:01:02 --> [DEPRECATED] Creation of dynamic property App\Models\FMS_Invoice_Model::$cuser is deprecated in APPPATH\Models\FMS_Invoice_Model.php on line 14.
 1 SYSTEMPATH\Config\Factories.php(235): App\Models\FMS_Invoice_Model->__construct(null)
 2 SYSTEMPATH\Config\Factories.php(169): CodeIgniter\Config\Factories::createInstance('models', 'App\\Models\\FMS_Invoice_Model', [...])
 3 SYSTEMPATH\Common.php(804): CodeIgniter\Config\Factories::__callStatic('models', [...])
 4 APPPATH\Commands\E2EVendorTest.php(53): model('App\\Models\\FMS_Invoice_Model')
 5 APPPATH\Commands\E2EVendorTest.php(187): App\Commands\E2EVendorTest->m('FMS_Invoice_Model', [...])
 6 SYSTEMPATH\CLI\Commands.php(70): App\Commands\E2EVendorTest->run([...])
 7 SYSTEMPATH\CLI\Console.php(48): CodeIgniter\CLI\Commands->run('test:e2e-vendor', [...])
 8 SYSTEMPATH\Boot.php(360): CodeIgniter\CLI\Console->run()
 9 SYSTEMPATH\Boot.php(104): CodeIgniter\Boot::runCommand(Object(CodeIgniter\CLI\Console))
10 ROOTPATH\spark(84): CodeIgniter\Boot::bootSpark(Object(Config\Paths))
WARNING - 2026-10-06 09:01:02 --> [DEPRECATED] Creation of dynamic property App\Models\FMS_Payment_Model::$session is deprecated in APPPATH\Models\FMS_Payment_Model.php on line 11.
 1 SYSTEMPATH\Config\Factories.php(235): App\Models\FMS_Payment_Model->__construct(null)
 2 SYSTEMPATH\Config\Factories.php(169): CodeIgniter\Config\Factories::createInstance('models', 'App\\Models\\FMS_Payment_Model', [...])
 3 SYSTEMPATH\Common.php(804): CodeIgniter\Config\Factories::__callStatic('models', [...])
 4 APPPATH\Commands\E2EVendorTest.php(53): model('App\\Models\\FMS_Payment_Model')
 5 APPPATH\Commands\E2EVendorTest.php(192): App\Commands\E2EVendorTest->m('FMS_Payment_Model', [...])
 6 SYSTEMPATH\CLI\Commands.php(70): App\Commands\E2EVendorTest->run([...])
 7 SYSTEMPATH\CLI\Console.php(48): CodeIgniter\CLI\Commands->run('test:e2e-vendor', [...])
 8 SYSTEMPATH\Boot.php(360): CodeIgniter\CLI\Console->run()
 9 SYSTEMPATH\Boot.php(104): CodeIgniter\Boot::runCommand(Object(CodeIgniter\CLI\Console))
10 ROOTPATH\spark(84): CodeIgniter\Boot::bootSpark(Object(Config\Paths))
WARNING - 2026-10-06 09:01:02 --> [DEPRECATED] Creation of dynamic property App\Models\FMS_Payment_Model::$request is deprecated in APPPATH\Models\FMS_Payment_Model.php on line 12.
 1 SYSTEMPATH\Config\Factories.php(235): App\Models\FMS_Payment_Model->__construct(null)
 2 SYSTEMPATH\Config\Factories.php(169): CodeIgniter\Config\Factories::createInstance('models', 'App\\Models\\FMS_Payment_Model', [...])
 3 SYSTEMPATH\Common.php(804): CodeIgniter\Config\Factories::__callStatic('models', [...])
 4 APPPATH\Commands\E2EVendorTest.php(53): model('App\\Models\\FMS_Payment_Model')
 5 APPPATH\Commands\E2EVendorTest.php(192): App\Commands\E2EVendorTest->m('FMS_Payment_Model', [...])
 6 SYSTEMPATH\CLI\Commands.php(70): App\Commands\E2EVendorTest->run([...])
 7 SYSTEMPATH\CLI\Console.php(48): CodeIgniter\CLI\Commands->run('test:e2e-vendor', [...])
 8 SYSTEMPATH\Boot.php(360): CodeIgniter\CLI\Console->run()
 9 SYSTEMPATH\Boot.php(104): CodeIgniter\Boot::runCommand(Object(CodeIgniter\CLI\Console))
10 ROOTPATH\spark(84): CodeIgniter\Boot::bootSpark(Object(Config\Paths))
WARNING - 2026-10-06 09:01:02 --> [DEPRECATED] Creation of dynamic property App\Models\FMS_Payment_Model::$cuser is deprecated in APPPATH\Models\FMS_Payment_Model.php on line 14.
 1 SYSTEMPATH\Config\Factories.php(235): App\Models\FMS_Payment_Model->__construct(null)
 2 SYSTEMPATH\Config\Factories.php(169): CodeIgniter\Config\Factories::createInstance('models', 'App\\Models\\FMS_Payment_Model', [...])
 3 SYSTEMPATH\Common.php(804): CodeIgniter\Config\Factories::__callStatic('models', [...])
 4 APPPATH\Commands\E2EVendorTest.php(53): model('App\\Models\\FMS_Payment_Model')
 5 APPPATH\Commands\E2EVendorTest.php(192): App\Commands\E2EVendorTest->m('FMS_Payment_Model', [...])
 6 SYSTEMPATH\CLI\Commands.php(70): App\Commands\E2EVendorTest->run([...])
 7 SYSTEMPATH\CLI\Console.php(48): CodeIgniter\CLI\Commands->run('test:e2e-vendor', [...])
 8 SYSTEMPATH\Boot.php(360): CodeIgniter\CLI\Console->run()
 9 SYSTEMPATH\Boot.php(104): CodeIgniter\Boot::runCommand(Object(CodeIgniter\CLI\Console))
10 ROOTPATH\spark(84): CodeIgniter\Boot::bootSpark(Object(Config\Paths))
WARNING - 2026-10-06 09:01:02 --> [DEPRECATED] Creation of dynamic property App\Models\FMS_OperationsReports_Model::$request is deprecated in APPPATH\Models\FMS_OperationsReports_Model.php on line 11.
 1 SYSTEMPATH\Config\Factories.php(235): App\Models\FMS_OperationsReports_Model->__construct(null)
 2 SYSTEMPATH\Config\Factories.php(169): CodeIgniter\Config\Factories::createInstance('models', 'App\\Models\\FMS_OperationsReports_Model', [...])
 3 SYSTEMPATH\Common.php(804): CodeIgniter\Config\Factories::__callStatic('models', [...])
 4 APPPATH\Commands\E2EVendorTest.php(53): model('App\\Models\\FMS_OperationsReports_Model')
 5 APPPATH\Commands\E2EVendorTest.php(202): App\Commands\E2EVendorTest->m('FMS_OperationsReports_Model')
 6 SYSTEMPATH\CLI\Commands.php(70): App\Commands\E2EVendorTest->run([...])
 7 SYSTEMPATH\CLI\Console.php(48): CodeIgniter\CLI\Commands->run('test:e2e-vendor', [...])
 8 SYSTEMPATH\Boot.php(360): CodeIgniter\CLI\Console->run()
 9 SYSTEMPATH\Boot.php(104): CodeIgniter\Boot::runCommand(Object(CodeIgniter\CLI\Console))
10 ROOTPATH\spark(84): CodeIgniter\Boot::bootSpark(Object(Config\Paths))
WARNING - 2026-10-06 09:01:02 --> [DEPRECATED] Creation of dynamic property App\Models\FMS_OperationsReports_Model::$cuser is deprecated in APPPATH\Commands\E2EVendorTest.php on line 57.
 1 APPPATH\Commands\E2EVendorTest.php(202): App\Commands\E2EVendorTest->m('FMS_OperationsReports_Model')
 2 SYSTEMPATH\CLI\Commands.php(70): App\Commands\E2EVendorTest->run([...])
 3 SYSTEMPATH\CLI\Console.php(48): CodeIgniter\CLI\Commands->run('test:e2e-vendor', [...])
 4 SYSTEMPATH\Boot.php(360): CodeIgniter\CLI\Console->run()
 5 SYSTEMPATH\Boot.php(104): CodeIgniter\Boot::runCommand(Object(CodeIgniter\CLI\Console))
 6 ROOTPATH\spark(84): CodeIgniter\Boot::bootSpark(Object(Config\Paths))
DEBUG - 2026-10-06 09:02:20 --> Session: Initialization under CLI aborted.
WARNING - 2026-10-06 09:02:20 --> [DEPRECATED] Creation of dynamic property App\Models\FMS_Trip_Model::$session is deprecated in APPPATH\Models\FMS_Trip_Model.php on line 11.
 1 SYSTEMPATH\Config\Factories.php(235): App\Models\FMS_Trip_Model->__construct(null)
 2 SYSTEMPATH\Config\Factories.php(169): CodeIgniter\Config\Factories::createInstance('models', 'App\\Models\\FMS_Trip_Model', [...])
 3 SYSTEMPATH\Common.php(804): CodeIgniter\Config\Factories::__callStatic('models', [...])
 4 APPPATH\Controllers\FMS_Trip.php(12): model('App\\Models\\FMS_Trip_Model')
 5 APPPATH\Commands\DumpPage.php(24): App\Controllers\FMS_Trip->__construct()
 6 SYSTEMPATH\CLI\Commands.php(70): App\Commands\DumpPage->run([...])
 7 SYSTEMPATH\CLI\Console.php(48): CodeIgniter\CLI\Commands->run('test:dump', [...])
 8 SYSTEMPATH\Boot.php(360): CodeIgniter\CLI\Console->run()
 9 SYSTEMPATH\Boot.php(104): CodeIgniter\Boot::runCommand(Object(CodeIgniter\CLI\Console))
10 ROOTPATH\spark(84): CodeIgniter\Boot::bootSpark(Object(Config\Paths))
WARNING - 2026-10-06 09:02:20 --> [DEPRECATED] Creation of dynamic property App\Models\FMS_Trip_Model::$request is deprecated in APPPATH\Models\FMS_Trip_Model.php on line 12.
 1 SYSTEMPATH\Config\Factories.php(235): App\Models\FMS_Trip_Model->__construct(null)
 2 SYSTEMPATH\Config\Factories.php(169): CodeIgniter\Config\Factories::createInstance('models', 'App\\Models\\FMS_Trip_Model', [...])
 3 SYSTEMPATH\Common.php(804): CodeIgniter\Config\Factories::__callStatic('models', [...])
 4 APPPATH\Controllers\FMS_Trip.php(12): model('App\\Models\\FMS_Trip_Model')
 5 APPPATH\Commands\DumpPage.php(24): App\Controllers\FMS_Trip->__construct()
 6 SYSTEMPATH\CLI\Commands.php(70): App\Commands\DumpPage->run([...])
 7 SYSTEMPATH\CLI\Console.php(48): CodeIgniter\CLI\Commands->run('test:dump', [...])
 8 SYSTEMPATH\Boot.php(360): CodeIgniter\CLI\Console->run()
 9 SYSTEMPATH\Boot.php(104): CodeIgniter\Boot::runCommand(Object(CodeIgniter\CLI\Console))
10 ROOTPATH\spark(84): CodeIgniter\Boot::bootSpark(Object(Config\Paths))
WARNING - 2026-10-06 09:02:20 --> [DEPRECATED] Creation of dynamic property App\Models\FMS_Trip_Model::$cuser is deprecated in APPPATH\Models\FMS_Trip_Model.php on line 14.
 1 SYSTEMPATH\Config\Factories.php(235): App\Models\FMS_Trip_Model->__construct(null)
 2 SYSTEMPATH\Config\Factories.php(169): CodeIgniter\Config\Factories::createInstance('models', 'App\\Models\\FMS_Trip_Model', [...])
 3 SYSTEMPATH\Common.php(804): CodeIgniter\Config\Factories::__callStatic('models', [...])
 4 APPPATH\Controllers\FMS_Trip.php(12): model('App\\Models\\FMS_Trip_Model')
 5 APPPATH\Commands\DumpPage.php(24): App\Controllers\FMS_Trip->__construct()
 6 SYSTEMPATH\CLI\Commands.php(70): App\Commands\DumpPage->run([...])
 7 SYSTEMPATH\CLI\Console.php(48): CodeIgniter\CLI\Commands->run('test:dump', [...])
 8 SYSTEMPATH\Boot.php(360): CodeIgniter\CLI\Console->run()
 9 SYSTEMPATH\Boot.php(104): CodeIgniter\Boot::runCommand(Object(CodeIgniter\CLI\Console))
10 ROOTPATH\spark(84): CodeIgniter\Boot::bootSpark(Object(Config\Paths))
WARNING - 2026-10-06 09:02:20 --> [DEPRECATED] Creation of dynamic property App\Controllers\FMS_Trip::$tripModel is deprecated in APPPATH\Controllers\FMS_Trip.php on line 12.
 1 APPPATH\Commands\DumpPage.php(24): App\Controllers\FMS_Trip->__construct()
 2 SYSTEMPATH\CLI\Commands.php(70): App\Commands\DumpPage->run([...])
 3 SYSTEMPATH\CLI\Console.php(48): CodeIgniter\CLI\Commands->run('test:dump', [...])
 4 SYSTEMPATH\Boot.php(360): CodeIgniter\CLI\Console->run()
 5 SYSTEMPATH\Boot.php(104): CodeIgniter\Boot::runCommand(Object(CodeIgniter\CLI\Console))
 6 ROOTPATH\spark(84): CodeIgniter\Boot::bootSpark(Object(Config\Paths))
WARNING - 2026-10-06 09:02:20 --> [DEPRECATED] Creation of dynamic property App\Controllers\FMS_Trip::$db is deprecated in APPPATH\Controllers\FMS_Trip.php on line 13.
 1 APPPATH\Commands\DumpPage.php(24): App\Controllers\FMS_Trip->__construct()
 2 SYSTEMPATH\CLI\Commands.php(70): App\Commands\DumpPage->run([...])
 3 SYSTEMPATH\CLI\Console.php(48): CodeIgniter\CLI\Commands->run('test:dump', [...])
 4 SYSTEMPATH\Boot.php(360): CodeIgniter\CLI\Console->run()
 5 SYSTEMPATH\Boot.php(104): CodeIgniter\Boot::runCommand(Object(CodeIgniter\CLI\Console))
 6 ROOTPATH\spark(84): CodeIgniter\Boot::bootSpark(Object(Config\Paths))
WARNING - 2026-10-06 09:02:20 --> [DEPRECATED] Creation of dynamic property App\Controllers\FMS_Trip::$session is deprecated in APPPATH\Controllers\FMS_Trip.php on line 14.
 1 APPPATH\Commands\DumpPage.php(24): App\Controllers\FMS_Trip->__construct()
 2 SYSTEMPATH\CLI\Commands.php(70): App\Commands\DumpPage->run([...])
 3 SYSTEMPATH\CLI\Console.php(48): CodeIgniter\CLI\Commands->run('test:dump', [...])
 4 SYSTEMPATH\Boot.php(360): CodeIgniter\CLI\Console->run()
 5 SYSTEMPATH\Boot.php(104): CodeIgniter\Boot::runCommand(Object(CodeIgniter\CLI\Console))
 6 ROOTPATH\spark(84): CodeIgniter\Boot::bootSpark(Object(Config\Paths))
WARNING - 2026-10-06 09:02:20 --> [DEPRECATED] Creation of dynamic property App\Controllers\FMS_Trip::$cuser is deprecated in APPPATH\Controllers\FMS_Trip.php on line 15.
 1 APPPATH\Commands\DumpPage.php(24): App\Controllers\FMS_Trip->__construct()
 2 SYSTEMPATH\CLI\Commands.php(70): App\Commands\DumpPage->run([...])
 3 SYSTEMPATH\CLI\Console.php(48): CodeIgniter\CLI\Commands->run('test:dump', [...])
 4 SYSTEMPATH\Boot.php(360): CodeIgniter\CLI\Console->run()
 5 SYSTEMPATH\Boot.php(104): CodeIgniter\Boot::runCommand(Object(CodeIgniter\CLI\Console))
 6 ROOTPATH\spark(84): CodeIgniter\Boot::bootSpark(Object(Config\Paths))
WARNING - 2026-10-06 09:02:20 --> [DEPRECATED] Creation of dynamic property CodeIgniter\View\View::$request is deprecated in APPPATH\Views\fms\trip\trip-main.php on line 2.
 1 SYSTEMPATH\View\View.php(224): include('C:\\xampp\\htdocs\\larga-fms\\app\\Views\\fms\\trip\\trip-main.php')
 2 SYSTEMPATH\View\View.php(227): CodeIgniter\View\View->CodeIgniter\View\{closure}()
 3 SYSTEMPATH\Common.php(1173): CodeIgniter\View\View->render('fms/trip/trip-main', [], true)
 4 APPPATH\Controllers\FMS_Trip.php(30): view('fms/trip/trip-main')
 5 APPPATH\Commands\DumpPage.php(27): App\Controllers\FMS_Trip->index()
 6 SYSTEMPATH\CLI\Commands.php(70): App\Commands\DumpPage->run([...])
 7 SYSTEMPATH\CLI\Console.php(48): CodeIgniter\CLI\Commands->run('test:dump', [...])
 8 SYSTEMPATH\Boot.php(360): CodeIgniter\CLI\Console->run()
 9 SYSTEMPATH\Boot.php(104): CodeIgniter\Boot::runCommand(Object(CodeIgniter\CLI\Console))
10 ROOTPATH\spark(84): CodeIgniter\Boot::bootSpark(Object(Config\Paths))
WARNING - 2026-10-06 09:02:20 --> [DEPRECATED] Creation of dynamic property CodeIgniter\View\View::$db is deprecated in APPPATH\Views\fms\trip\trip-main.php on line 3.
 1 SYSTEMPATH\View\View.php(224): include('C:\\xampp\\htdocs\\larga-fms\\app\\Views\\fms\\trip\\trip-main.php')
 2 SYSTEMPATH\View\View.php(227): CodeIgniter\View\View->CodeIgniter\View\{closure}()
 3 SYSTEMPATH\Common.php(1173): CodeIgniter\View\View->render('fms/trip/trip-main', [], true)
 4 APPPATH\Controllers\FMS_Trip.php(30): view('fms/trip/trip-main')
 5 APPPATH\Commands\DumpPage.php(27): App\Controllers\FMS_Trip->index()
 6 SYSTEMPATH\CLI\Commands.php(70): App\Commands\DumpPage->run([...])
 7 SYSTEMPATH\CLI\Console.php(48): CodeIgniter\CLI\Commands->run('test:dump', [...])
 8 SYSTEMPATH\Boot.php(360): CodeIgniter\CLI\Console->run()
 9 SYSTEMPATH\Boot.php(104): CodeIgniter\Boot::runCommand(Object(CodeIgniter\CLI\Console))
10 ROOTPATH\spark(84): CodeIgniter\Boot::bootSpark(Object(Config\Paths))
WARNING - 2026-10-06 09:02:20 --> [DEPRECATED] Creation of dynamic property CodeIgniter\View\View::$session is deprecated in APPPATH\Views\templates\myheader.php on line 4.
 1 SYSTEMPATH\View\View.php(224): include('C:\\xampp\\htdocs\\larga-fms\\app\\Views\\templates\\myheader.php')
 2 SYSTEMPATH\View\View.php(227): CodeIgniter\View\View->CodeIgniter\View\{closure}()
 3 SYSTEMPATH\Common.php(1173): CodeIgniter\View\View->render('templates/myheader.php', [], true)
 4 APPPATH\Views\fms\trip\trip-main.php(26): view('templates/myheader.php')
 5 SYSTEMPATH\View\View.php(224): include('C:\\xampp\\htdocs\\larga-fms\\app\\Views\\fms\\trip\\trip-main.php')
 6 SYSTEMPATH\View\View.php(227): CodeIgniter\View\View->CodeIgniter\View\{closure}()
 7 SYSTEMPATH\Common.php(1173): CodeIgniter\View\View->render('fms/trip/trip-main', [], true)
 8 APPPATH\Controllers\FMS_Trip.php(30): view('fms/trip/trip-main')
 9 APPPATH\Commands\DumpPage.php(27): App\Controllers\FMS_Trip->index()
10 SYSTEMPATH\CLI\Commands.php(70): App\Commands\DumpPage->run([...])
11 SYSTEMPATH\CLI\Console.php(48): CodeIgniter\CLI\Commands->run('test:dump', [...])
12 SYSTEMPATH\Boot.php(360): CodeIgniter\CLI\Console->run()
13 SYSTEMPATH\Boot.php(104): CodeIgniter\Boot::runCommand(Object(CodeIgniter\CLI\Console))
14 ROOTPATH\spark(84): CodeIgniter\Boot::bootSpark(Object(Config\Paths))
WARNING - 2026-10-06 09:02:20 --> [DEPRECATED] Creation of dynamic property CodeIgniter\View\View::$cuser is deprecated in APPPATH\Views\templates\myheader.php on line 5.
 1 SYSTEMPATH\View\View.php(224): include('C:\\xampp\\htdocs\\larga-fms\\app\\Views\\templates\\myheader.php')
 2 SYSTEMPATH\View\View.php(227): CodeIgniter\View\View->CodeIgniter\View\{closure}()
 3 SYSTEMPATH\Common.php(1173): CodeIgniter\View\View->render('templates/myheader.php', [], true)
 4 APPPATH\Views\fms\trip\trip-main.php(26): view('templates/myheader.php')
 5 SYSTEMPATH\View\View.php(224): include('C:\\xampp\\htdocs\\larga-fms\\app\\Views\\fms\\trip\\trip-main.php')
 6 SYSTEMPATH\View\View.php(227): CodeIgniter\View\View->CodeIgniter\View\{closure}()
 7 SYSTEMPATH\Common.php(1173): CodeIgniter\View\View->render('fms/trip/trip-main', [], true)
 8 APPPATH\Controllers\FMS_Trip.php(30): view('fms/trip/trip-main')
 9 APPPATH\Commands\DumpPage.php(27): App\Controllers\FMS_Trip->index()
10 SYSTEMPATH\CLI\Commands.php(70): App\Commands\DumpPage->run([...])
11 SYSTEMPATH\CLI\Console.php(48): CodeIgniter\CLI\Commands->run('test:dump', [...])
12 SYSTEMPATH\Boot.php(360): CodeIgniter\CLI\Console->run()
13 SYSTEMPATH\Boot.php(104): CodeIgniter\Boot::runCommand(Object(CodeIgniter\CLI\Console))
14 ROOTPATH\spark(84): CodeIgniter\Boot::bootSpark(Object(Config\Paths))
DEBUG - 2026-10-06 09:06:02 --> Session: Initialization under CLI aborted.
WARNING - 2026-10-06 09:06:02 --> [DEPRECATED] Creation of dynamic property App\Models\FMS_Trip_Model::$session is deprecated in APPPATH\Models\FMS_Trip_Model.php on line 11.
 1 SYSTEMPATH\Config\Factories.php(235): App\Models\FMS_Trip_Model->__construct(null)
 2 SYSTEMPATH\Config\Factories.php(169): CodeIgniter\Config\Factories::createInstance('models', 'App\\Models\\FMS_Trip_Model', [...])
 3 SYSTEMPATH\Common.php(804): CodeIgniter\Config\Factories::__callStatic('models', [...])
 4 APPPATH\Controllers\FMS_Trip.php(12): model('App\\Models\\FMS_Trip_Model')
 5 APPPATH\Commands\DumpPage.php(24): App\Controllers\FMS_Trip->__construct()
 6 SYSTEMPATH\CLI\Commands.php(70): App\Commands\DumpPage->run([...])
 7 SYSTEMPATH\CLI\Console.php(48): CodeIgniter\CLI\Commands->run('test:dump', [...])
 8 SYSTEMPATH\Boot.php(360): CodeIgniter\CLI\Console->run()
 9 SYSTEMPATH\Boot.php(104): CodeIgniter\Boot::runCommand(Object(CodeIgniter\CLI\Console))
10 ROOTPATH\spark(84): CodeIgniter\Boot::bootSpark(Object(Config\Paths))
WARNING - 2026-10-06 09:06:02 --> [DEPRECATED] Creation of dynamic property App\Models\FMS_Trip_Model::$request is deprecated in APPPATH\Models\FMS_Trip_Model.php on line 12.
 1 SYSTEMPATH\Config\Factories.php(235): App\Models\FMS_Trip_Model->__construct(null)
 2 SYSTEMPATH\Config\Factories.php(169): CodeIgniter\Config\Factories::createInstance('models', 'App\\Models\\FMS_Trip_Model', [...])
 3 SYSTEMPATH\Common.php(804): CodeIgniter\Config\Factories::__callStatic('models', [...])
 4 APPPATH\Controllers\FMS_Trip.php(12): model('App\\Models\\FMS_Trip_Model')
 5 APPPATH\Commands\DumpPage.php(24): App\Controllers\FMS_Trip->__construct()
 6 SYSTEMPATH\CLI\Commands.php(70): App\Commands\DumpPage->run([...])
 7 SYSTEMPATH\CLI\Console.php(48): CodeIgniter\CLI\Commands->run('test:dump', [...])
 8 SYSTEMPATH\Boot.php(360): CodeIgniter\CLI\Console->run()
 9 SYSTEMPATH\Boot.php(104): CodeIgniter\Boot::runCommand(Object(CodeIgniter\CLI\Console))
10 ROOTPATH\spark(84): CodeIgniter\Boot::bootSpark(Object(Config\Paths))
WARNING - 2026-10-06 09:06:02 --> [DEPRECATED] Creation of dynamic property App\Models\FMS_Trip_Model::$cuser is deprecated in APPPATH\Models\FMS_Trip_Model.php on line 14.
 1 SYSTEMPATH\Config\Factories.php(235): App\Models\FMS_Trip_Model->__construct(null)
 2 SYSTEMPATH\Config\Factories.php(169): CodeIgniter\Config\Factories::createInstance('models', 'App\\Models\\FMS_Trip_Model', [...])
 3 SYSTEMPATH\Common.php(804): CodeIgniter\Config\Factories::__callStatic('models', [...])
 4 APPPATH\Controllers\FMS_Trip.php(12): model('App\\Models\\FMS_Trip_Model')
 5 APPPATH\Commands\DumpPage.php(24): App\Controllers\FMS_Trip->__construct()
 6 SYSTEMPATH\CLI\Commands.php(70): App\Commands\DumpPage->run([...])
 7 SYSTEMPATH\CLI\Console.php(48): CodeIgniter\CLI\Commands->run('test:dump', [...])
 8 SYSTEMPATH\Boot.php(360): CodeIgniter\CLI\Console->run()
 9 SYSTEMPATH\Boot.php(104): CodeIgniter\Boot::runCommand(Object(CodeIgniter\CLI\Console))
10 ROOTPATH\spark(84): CodeIgniter\Boot::bootSpark(Object(Config\Paths))
WARNING - 2026-10-06 09:06:02 --> [DEPRECATED] Creation of dynamic property App\Controllers\FMS_Trip::$tripModel is deprecated in APPPATH\Controllers\FMS_Trip.php on line 12.
 1 APPPATH\Commands\DumpPage.php(24): App\Controllers\FMS_Trip->__construct()
 2 SYSTEMPATH\CLI\Commands.php(70): App\Commands\DumpPage->run([...])
 3 SYSTEMPATH\CLI\Console.php(48): CodeIgniter\CLI\Commands->run('test:dump', [...])
 4 SYSTEMPATH\Boot.php(360): CodeIgniter\CLI\Console->run()
 5 SYSTEMPATH\Boot.php(104): CodeIgniter\Boot::runCommand(Object(CodeIgniter\CLI\Console))
 6 ROOTPATH\spark(84): CodeIgniter\Boot::bootSpark(Object(Config\Paths))
WARNING - 2026-10-06 09:06:02 --> [DEPRECATED] Creation of dynamic property App\Controllers\FMS_Trip::$db is deprecated in APPPATH\Controllers\FMS_Trip.php on line 13.
 1 APPPATH\Commands\DumpPage.php(24): App\Controllers\FMS_Trip->__construct()
 2 SYSTEMPATH\CLI\Commands.php(70): App\Commands\DumpPage->run([...])
 3 SYSTEMPATH\CLI\Console.php(48): CodeIgniter\CLI\Commands->run('test:dump', [...])
 4 SYSTEMPATH\Boot.php(360): CodeIgniter\CLI\Console->run()
 5 SYSTEMPATH\Boot.php(104): CodeIgniter\Boot::runCommand(Object(CodeIgniter\CLI\Console))
 6 ROOTPATH\spark(84): CodeIgniter\Boot::bootSpark(Object(Config\Paths))
WARNING - 2026-10-06 09:06:02 --> [DEPRECATED] Creation of dynamic property App\Controllers\FMS_Trip::$session is deprecated in APPPATH\Controllers\FMS_Trip.php on line 14.
 1 APPPATH\Commands\DumpPage.php(24): App\Controllers\FMS_Trip->__construct()
 2 SYSTEMPATH\CLI\Commands.php(70): App\Commands\DumpPage->run([...])
 3 SYSTEMPATH\CLI\Console.php(48): CodeIgniter\CLI\Commands->run('test:dump', [...])
 4 SYSTEMPATH\Boot.php(360): CodeIgniter\CLI\Console->run()
 5 SYSTEMPATH\Boot.php(104): CodeIgniter\Boot::runCommand(Object(CodeIgniter\CLI\Console))
 6 ROOTPATH\spark(84): CodeIgniter\Boot::bootSpark(Object(Config\Paths))
WARNING - 2026-10-06 09:06:02 --> [DEPRECATED] Creation of dynamic property App\Controllers\FMS_Trip::$cuser is deprecated in APPPATH\Controllers\FMS_Trip.php on line 15.
 1 APPPATH\Commands\DumpPage.php(24): App\Controllers\FMS_Trip->__construct()
 2 SYSTEMPATH\CLI\Commands.php(70): App\Commands\DumpPage->run([...])
 3 SYSTEMPATH\CLI\Console.php(48): CodeIgniter\CLI\Commands->run('test:dump', [...])
 4 SYSTEMPATH\Boot.php(360): CodeIgniter\CLI\Console->run()
 5 SYSTEMPATH\Boot.php(104): CodeIgniter\Boot::runCommand(Object(CodeIgniter\CLI\Console))
 6 ROOTPATH\spark(84): CodeIgniter\Boot::bootSpark(Object(Config\Paths))
WARNING - 2026-10-06 09:06:02 --> [DEPRECATED] Creation of dynamic property CodeIgniter\View\View::$request is deprecated in APPPATH\Views\fms\trip\trip-main.php on line 2.
 1 SYSTEMPATH\View\View.php(224): include('C:\\xampp\\htdocs\\larga-fms\\app\\Views\\fms\\trip\\trip-main.php')
 2 SYSTEMPATH\View\View.php(227): CodeIgniter\View\View->CodeIgniter\View\{closure}()
 3 SYSTEMPATH\Common.php(1173): CodeIgniter\View\View->render('fms/trip/trip-main', [], true)
 4 APPPATH\Controllers\FMS_Trip.php(30): view('fms/trip/trip-main')
 5 APPPATH\Commands\DumpPage.php(27): App\Controllers\FMS_Trip->index()
 6 SYSTEMPATH\CLI\Commands.php(70): App\Commands\DumpPage->run([...])
 7 SYSTEMPATH\CLI\Console.php(48): CodeIgniter\CLI\Commands->run('test:dump', [...])
 8 SYSTEMPATH\Boot.php(360): CodeIgniter\CLI\Console->run()
 9 SYSTEMPATH\Boot.php(104): CodeIgniter\Boot::runCommand(Object(CodeIgniter\CLI\Console))
10 ROOTPATH\spark(84): CodeIgniter\Boot::bootSpark(Object(Config\Paths))
WARNING - 2026-10-06 09:06:02 --> [DEPRECATED] Creation of dynamic property CodeIgniter\View\View::$db is deprecated in APPPATH\Views\fms\trip\trip-main.php on line 3.
 1 SYSTEMPATH\View\View.php(224): include('C:\\xampp\\htdocs\\larga-fms\\app\\Views\\fms\\trip\\trip-main.php')
 2 SYSTEMPATH\View\View.php(227): CodeIgniter\View\View->CodeIgniter\View\{closure}()
 3 SYSTEMPATH\Common.php(1173): CodeIgniter\View\View->render('fms/trip/trip-main', [], true)
 4 APPPATH\Controllers\FMS_Trip.php(30): view('fms/trip/trip-main')
 5 APPPATH\Commands\DumpPage.php(27): App\Controllers\FMS_Trip->index()
 6 SYSTEMPATH\CLI\Commands.php(70): App\Commands\DumpPage->run([...])
 7 SYSTEMPATH\CLI\Console.php(48): CodeIgniter\CLI\Commands->run('test:dump', [...])
 8 SYSTEMPATH\Boot.php(360): CodeIgniter\CLI\Console->run()
 9 SYSTEMPATH\Boot.php(104): CodeIgniter\Boot::runCommand(Object(CodeIgniter\CLI\Console))
10 ROOTPATH\spark(84): CodeIgniter\Boot::bootSpark(Object(Config\Paths))
WARNING - 2026-10-06 09:06:02 --> [DEPRECATED] Creation of dynamic property CodeIgniter\View\View::$session is deprecated in APPPATH\Views\templates\myheader.php on line 4.
 1 SYSTEMPATH\View\View.php(224): include('C:\\xampp\\htdocs\\larga-fms\\app\\Views\\templates\\myheader.php')
 2 SYSTEMPATH\View\View.php(227): CodeIgniter\View\View->CodeIgniter\View\{closure}()
 3 SYSTEMPATH\Common.php(1173): CodeIgniter\View\View->render('templates/myheader.php', [], true)
 4 APPPATH\Views\fms\trip\trip-main.php(26): view('templates/myheader.php')
 5 SYSTEMPATH\View\View.php(224): include('C:\\xampp\\htdocs\\larga-fms\\app\\Views\\fms\\trip\\trip-main.php')
 6 SYSTEMPATH\View\View.php(227): CodeIgniter\View\View->CodeIgniter\View\{closure}()
 7 SYSTEMPATH\Common.php(1173): CodeIgniter\View\View->render('fms/trip/trip-main', [], true)
 8 APPPATH\Controllers\FMS_Trip.php(30): view('fms/trip/trip-main')
 9 APPPATH\Commands\DumpPage.php(27): App\Controllers\FMS_Trip->index()
10 SYSTEMPATH\CLI\Commands.php(70): App\Commands\DumpPage->run([...])
11 SYSTEMPATH\CLI\Console.php(48): CodeIgniter\CLI\Commands->run('test:dump', [...])
12 SYSTEMPATH\Boot.php(360): CodeIgniter\CLI\Console->run()
13 SYSTEMPATH\Boot.php(104): CodeIgniter\Boot::runCommand(Object(CodeIgniter\CLI\Console))
14 ROOTPATH\spark(84): CodeIgniter\Boot::bootSpark(Object(Config\Paths))
WARNING - 2026-10-06 09:06:02 --> [DEPRECATED] Creation of dynamic property CodeIgniter\View\View::$cuser is deprecated in APPPATH\Views\templates\myheader.php on line 5.
 1 SYSTEMPATH\View\View.php(224): include('C:\\xampp\\htdocs\\larga-fms\\app\\Views\\templates\\myheader.php')
 2 SYSTEMPATH\View\View.php(227): CodeIgniter\View\View->CodeIgniter\View\{closure}()
 3 SYSTEMPATH\Common.php(1173): CodeIgniter\View\View->render('templates/myheader.php', [], true)
 4 APPPATH\Views\fms\trip\trip-main.php(26): view('templates/myheader.php')
 5 SYSTEMPATH\View\View.php(224): include('C:\\xampp\\htdocs\\larga-fms\\app\\Views\\fms\\trip\\trip-main.php')
 6 SYSTEMPATH\View\View.php(227): CodeIgniter\View\View->CodeIgniter\View\{closure}()
 7 SYSTEMPATH\Common.php(1173): CodeIgniter\View\View->render('fms/trip/trip-main', [], true)
 8 APPPATH\Controllers\FMS_Trip.php(30): view('fms/trip/trip-main')
 9 APPPATH\Commands\DumpPage.php(27): App\Controllers\FMS_Trip->index()
10 SYSTEMPATH\CLI\Commands.php(70): App\Commands\DumpPage->run([...])
11 SYSTEMPATH\CLI\Console.php(48): CodeIgniter\CLI\Commands->run('test:dump', [...])
12 SYSTEMPATH\Boot.php(360): CodeIgniter\CLI\Console->run()
13 SYSTEMPATH\Boot.php(104): CodeIgniter\Boot::runCommand(Object(CodeIgniter\CLI\Console))
14 ROOTPATH\spark(84): CodeIgniter\Boot::bootSpark(Object(Config\Paths))
DEBUG - 2026-10-06 09:07:03 --> Session: Initialization under CLI aborted.
WARNING - 2026-10-06 09:07:03 --> [DEPRECATED] Creation of dynamic property App\Models\FMS_Dispatch_Model::$session is deprecated in APPPATH\Models\FMS_Dispatch_Model.php on line 11.
 1 SYSTEMPATH\Config\Factories.php(235): App\Models\FMS_Dispatch_Model->__construct(null)
 2 SYSTEMPATH\Config\Factories.php(169): CodeIgniter\Config\Factories::createInstance('models', 'App\\Models\\FMS_Dispatch_Model', [...])
 3 SYSTEMPATH\Common.php(804): CodeIgniter\Config\Factories::__callStatic('models', [...])
 4 APPPATH\Controllers\FMS_Dispatch.php(12): model('App\\Models\\FMS_Dispatch_Model')
 5 APPPATH\Commands\DumpPage.php(24): App\Controllers\FMS_Dispatch->__construct()
 6 SYSTEMPATH\CLI\Commands.php(70): App\Commands\DumpPage->run([...])
 7 SYSTEMPATH\CLI\Console.php(48): CodeIgniter\CLI\Commands->run('test:dump', [...])
 8 SYSTEMPATH\Boot.php(360): CodeIgniter\CLI\Console->run()
 9 SYSTEMPATH\Boot.php(104): CodeIgniter\Boot::runCommand(Object(CodeIgniter\CLI\Console))
10 ROOTPATH\spark(84): CodeIgniter\Boot::bootSpark(Object(Config\Paths))
WARNING - 2026-10-06 09:07:03 --> [DEPRECATED] Creation of dynamic property App\Models\FMS_Dispatch_Model::$request is deprecated in APPPATH\Models\FMS_Dispatch_Model.php on line 12.
 1 SYSTEMPATH\Config\Factories.php(235): App\Models\FMS_Dispatch_Model->__construct(null)
 2 SYSTEMPATH\Config\Factories.php(169): CodeIgniter\Config\Factories::createInstance('models', 'App\\Models\\FMS_Dispatch_Model', [...])
 3 SYSTEMPATH\Common.php(804): CodeIgniter\Config\Factories::__callStatic('models', [...])
 4 APPPATH\Controllers\FMS_Dispatch.php(12): model('App\\Models\\FMS_Dispatch_Model')
 5 APPPATH\Commands\DumpPage.php(24): App\Controllers\FMS_Dispatch->__construct()
 6 SYSTEMPATH\CLI\Commands.php(70): App\Commands\DumpPage->run([...])
 7 SYSTEMPATH\CLI\Console.php(48): CodeIgniter\CLI\Commands->run('test:dump', [...])
 8 SYSTEMPATH\Boot.php(360): CodeIgniter\CLI\Console->run()
 9 SYSTEMPATH\Boot.php(104): CodeIgniter\Boot::runCommand(Object(CodeIgniter\CLI\Console))
10 ROOTPATH\spark(84): CodeIgniter\Boot::bootSpark(Object(Config\Paths))
WARNING - 2026-10-06 09:07:03 --> [DEPRECATED] Creation of dynamic property App\Models\FMS_Dispatch_Model::$cuser is deprecated in APPPATH\Models\FMS_Dispatch_Model.php on line 14.
 1 SYSTEMPATH\Config\Factories.php(235): App\Models\FMS_Dispatch_Model->__construct(null)
 2 SYSTEMPATH\Config\Factories.php(169): CodeIgniter\Config\Factories::createInstance('models', 'App\\Models\\FMS_Dispatch_Model', [...])
 3 SYSTEMPATH\Common.php(804): CodeIgniter\Config\Factories::__callStatic('models', [...])
 4 APPPATH\Controllers\FMS_Dispatch.php(12): model('App\\Models\\FMS_Dispatch_Model')
 5 APPPATH\Commands\DumpPage.php(24): App\Controllers\FMS_Dispatch->__construct()
 6 SYSTEMPATH\CLI\Commands.php(70): App\Commands\DumpPage->run([...])
 7 SYSTEMPATH\CLI\Console.php(48): CodeIgniter\CLI\Commands->run('test:dump', [...])
 8 SYSTEMPATH\Boot.php(360): CodeIgniter\CLI\Console->run()
 9 SYSTEMPATH\Boot.php(104): CodeIgniter\Boot::runCommand(Object(CodeIgniter\CLI\Console))
10 ROOTPATH\spark(84): CodeIgniter\Boot::bootSpark(Object(Config\Paths))
WARNING - 2026-10-06 09:07:03 --> [DEPRECATED] Creation of dynamic property App\Controllers\FMS_Dispatch::$dispatchModel is deprecated in APPPATH\Controllers\FMS_Dispatch.php on line 12.
 1 APPPATH\Commands\DumpPage.php(24): App\Controllers\FMS_Dispatch->__construct()
 2 SYSTEMPATH\CLI\Commands.php(70): App\Commands\DumpPage->run([...])
 3 SYSTEMPATH\CLI\Console.php(48): CodeIgniter\CLI\Commands->run('test:dump', [...])
 4 SYSTEMPATH\Boot.php(360): CodeIgniter\CLI\Console->run()
 5 SYSTEMPATH\Boot.php(104): CodeIgniter\Boot::runCommand(Object(CodeIgniter\CLI\Console))
 6 ROOTPATH\spark(84): CodeIgniter\Boot::bootSpark(Object(Config\Paths))
WARNING - 2026-10-06 09:07:03 --> [DEPRECATED] Creation of dynamic property App\Controllers\FMS_Dispatch::$db is deprecated in APPPATH\Controllers\FMS_Dispatch.php on line 13.
 1 APPPATH\Commands\DumpPage.php(24): App\Controllers\FMS_Dispatch->__construct()
 2 SYSTEMPATH\CLI\Commands.php(70): App\Commands\DumpPage->run([...])
 3 SYSTEMPATH\CLI\Console.php(48): CodeIgniter\CLI\Commands->run('test:dump', [...])
 4 SYSTEMPATH\Boot.php(360): CodeIgniter\CLI\Console->run()
 5 SYSTEMPATH\Boot.php(104): CodeIgniter\Boot::runCommand(Object(CodeIgniter\CLI\Console))
 6 ROOTPATH\spark(84): CodeIgniter\Boot::bootSpark(Object(Config\Paths))
WARNING - 2026-10-06 09:07:03 --> [DEPRECATED] Creation of dynamic property App\Controllers\FMS_Dispatch::$session is deprecated in APPPATH\Controllers\FMS_Dispatch.php on line 14.
 1 APPPATH\Commands\DumpPage.php(24): App\Controllers\FMS_Dispatch->__construct()
 2 SYSTEMPATH\CLI\Commands.php(70): App\Commands\DumpPage->run([...])
 3 SYSTEMPATH\CLI\Console.php(48): CodeIgniter\CLI\Commands->run('test:dump', [...])
 4 SYSTEMPATH\Boot.php(360): CodeIgniter\CLI\Console->run()
 5 SYSTEMPATH\Boot.php(104): CodeIgniter\Boot::runCommand(Object(CodeIgniter\CLI\Console))
 6 ROOTPATH\spark(84): CodeIgniter\Boot::bootSpark(Object(Config\Paths))
WARNING - 2026-10-06 09:07:03 --> [DEPRECATED] Creation of dynamic property App\Controllers\FMS_Dispatch::$cuser is deprecated in APPPATH\Controllers\FMS_Dispatch.php on line 15.
 1 APPPATH\Commands\DumpPage.php(24): App\Controllers\FMS_Dispatch->__construct()
 2 SYSTEMPATH\CLI\Commands.php(70): App\Commands\DumpPage->run([...])
 3 SYSTEMPATH\CLI\Console.php(48): CodeIgniter\CLI\Commands->run('test:dump', [...])
 4 SYSTEMPATH\Boot.php(360): CodeIgniter\CLI\Console->run()
 5 SYSTEMPATH\Boot.php(104): CodeIgniter\Boot::runCommand(Object(CodeIgniter\CLI\Console))
 6 ROOTPATH\spark(84): CodeIgniter\Boot::bootSpark(Object(Config\Paths))
WARNING - 2026-10-06 09:07:03 --> [DEPRECATED] Creation of dynamic property CodeIgniter\View\View::$request is deprecated in APPPATH\Views\fms\dispatch\dispatch-main.php on line 2.
 1 SYSTEMPATH\View\View.php(224): include('C:\\xampp\\htdocs\\larga-fms\\app\\Views\\fms\\dispatch\\dispatch-main.php')
 2 SYSTEMPATH\View\View.php(227): CodeIgniter\View\View->CodeIgniter\View\{closure}()
 3 SYSTEMPATH\Common.php(1173): CodeIgniter\View\View->render('fms/dispatch/dispatch-main', [], true)
 4 APPPATH\Controllers\FMS_Dispatch.php(30): view('fms/dispatch/dispatch-main')
 5 APPPATH\Commands\DumpPage.php(27): App\Controllers\FMS_Dispatch->index()
 6 SYSTEMPATH\CLI\Commands.php(70): App\Commands\DumpPage->run([...])
 7 SYSTEMPATH\CLI\Console.php(48): CodeIgniter\CLI\Commands->run('test:dump', [...])
 8 SYSTEMPATH\Boot.php(360): CodeIgniter\CLI\Console->run()
 9 SYSTEMPATH\Boot.php(104): CodeIgniter\Boot::runCommand(Object(CodeIgniter\CLI\Console))
10 ROOTPATH\spark(84): CodeIgniter\Boot::bootSpark(Object(Config\Paths))
WARNING - 2026-10-06 09:07:03 --> [DEPRECATED] Creation of dynamic property CodeIgniter\View\View::$db is deprecated in APPPATH\Views\fms\dispatch\dispatch-main.php on line 3.
 1 SYSTEMPATH\View\View.php(224): include('C:\\xampp\\htdocs\\larga-fms\\app\\Views\\fms\\dispatch\\dispatch-main.php')
 2 SYSTEMPATH\View\View.php(227): CodeIgniter\View\View->CodeIgniter\View\{closure}()
 3 SYSTEMPATH\Common.php(1173): CodeIgniter\View\View->render('fms/dispatch/dispatch-main', [], true)
 4 APPPATH\Controllers\FMS_Dispatch.php(30): view('fms/dispatch/dispatch-main')
 5 APPPATH\Commands\DumpPage.php(27): App\Controllers\FMS_Dispatch->index()
 6 SYSTEMPATH\CLI\Commands.php(70): App\Commands\DumpPage->run([...])
 7 SYSTEMPATH\CLI\Console.php(48): CodeIgniter\CLI\Commands->run('test:dump', [...])
 8 SYSTEMPATH\Boot.php(360): CodeIgniter\CLI\Console->run()
 9 SYSTEMPATH\Boot.php(104): CodeIgniter\Boot::runCommand(Object(CodeIgniter\CLI\Console))
10 ROOTPATH\spark(84): CodeIgniter\Boot::bootSpark(Object(Config\Paths))
WARNING - 2026-10-06 09:07:03 --> [DEPRECATED] Creation of dynamic property CodeIgniter\View\View::$session is deprecated in APPPATH\Views\templates\myheader.php on line 4.
 1 SYSTEMPATH\View\View.php(224): include('C:\\xampp\\htdocs\\larga-fms\\app\\Views\\templates\\myheader.php')
 2 SYSTEMPATH\View\View.php(227): CodeIgniter\View\View->CodeIgniter\View\{closure}()
 3 SYSTEMPATH\Common.php(1173): CodeIgniter\View\View->render('templates/myheader.php', [], true)
 4 APPPATH\Views\fms\dispatch\dispatch-main.php(54): view('templates/myheader.php')
 5 SYSTEMPATH\View\View.php(224): include('C:\\xampp\\htdocs\\larga-fms\\app\\Views\\fms\\dispatch\\dispatch-main.php')
 6 SYSTEMPATH\View\View.php(227): CodeIgniter\View\View->CodeIgniter\View\{closure}()
 7 SYSTEMPATH\Common.php(1173): CodeIgniter\View\View->render('fms/dispatch/dispatch-main', [], true)
 8 APPPATH\Controllers\FMS_Dispatch.php(30): view('fms/dispatch/dispatch-main')
 9 APPPATH\Commands\DumpPage.php(27): App\Controllers\FMS_Dispatch->index()
10 SYSTEMPATH\CLI\Commands.php(70): App\Commands\DumpPage->run([...])
11 SYSTEMPATH\CLI\Console.php(48): CodeIgniter\CLI\Commands->run('test:dump', [...])
12 SYSTEMPATH\Boot.php(360): CodeIgniter\CLI\Console->run()
13 SYSTEMPATH\Boot.php(104): CodeIgniter\Boot::runCommand(Object(CodeIgniter\CLI\Console))
14 ROOTPATH\spark(84): CodeIgniter\Boot::bootSpark(Object(Config\Paths))
WARNING - 2026-10-06 09:07:03 --> [DEPRECATED] Creation of dynamic property CodeIgniter\View\View::$cuser is deprecated in APPPATH\Views\templates\myheader.php on line 5.
 1 SYSTEMPATH\View\View.php(224): include('C:\\xampp\\htdocs\\larga-fms\\app\\Views\\templates\\myheader.php')
 2 SYSTEMPATH\View\View.php(227): CodeIgniter\View\View->CodeIgniter\View\{closure}()
 3 SYSTEMPATH\Common.php(1173): CodeIgniter\View\View->render('templates/myheader.php', [], true)
 4 APPPATH\Views\fms\dispatch\dispatch-main.php(54): view('templates/myheader.php')
 5 SYSTEMPATH\View\View.php(224): include('C:\\xampp\\htdocs\\larga-fms\\app\\Views\\fms\\dispatch\\dispatch-main.php')
 6 SYSTEMPATH\View\View.php(227): CodeIgniter\View\View->CodeIgniter\View\{closure}()
 7 SYSTEMPATH\Common.php(1173): CodeIgniter\View\View->render('fms/dispatch/dispatch-main', [], true)
 8 APPPATH\Controllers\FMS_Dispatch.php(30): view('fms/dispatch/dispatch-main')
 9 APPPATH\Commands\DumpPage.php(27): App\Controllers\FMS_Dispatch->index()
10 SYSTEMPATH\CLI\Commands.php(70): App\Commands\DumpPage->run([...])
11 SYSTEMPATH\CLI\Console.php(48): CodeIgniter\CLI\Commands->run('test:dump', [...])
12 SYSTEMPATH\Boot.php(360): CodeIgniter\CLI\Console->run()
13 SYSTEMPATH\Boot.php(104): CodeIgniter\Boot::runCommand(Object(CodeIgniter\CLI\Console))
14 ROOTPATH\spark(84): CodeIgniter\Boot::bootSpark(Object(Config\Paths))
DEBUG - 2026-10-06 09:15:12 --> Session: Initialization under CLI aborted.
WARNING - 2026-10-06 09:15:12 --> [DEPRECATED] Creation of dynamic property App\Models\FMS_Trip_Model::$session is deprecated in APPPATH\Models\FMS_Trip_Model.php on line 11.
 1 SYSTEMPATH\Config\Factories.php(235): App\Models\FMS_Trip_Model->__construct(null)
 2 SYSTEMPATH\Config\Factories.php(169): CodeIgniter\Config\Factories::createInstance('models', 'App\\Models\\FMS_Trip_Model', [...])
 3 SYSTEMPATH\Common.php(804): CodeIgniter\Config\Factories::__callStatic('models', [...])
 4 APPPATH\Controllers\FMS_Trip.php(12): model('App\\Models\\FMS_Trip_Model')
 5 APPPATH\Commands\DumpPage.php(24): App\Controllers\FMS_Trip->__construct()
 6 SYSTEMPATH\CLI\Commands.php(70): App\Commands\DumpPage->run([...])
 7 SYSTEMPATH\CLI\Console.php(48): CodeIgniter\CLI\Commands->run('test:dump', [...])
 8 SYSTEMPATH\Boot.php(360): CodeIgniter\CLI\Console->run()
 9 SYSTEMPATH\Boot.php(104): CodeIgniter\Boot::runCommand(Object(CodeIgniter\CLI\Console))
10 ROOTPATH\spark(84): CodeIgniter\Boot::bootSpark(Object(Config\Paths))
WARNING - 2026-10-06 09:15:12 --> [DEPRECATED] Creation of dynamic property App\Models\FMS_Trip_Model::$request is deprecated in APPPATH\Models\FMS_Trip_Model.php on line 12.
 1 SYSTEMPATH\Config\Factories.php(235): App\Models\FMS_Trip_Model->__construct(null)
 2 SYSTEMPATH\Config\Factories.php(169): CodeIgniter\Config\Factories::createInstance('models', 'App\\Models\\FMS_Trip_Model', [...])
 3 SYSTEMPATH\Common.php(804): CodeIgniter\Config\Factories::__callStatic('models', [...])
 4 APPPATH\Controllers\FMS_Trip.php(12): model('App\\Models\\FMS_Trip_Model')
 5 APPPATH\Commands\DumpPage.php(24): App\Controllers\FMS_Trip->__construct()
 6 SYSTEMPATH\CLI\Commands.php(70): App\Commands\DumpPage->run([...])
 7 SYSTEMPATH\CLI\Console.php(48): CodeIgniter\CLI\Commands->run('test:dump', [...])
 8 SYSTEMPATH\Boot.php(360): CodeIgniter\CLI\Console->run()
 9 SYSTEMPATH\Boot.php(104): CodeIgniter\Boot::runCommand(Object(CodeIgniter\CLI\Console))
10 ROOTPATH\spark(84): CodeIgniter\Boot::bootSpark(Object(Config\Paths))
WARNING - 2026-10-06 09:15:12 --> [DEPRECATED] Creation of dynamic property App\Models\FMS_Trip_Model::$cuser is deprecated in APPPATH\Models\FMS_Trip_Model.php on line 14.
 1 SYSTEMPATH\Config\Factories.php(235): App\Models\FMS_Trip_Model->__construct(null)
 2 SYSTEMPATH\Config\Factories.php(169): CodeIgniter\Config\Factories::createInstance('models', 'App\\Models\\FMS_Trip_Model', [...])
 3 SYSTEMPATH\Common.php(804): CodeIgniter\Config\Factories::__callStatic('models', [...])
 4 APPPATH\Controllers\FMS_Trip.php(12): model('App\\Models\\FMS_Trip_Model')
 5 APPPATH\Commands\DumpPage.php(24): App\Controllers\FMS_Trip->__construct()
 6 SYSTEMPATH\CLI\Commands.php(70): App\Commands\DumpPage->run([...])
 7 SYSTEMPATH\CLI\Console.php(48): CodeIgniter\CLI\Commands->run('test:dump', [...])
 8 SYSTEMPATH\Boot.php(360): CodeIgniter\CLI\Console->run()
 9 SYSTEMPATH\Boot.php(104): CodeIgniter\Boot::runCommand(Object(CodeIgniter\CLI\Console))
10 ROOTPATH\spark(84): CodeIgniter\Boot::bootSpark(Object(Config\Paths))
WARNING - 2026-10-06 09:15:12 --> [DEPRECATED] Creation of dynamic property App\Controllers\FMS_Trip::$tripModel is deprecated in APPPATH\Controllers\FMS_Trip.php on line 12.
 1 APPPATH\Commands\DumpPage.php(24): App\Controllers\FMS_Trip->__construct()
 2 SYSTEMPATH\CLI\Commands.php(70): App\Commands\DumpPage->run([...])
 3 SYSTEMPATH\CLI\Console.php(48): CodeIgniter\CLI\Commands->run('test:dump', [...])
 4 SYSTEMPATH\Boot.php(360): CodeIgniter\CLI\Console->run()
 5 SYSTEMPATH\Boot.php(104): CodeIgniter\Boot::runCommand(Object(CodeIgniter\CLI\Console))
 6 ROOTPATH\spark(84): CodeIgniter\Boot::bootSpark(Object(Config\Paths))
WARNING - 2026-10-06 09:15:12 --> [DEPRECATED] Creation of dynamic property App\Controllers\FMS_Trip::$db is deprecated in APPPATH\Controllers\FMS_Trip.php on line 13.
 1 APPPATH\Commands\DumpPage.php(24): App\Controllers\FMS_Trip->__construct()
 2 SYSTEMPATH\CLI\Commands.php(70): App\Commands\DumpPage->run([...])
 3 SYSTEMPATH\CLI\Console.php(48): CodeIgniter\CLI\Commands->run('test:dump', [...])
 4 SYSTEMPATH\Boot.php(360): CodeIgniter\CLI\Console->run()
 5 SYSTEMPATH\Boot.php(104): CodeIgniter\Boot::runCommand(Object(CodeIgniter\CLI\Console))
 6 ROOTPATH\spark(84): CodeIgniter\Boot::bootSpark(Object(Config\Paths))
WARNING - 2026-10-06 09:15:12 --> [DEPRECATED] Creation of dynamic property App\Controllers\FMS_Trip::$session is deprecated in APPPATH\Controllers\FMS_Trip.php on line 14.
 1 APPPATH\Commands\DumpPage.php(24): App\Controllers\FMS_Trip->__construct()
 2 SYSTEMPATH\CLI\Commands.php(70): App\Commands\DumpPage->run([...])
 3 SYSTEMPATH\CLI\Console.php(48): CodeIgniter\CLI\Commands->run('test:dump', [...])
 4 SYSTEMPATH\Boot.php(360): CodeIgniter\CLI\Console->run()
 5 SYSTEMPATH\Boot.php(104): CodeIgniter\Boot::runCommand(Object(CodeIgniter\CLI\Console))
 6 ROOTPATH\spark(84): CodeIgniter\Boot::bootSpark(Object(Config\Paths))
WARNING - 2026-10-06 09:15:12 --> [DEPRECATED] Creation of dynamic property App\Controllers\FMS_Trip::$cuser is deprecated in APPPATH\Controllers\FMS_Trip.php on line 15.
 1 APPPATH\Commands\DumpPage.php(24): App\Controllers\FMS_Trip->__construct()
 2 SYSTEMPATH\CLI\Commands.php(70): App\Commands\DumpPage->run([...])
 3 SYSTEMPATH\CLI\Console.php(48): CodeIgniter\CLI\Commands->run('test:dump', [...])
 4 SYSTEMPATH\Boot.php(360): CodeIgniter\CLI\Console->run()
 5 SYSTEMPATH\Boot.php(104): CodeIgniter\Boot::runCommand(Object(CodeIgniter\CLI\Console))
 6 ROOTPATH\spark(84): CodeIgniter\Boot::bootSpark(Object(Config\Paths))
WARNING - 2026-10-06 09:15:12 --> [DEPRECATED] Creation of dynamic property CodeIgniter\View\View::$request is deprecated in APPPATH\Views\fms\trip\trip-main.php on line 2.
 1 SYSTEMPATH\View\View.php(224): include('C:\\xampp\\htdocs\\larga-fms\\app\\Views\\fms\\trip\\trip-main.php')
 2 SYSTEMPATH\View\View.php(227): CodeIgniter\View\View->CodeIgniter\View\{closure}()
 3 SYSTEMPATH\Common.php(1173): CodeIgniter\View\View->render('fms/trip/trip-main', [], true)
 4 APPPATH\Controllers\FMS_Trip.php(30): view('fms/trip/trip-main')
 5 APPPATH\Commands\DumpPage.php(27): App\Controllers\FMS_Trip->index()
 6 SYSTEMPATH\CLI\Commands.php(70): App\Commands\DumpPage->run([...])
 7 SYSTEMPATH\CLI\Console.php(48): CodeIgniter\CLI\Commands->run('test:dump', [...])
 8 SYSTEMPATH\Boot.php(360): CodeIgniter\CLI\Console->run()
 9 SYSTEMPATH\Boot.php(104): CodeIgniter\Boot::runCommand(Object(CodeIgniter\CLI\Console))
10 ROOTPATH\spark(84): CodeIgniter\Boot::bootSpark(Object(Config\Paths))
WARNING - 2026-10-06 09:15:12 --> [DEPRECATED] Creation of dynamic property CodeIgniter\View\View::$db is deprecated in APPPATH\Views\fms\trip\trip-main.php on line 3.
 1 SYSTEMPATH\View\View.php(224): include('C:\\xampp\\htdocs\\larga-fms\\app\\Views\\fms\\trip\\trip-main.php')
 2 SYSTEMPATH\View\View.php(227): CodeIgniter\View\View->CodeIgniter\View\{closure}()
 3 SYSTEMPATH\Common.php(1173): CodeIgniter\View\View->render('fms/trip/trip-main', [], true)
 4 APPPATH\Controllers\FMS_Trip.php(30): view('fms/trip/trip-main')
 5 APPPATH\Commands\DumpPage.php(27): App\Controllers\FMS_Trip->index()
 6 SYSTEMPATH\CLI\Commands.php(70): App\Commands\DumpPage->run([...])
 7 SYSTEMPATH\CLI\Console.php(48): CodeIgniter\CLI\Commands->run('test:dump', [...])
 8 SYSTEMPATH\Boot.php(360): CodeIgniter\CLI\Console->run()
 9 SYSTEMPATH\Boot.php(104): CodeIgniter\Boot::runCommand(Object(CodeIgniter\CLI\Console))
10 ROOTPATH\spark(84): CodeIgniter\Boot::bootSpark(Object(Config\Paths))
WARNING - 2026-10-06 09:15:12 --> [DEPRECATED] Creation of dynamic property CodeIgniter\View\View::$session is deprecated in APPPATH\Views\templates\myheader.php on line 4.
 1 SYSTEMPATH\View\View.php(224): include('C:\\xampp\\htdocs\\larga-fms\\app\\Views\\templates\\myheader.php')
 2 SYSTEMPATH\View\View.php(227): CodeIgniter\View\View->CodeIgniter\View\{closure}()
 3 SYSTEMPATH\Common.php(1173): CodeIgniter\View\View->render('templates/myheader.php', [], true)
 4 APPPATH\Views\fms\trip\trip-main.php(26): view('templates/myheader.php')
 5 SYSTEMPATH\View\View.php(224): include('C:\\xampp\\htdocs\\larga-fms\\app\\Views\\fms\\trip\\trip-main.php')
 6 SYSTEMPATH\View\View.php(227): CodeIgniter\View\View->CodeIgniter\View\{closure}()
 7 SYSTEMPATH\Common.php(1173): CodeIgniter\View\View->render('fms/trip/trip-main', [], true)
 8 APPPATH\Controllers\FMS_Trip.php(30): view('fms/trip/trip-main')
 9 APPPATH\Commands\DumpPage.php(27): App\Controllers\FMS_Trip->index()
10 SYSTEMPATH\CLI\Commands.php(70): App\Commands\DumpPage->run([...])
11 SYSTEMPATH\CLI\Console.php(48): CodeIgniter\CLI\Commands->run('test:dump', [...])
12 SYSTEMPATH\Boot.php(360): CodeIgniter\CLI\Console->run()
13 SYSTEMPATH\Boot.php(104): CodeIgniter\Boot::runCommand(Object(CodeIgniter\CLI\Console))
14 ROOTPATH\spark(84): CodeIgniter\Boot::bootSpark(Object(Config\Paths))
WARNING - 2026-10-06 09:15:12 --> [DEPRECATED] Creation of dynamic property CodeIgniter\View\View::$cuser is deprecated in APPPATH\Views\templates\myheader.php on line 5.
 1 SYSTEMPATH\View\View.php(224): include('C:\\xampp\\htdocs\\larga-fms\\app\\Views\\templates\\myheader.php')
 2 SYSTEMPATH\View\View.php(227): CodeIgniter\View\View->CodeIgniter\View\{closure}()
 3 SYSTEMPATH\Common.php(1173): CodeIgniter\View\View->render('templates/myheader.php', [], true)
 4 APPPATH\Views\fms\trip\trip-main.php(26): view('templates/myheader.php')
 5 SYSTEMPATH\View\View.php(224): include('C:\\xampp\\htdocs\\larga-fms\\app\\Views\\fms\\trip\\trip-main.php')
 6 SYSTEMPATH\View\View.php(227): CodeIgniter\View\View->CodeIgniter\View\{closure}()
 7 SYSTEMPATH\Common.php(1173): CodeIgniter\View\View->render('fms/trip/trip-main', [], true)
 8 APPPATH\Controllers\FMS_Trip.php(30): view('fms/trip/trip-main')
 9 APPPATH\Commands\DumpPage.php(27): App\Controllers\FMS_Trip->index()
10 SYSTEMPATH\CLI\Commands.php(70): App\Commands\DumpPage->run([...])
11 SYSTEMPATH\CLI\Console.php(48): CodeIgniter\CLI\Commands->run('test:dump', [...])
12 SYSTEMPATH\Boot.php(360): CodeIgniter\CLI\Console->run()
13 SYSTEMPATH\Boot.php(104): CodeIgniter\Boot::runCommand(Object(CodeIgniter\CLI\Console))
14 ROOTPATH\spark(84): CodeIgniter\Boot::bootSpark(Object(Config\Paths))
DEBUG - 2026-10-06 09:16:13 --> Session: Initialization under CLI aborted.
WARNING - 2026-10-06 09:16:13 --> [DEPRECATED] Creation of dynamic property App\Models\FMS_DeliveryReceipt_Model::$session is deprecated in APPPATH\Models\FMS_DeliveryReceipt_Model.php on line 11.
 1 SYSTEMPATH\Config\Factories.php(235): App\Models\FMS_DeliveryReceipt_Model->__construct(null)
 2 SYSTEMPATH\Config\Factories.php(169): CodeIgniter\Config\Factories::createInstance('models', 'App\\Models\\FMS_DeliveryReceipt_Model', [...])
 3 SYSTEMPATH\Common.php(804): CodeIgniter\Config\Factories::__callStatic('models', [...])
 4 APPPATH\Controllers\FMS_DeliveryReceipt.php(12): model('App\\Models\\FMS_DeliveryReceipt_Model')
 5 APPPATH\Commands\RenderCheck.php(26): App\Controllers\FMS_DeliveryReceipt->__construct()
 6 SYSTEMPATH\CLI\Commands.php(70): App\Commands\RenderCheck->run([...])
 7 SYSTEMPATH\CLI\Console.php(48): CodeIgniter\CLI\Commands->run('test:render', [...])
 8 SYSTEMPATH\Boot.php(360): CodeIgniter\CLI\Console->run()
 9 SYSTEMPATH\Boot.php(104): CodeIgniter\Boot::runCommand(Object(CodeIgniter\CLI\Console))
10 ROOTPATH\spark(84): CodeIgniter\Boot::bootSpark(Object(Config\Paths))
WARNING - 2026-10-06 09:16:13 --> [DEPRECATED] Creation of dynamic property App\Models\FMS_DeliveryReceipt_Model::$request is deprecated in APPPATH\Models\FMS_DeliveryReceipt_Model.php on line 12.
 1 SYSTEMPATH\Config\Factories.php(235): App\Models\FMS_DeliveryReceipt_Model->__construct(null)
 2 SYSTEMPATH\Config\Factories.php(169): CodeIgniter\Config\Factories::createInstance('models', 'App\\Models\\FMS_DeliveryReceipt_Model', [...])
 3 SYSTEMPATH\Common.php(804): CodeIgniter\Config\Factories::__callStatic('models', [...])
 4 APPPATH\Controllers\FMS_DeliveryReceipt.php(12): model('App\\Models\\FMS_DeliveryReceipt_Model')
 5 APPPATH\Commands\RenderCheck.php(26): App\Controllers\FMS_DeliveryReceipt->__construct()
 6 SYSTEMPATH\CLI\Commands.php(70): App\Commands\RenderCheck->run([...])
 7 SYSTEMPATH\CLI\Console.php(48): CodeIgniter\CLI\Commands->run('test:render', [...])
 8 SYSTEMPATH\Boot.php(360): CodeIgniter\CLI\Console->run()
 9 SYSTEMPATH\Boot.php(104): CodeIgniter\Boot::runCommand(Object(CodeIgniter\CLI\Console))
10 ROOTPATH\spark(84): CodeIgniter\Boot::bootSpark(Object(Config\Paths))
WARNING - 2026-10-06 09:16:13 --> [DEPRECATED] Creation of dynamic property App\Models\FMS_DeliveryReceipt_Model::$cuser is deprecated in APPPATH\Models\FMS_DeliveryReceipt_Model.php on line 14.
 1 SYSTEMPATH\Config\Factories.php(235): App\Models\FMS_DeliveryReceipt_Model->__construct(null)
 2 SYSTEMPATH\Config\Factories.php(169): CodeIgniter\Config\Factories::createInstance('models', 'App\\Models\\FMS_DeliveryReceipt_Model', [...])
 3 SYSTEMPATH\Common.php(804): CodeIgniter\Config\Factories::__callStatic('models', [...])
 4 APPPATH\Controllers\FMS_DeliveryReceipt.php(12): model('App\\Models\\FMS_DeliveryReceipt_Model')
 5 APPPATH\Commands\RenderCheck.php(26): App\Controllers\FMS_DeliveryReceipt->__construct()
 6 SYSTEMPATH\CLI\Commands.php(70): App\Commands\RenderCheck->run([...])
 7 SYSTEMPATH\CLI\Console.php(48): CodeIgniter\CLI\Commands->run('test:render', [...])
 8 SYSTEMPATH\Boot.php(360): CodeIgniter\CLI\Console->run()
 9 SYSTEMPATH\Boot.php(104): CodeIgniter\Boot::runCommand(Object(CodeIgniter\CLI\Console))
10 ROOTPATH\spark(84): CodeIgniter\Boot::bootSpark(Object(Config\Paths))
WARNING - 2026-10-06 09:16:13 --> [DEPRECATED] Creation of dynamic property App\Controllers\FMS_DeliveryReceipt::$drModel is deprecated in APPPATH\Controllers\FMS_DeliveryReceipt.php on line 12.
 1 APPPATH\Commands\RenderCheck.php(26): App\Controllers\FMS_DeliveryReceipt->__construct()
 2 SYSTEMPATH\CLI\Commands.php(70): App\Commands\RenderCheck->run([...])
 3 SYSTEMPATH\CLI\Console.php(48): CodeIgniter\CLI\Commands->run('test:render', [...])
 4 SYSTEMPATH\Boot.php(360): CodeIgniter\CLI\Console->run()
 5 SYSTEMPATH\Boot.php(104): CodeIgniter\Boot::runCommand(Object(CodeIgniter\CLI\Console))
 6 ROOTPATH\spark(84): CodeIgniter\Boot::bootSpark(Object(Config\Paths))
WARNING - 2026-10-06 09:16:13 --> [DEPRECATED] Creation of dynamic property App\Controllers\FMS_DeliveryReceipt::$db is deprecated in APPPATH\Controllers\FMS_DeliveryReceipt.php on line 13.
 1 APPPATH\Commands\RenderCheck.php(26): App\Controllers\FMS_DeliveryReceipt->__construct()
 2 SYSTEMPATH\CLI\Commands.php(70): App\Commands\RenderCheck->run([...])
 3 SYSTEMPATH\CLI\Console.php(48): CodeIgniter\CLI\Commands->run('test:render', [...])
 4 SYSTEMPATH\Boot.php(360): CodeIgniter\CLI\Console->run()
 5 SYSTEMPATH\Boot.php(104): CodeIgniter\Boot::runCommand(Object(CodeIgniter\CLI\Console))
 6 ROOTPATH\spark(84): CodeIgniter\Boot::bootSpark(Object(Config\Paths))
WARNING - 2026-10-06 09:16:13 --> [DEPRECATED] Creation of dynamic property App\Controllers\FMS_DeliveryReceipt::$session is deprecated in APPPATH\Controllers\FMS_DeliveryReceipt.php on line 14.
 1 APPPATH\Commands\RenderCheck.php(26): App\Controllers\FMS_DeliveryReceipt->__construct()
 2 SYSTEMPATH\CLI\Commands.php(70): App\Commands\RenderCheck->run([...])
 3 SYSTEMPATH\CLI\Console.php(48): CodeIgniter\CLI\Commands->run('test:render', [...])
 4 SYSTEMPATH\Boot.php(360): CodeIgniter\CLI\Console->run()
 5 SYSTEMPATH\Boot.php(104): CodeIgniter\Boot::runCommand(Object(CodeIgniter\CLI\Console))
 6 ROOTPATH\spark(84): CodeIgniter\Boot::bootSpark(Object(Config\Paths))
WARNING - 2026-10-06 09:16:13 --> [DEPRECATED] Creation of dynamic property App\Controllers\FMS_DeliveryReceipt::$cuser is deprecated in APPPATH\Controllers\FMS_DeliveryReceipt.php on line 15.
 1 APPPATH\Commands\RenderCheck.php(26): App\Controllers\FMS_DeliveryReceipt->__construct()
 2 SYSTEMPATH\CLI\Commands.php(70): App\Commands\RenderCheck->run([...])
 3 SYSTEMPATH\CLI\Console.php(48): CodeIgniter\CLI\Commands->run('test:render', [...])
 4 SYSTEMPATH\Boot.php(360): CodeIgniter\CLI\Console->run()
 5 SYSTEMPATH\Boot.php(104): CodeIgniter\Boot::runCommand(Object(CodeIgniter\CLI\Console))
 6 ROOTPATH\spark(84): CodeIgniter\Boot::bootSpark(Object(Config\Paths))
WARNING - 2026-10-06 09:16:13 --> [DEPRECATED] Creation of dynamic property CodeIgniter\View\View::$request is deprecated in APPPATH\Views\fms\delivery_receipt\dr-pdf.php on line 2.
 1 SYSTEMPATH\View\View.php(224): include('C:\\xampp\\htdocs\\larga-fms\\app\\Views\\fms\\delivery_receipt\\dr-pdf.php')
 2 SYSTEMPATH\View\View.php(227): CodeIgniter\View\View->CodeIgniter\View\{closure}()
 3 SYSTEMPATH\Common.php(1173): CodeIgniter\View\View->render('fms/delivery_receipt/dr-pdf', [], true)
 4 APPPATH\Controllers\FMS_DeliveryReceipt.php(157): view('fms/delivery_receipt/dr-pdf')
 5 APPPATH\Commands\RenderCheck.php(29): App\Controllers\FMS_DeliveryReceipt->index()
 6 SYSTEMPATH\CLI\Commands.php(70): App\Commands\RenderCheck->run([...])
 7 SYSTEMPATH\CLI\Console.php(48): CodeIgniter\CLI\Commands->run('test:render', [...])
 8 SYSTEMPATH\Boot.php(360): CodeIgniter\CLI\Console->run()
 9 SYSTEMPATH\Boot.php(104): CodeIgniter\Boot::runCommand(Object(CodeIgniter\CLI\Console))
10 ROOTPATH\spark(84): CodeIgniter\Boot::bootSpark(Object(Config\Paths))
WARNING - 2026-10-06 09:16:13 --> [DEPRECATED] Creation of dynamic property CodeIgniter\View\View::$db is deprecated in APPPATH\Views\fms\delivery_receipt\dr-pdf.php on line 3.
 1 SYSTEMPATH\View\View.php(224): include('C:\\xampp\\htdocs\\larga-fms\\app\\Views\\fms\\delivery_receipt\\dr-pdf.php')
 2 SYSTEMPATH\View\View.php(227): CodeIgniter\View\View->CodeIgniter\View\{closure}()
 3 SYSTEMPATH\Common.php(1173): CodeIgniter\View\View->render('fms/delivery_receipt/dr-pdf', [], true)
 4 APPPATH\Controllers\FMS_DeliveryReceipt.php(157): view('fms/delivery_receipt/dr-pdf')
 5 APPPATH\Commands\RenderCheck.php(29): App\Controllers\FMS_DeliveryReceipt->index()
 6 SYSTEMPATH\CLI\Commands.php(70): App\Commands\RenderCheck->run([...])
 7 SYSTEMPATH\CLI\Console.php(48): CodeIgniter\CLI\Commands->run('test:render', [...])
 8 SYSTEMPATH\Boot.php(360): CodeIgniter\CLI\Console->run()
 9 SYSTEMPATH\Boot.php(104): CodeIgniter\Boot::runCommand(Object(CodeIgniter\CLI\Console))
10 ROOTPATH\spark(84): CodeIgniter\Boot::bootSpark(Object(Config\Paths))
WARNING - 2026-10-06 09:16:13 --> [DEPRECATED] Creation of dynamic property CodeIgniter\View\View::$session is deprecated in APPPATH\Views\fms\delivery_receipt\dr-pdf.php on line 5.
 1 SYSTEMPATH\View\View.php(224): include('C:\\xampp\\htdocs\\larga-fms\\app\\Views\\fms\\delivery_receipt\\dr-pdf.php')
 2 SYSTEMPATH\View\View.php(227): CodeIgniter\View\View->CodeIgniter\View\{closure}()
 3 SYSTEMPATH\Common.php(1173): CodeIgniter\View\View->render('fms/delivery_receipt/dr-pdf', [], true)
 4 APPPATH\Controllers\FMS_DeliveryReceipt.php(157): view('fms/delivery_receipt/dr-pdf')
 5 APPPATH\Commands\RenderCheck.php(29): App\Controllers\FMS_DeliveryReceipt->index()
 6 SYSTEMPATH\CLI\Commands.php(70): App\Commands\RenderCheck->run([...])
 7 SYSTEMPATH\CLI\Console.php(48): CodeIgniter\CLI\Commands->run('test:render', [...])
 8 SYSTEMPATH\Boot.php(360): CodeIgniter\CLI\Console->run()
 9 SYSTEMPATH\Boot.php(104): CodeIgniter\Boot::runCommand(Object(CodeIgniter\CLI\Console))
10 ROOTPATH\spark(84): CodeIgniter\Boot::bootSpark(Object(Config\Paths))
WARNING - 2026-10-06 09:16:13 --> [DEPRECATED] Creation of dynamic property CodeIgniter\View\View::$cuser is deprecated in APPPATH\Views\fms\delivery_receipt\dr-pdf.php on line 6.
 1 SYSTEMPATH\View\View.php(224): include('C:\\xampp\\htdocs\\larga-fms\\app\\Views\\fms\\delivery_receipt\\dr-pdf.php')
 2 SYSTEMPATH\View\View.php(227): CodeIgniter\View\View->CodeIgniter\View\{closure}()
 3 SYSTEMPATH\Common.php(1173): CodeIgniter\View\View->render('fms/delivery_receipt/dr-pdf', [], true)
 4 APPPATH\Controllers\FMS_DeliveryReceipt.php(157): view('fms/delivery_receipt/dr-pdf')
 5 APPPATH\Commands\RenderCheck.php(29): App\Controllers\FMS_DeliveryReceipt->index()
 6 SYSTEMPATH\CLI\Commands.php(70): App\Commands\RenderCheck->run([...])
 7 SYSTEMPATH\CLI\Console.php(48): CodeIgniter\CLI\Commands->run('test:render', [...])
 8 SYSTEMPATH\Boot.php(360): CodeIgniter\CLI\Console->run()
 9 SYSTEMPATH\Boot.php(104): CodeIgniter\Boot::runCommand(Object(CodeIgniter\CLI\Console))
10 ROOTPATH\spark(84): CodeIgniter\Boot::bootSpark(Object(Config\Paths))
DEBUG - 2026-10-06 09:16:13 --> Session: Initialization under CLI aborted.
WARNING - 2026-10-06 09:16:13 --> [DEPRECATED] Creation of dynamic property App\Models\FMS_Dispatch_Model::$session is deprecated in APPPATH\Models\FMS_Dispatch_Model.php on line 11.
 1 SYSTEMPATH\Config\Factories.php(235): App\Models\FMS_Dispatch_Model->__construct(null)
 2 SYSTEMPATH\Config\Factories.php(169): CodeIgniter\Config\Factories::createInstance('models', 'App\\Models\\FMS_Dispatch_Model', [...])
 3 SYSTEMPATH\Common.php(804): CodeIgniter\Config\Factories::__callStatic('models', [...])
 4 APPPATH\Controllers\FMS_Dispatch.php(12): model('App\\Models\\FMS_Dispatch_Model')
 5 APPPATH\Commands\RenderCheck.php(26): App\Controllers\FMS_Dispatch->__construct()
 6 SYSTEMPATH\CLI\Commands.php(70): App\Commands\RenderCheck->run([...])
 7 SYSTEMPATH\CLI\Console.php(48): CodeIgniter\CLI\Commands->run('test:render', [...])
 8 SYSTEMPATH\Boot.php(360): CodeIgniter\CLI\Console->run()
 9 SYSTEMPATH\Boot.php(104): CodeIgniter\Boot::runCommand(Object(CodeIgniter\CLI\Console))
10 ROOTPATH\spark(84): CodeIgniter\Boot::bootSpark(Object(Config\Paths))
WARNING - 2026-10-06 09:16:13 --> [DEPRECATED] Creation of dynamic property App\Models\FMS_Dispatch_Model::$request is deprecated in APPPATH\Models\FMS_Dispatch_Model.php on line 12.
 1 SYSTEMPATH\Config\Factories.php(235): App\Models\FMS_Dispatch_Model->__construct(null)
 2 SYSTEMPATH\Config\Factories.php(169): CodeIgniter\Config\Factories::createInstance('models', 'App\\Models\\FMS_Dispatch_Model', [...])
 3 SYSTEMPATH\Common.php(804): CodeIgniter\Config\Factories::__callStatic('models', [...])
 4 APPPATH\Controllers\FMS_Dispatch.php(12): model('App\\Models\\FMS_Dispatch_Model')
 5 APPPATH\Commands\RenderCheck.php(26): App\Controllers\FMS_Dispatch->__construct()
 6 SYSTEMPATH\CLI\Commands.php(70): App\Commands\RenderCheck->run([...])
 7 SYSTEMPATH\CLI\Console.php(48): CodeIgniter\CLI\Commands->run('test:render', [...])
 8 SYSTEMPATH\Boot.php(360): CodeIgniter\CLI\Console->run()
 9 SYSTEMPATH\Boot.php(104): CodeIgniter\Boot::runCommand(Object(CodeIgniter\CLI\Console))
10 ROOTPATH\spark(84): CodeIgniter\Boot::bootSpark(Object(Config\Paths))
WARNING - 2026-10-06 09:16:13 --> [DEPRECATED] Creation of dynamic property App\Models\FMS_Dispatch_Model::$cuser is deprecated in APPPATH\Models\FMS_Dispatch_Model.php on line 14.
 1 SYSTEMPATH\Config\Factories.php(235): App\Models\FMS_Dispatch_Model->__construct(null)
 2 SYSTEMPATH\Config\Factories.php(169): CodeIgniter\Config\Factories::createInstance('models', 'App\\Models\\FMS_Dispatch_Model', [...])
 3 SYSTEMPATH\Common.php(804): CodeIgniter\Config\Factories::__callStatic('models', [...])
 4 APPPATH\Controllers\FMS_Dispatch.php(12): model('App\\Models\\FMS_Dispatch_Model')
 5 APPPATH\Commands\RenderCheck.php(26): App\Controllers\FMS_Dispatch->__construct()
 6 SYSTEMPATH\CLI\Commands.php(70): App\Commands\RenderCheck->run([...])
 7 SYSTEMPATH\CLI\Console.php(48): CodeIgniter\CLI\Commands->run('test:render', [...])
 8 SYSTEMPATH\Boot.php(360): CodeIgniter\CLI\Console->run()
 9 SYSTEMPATH\Boot.php(104): CodeIgniter\Boot::runCommand(Object(CodeIgniter\CLI\Console))
10 ROOTPATH\spark(84): CodeIgniter\Boot::bootSpark(Object(Config\Paths))
WARNING - 2026-10-06 09:16:13 --> [DEPRECATED] Creation of dynamic property App\Controllers\FMS_Dispatch::$dispatchModel is deprecated in APPPATH\Controllers\FMS_Dispatch.php on line 12.
 1 APPPATH\Commands\RenderCheck.php(26): App\Controllers\FMS_Dispatch->__construct()
 2 SYSTEMPATH\CLI\Commands.php(70): App\Commands\RenderCheck->run([...])
 3 SYSTEMPATH\CLI\Console.php(48): CodeIgniter\CLI\Commands->run('test:render', [...])
 4 SYSTEMPATH\Boot.php(360): CodeIgniter\CLI\Console->run()
 5 SYSTEMPATH\Boot.php(104): CodeIgniter\Boot::runCommand(Object(CodeIgniter\CLI\Console))
 6 ROOTPATH\spark(84): CodeIgniter\Boot::bootSpark(Object(Config\Paths))
WARNING - 2026-10-06 09:16:13 --> [DEPRECATED] Creation of dynamic property App\Controllers\FMS_Dispatch::$db is deprecated in APPPATH\Controllers\FMS_Dispatch.php on line 13.
 1 APPPATH\Commands\RenderCheck.php(26): App\Controllers\FMS_Dispatch->__construct()
 2 SYSTEMPATH\CLI\Commands.php(70): App\Commands\RenderCheck->run([...])
 3 SYSTEMPATH\CLI\Console.php(48): CodeIgniter\CLI\Commands->run('test:render', [...])
 4 SYSTEMPATH\Boot.php(360): CodeIgniter\CLI\Console->run()
 5 SYSTEMPATH\Boot.php(104): CodeIgniter\Boot::runCommand(Object(CodeIgniter\CLI\Console))
 6 ROOTPATH\spark(84): CodeIgniter\Boot::bootSpark(Object(Config\Paths))
WARNING - 2026-10-06 09:16:13 --> [DEPRECATED] Creation of dynamic property App\Controllers\FMS_Dispatch::$session is deprecated in APPPATH\Controllers\FMS_Dispatch.php on line 14.
 1 APPPATH\Commands\RenderCheck.php(26): App\Controllers\FMS_Dispatch->__construct()
 2 SYSTEMPATH\CLI\Commands.php(70): App\Commands\RenderCheck->run([...])
 3 SYSTEMPATH\CLI\Console.php(48): CodeIgniter\CLI\Commands->run('test:render', [...])
 4 SYSTEMPATH\Boot.php(360): CodeIgniter\CLI\Console->run()
 5 SYSTEMPATH\Boot.php(104): CodeIgniter\Boot::runCommand(Object(CodeIgniter\CLI\Console))
 6 ROOTPATH\spark(84): CodeIgniter\Boot::bootSpark(Object(Config\Paths))
WARNING - 2026-10-06 09:16:13 --> [DEPRECATED] Creation of dynamic property App\Controllers\FMS_Dispatch::$cuser is deprecated in APPPATH\Controllers\FMS_Dispatch.php on line 15.
 1 APPPATH\Commands\RenderCheck.php(26): App\Controllers\FMS_Dispatch->__construct()
 2 SYSTEMPATH\CLI\Commands.php(70): App\Commands\RenderCheck->run([...])
 3 SYSTEMPATH\CLI\Console.php(48): CodeIgniter\CLI\Commands->run('test:render', [...])
 4 SYSTEMPATH\Boot.php(360): CodeIgniter\CLI\Console->run()
 5 SYSTEMPATH\Boot.php(104): CodeIgniter\Boot::runCommand(Object(CodeIgniter\CLI\Console))
 6 ROOTPATH\spark(84): CodeIgniter\Boot::bootSpark(Object(Config\Paths))
WARNING - 2026-10-06 09:16:13 --> [DEPRECATED] Creation of dynamic property CodeIgniter\View\View::$request is deprecated in APPPATH\Views\fms\dispatch\dispatch-pdf-preview.php on line 2.
 1 SYSTEMPATH\View\View.php(224): include('C:\\xampp\\htdocs\\larga-fms\\app\\Views\\fms\\dispatch\\dispatch-pdf-preview.php')
 2 SYSTEMPATH\View\View.php(227): CodeIgniter\View\View->CodeIgniter\View\{closure}()
 3 SYSTEMPATH\Common.php(1173): CodeIgniter\View\View->render('fms/dispatch/dispatch-pdf-preview', [], true)
 4 APPPATH\Controllers\FMS_Dispatch.php(186): view('fms/dispatch/dispatch-pdf-preview')
 5 APPPATH\Commands\RenderCheck.php(29): App\Controllers\FMS_Dispatch->index()
 6 SYSTEMPATH\CLI\Commands.php(70): App\Commands\RenderCheck->run([...])
 7 SYSTEMPATH\CLI\Console.php(48): CodeIgniter\CLI\Commands->run('test:render', [...])
 8 SYSTEMPATH\Boot.php(360): CodeIgniter\CLI\Console->run()
 9 SYSTEMPATH\Boot.php(104): CodeIgniter\Boot::runCommand(Object(CodeIgniter\CLI\Console))
10 ROOTPATH\spark(84): CodeIgniter\Boot::bootSpark(Object(Config\Paths))
WARNING - 2026-10-06 09:16:13 --> [DEPRECATED] Creation of dynamic property CodeIgniter\View\View::$db is deprecated in APPPATH\Views\fms\dispatch\dispatch-pdf-preview.php on line 3.
 1 SYSTEMPATH\View\View.php(224): include('C:\\xampp\\htdocs\\larga-fms\\app\\Views\\fms\\dispatch\\dispatch-pdf-preview.php')
 2 SYSTEMPATH\View\View.php(227): CodeIgniter\View\View->CodeIgniter\View\{closure}()
 3 SYSTEMPATH\Common.php(1173): CodeIgniter\View\View->render('fms/dispatch/dispatch-pdf-preview', [], true)
 4 APPPATH\Controllers\FMS_Dispatch.php(186): view('fms/dispatch/dispatch-pdf-preview')
 5 APPPATH\Commands\RenderCheck.php(29): App\Controllers\FMS_Dispatch->index()
 6 SYSTEMPATH\CLI\Commands.php(70): App\Commands\RenderCheck->run([...])
 7 SYSTEMPATH\CLI\Console.php(48): CodeIgniter\CLI\Commands->run('test:render', [...])
 8 SYSTEMPATH\Boot.php(360): CodeIgniter\CLI\Console->run()
 9 SYSTEMPATH\Boot.php(104): CodeIgniter\Boot::runCommand(Object(CodeIgniter\CLI\Console))
10 ROOTPATH\spark(84): CodeIgniter\Boot::bootSpark(Object(Config\Paths))
WARNING - 2026-10-06 09:16:13 --> [DEPRECATED] Creation of dynamic property CodeIgniter\View\View::$session is deprecated in APPPATH\Views\fms\dispatch\dispatch-pdf-preview.php on line 5.
 1 SYSTEMPATH\View\View.php(224): include('C:\\xampp\\htdocs\\larga-fms\\app\\Views\\fms\\dispatch\\dispatch-pdf-preview.php')
 2 SYSTEMPATH\View\View.php(227): CodeIgniter\View\View->CodeIgniter\View\{closure}()
 3 SYSTEMPATH\Common.php(1173): CodeIgniter\View\View->render('fms/dispatch/dispatch-pdf-preview', [], true)
 4 APPPATH\Controllers\FMS_Dispatch.php(186): view('fms/dispatch/dispatch-pdf-preview')
 5 APPPATH\Commands\RenderCheck.php(29): App\Controllers\FMS_Dispatch->index()
 6 SYSTEMPATH\CLI\Commands.php(70): App\Commands\RenderCheck->run([...])
 7 SYSTEMPATH\CLI\Console.php(48): CodeIgniter\CLI\Commands->run('test:render', [...])
 8 SYSTEMPATH\Boot.php(360): CodeIgniter\CLI\Console->run()
 9 SYSTEMPATH\Boot.php(104): CodeIgniter\Boot::runCommand(Object(CodeIgniter\CLI\Console))
10 ROOTPATH\spark(84): CodeIgniter\Boot::bootSpark(Object(Config\Paths))
WARNING - 2026-10-06 09:16:13 --> [DEPRECATED] Creation of dynamic property CodeIgniter\View\View::$cuser is deprecated in APPPATH\Views\fms\dispatch\dispatch-pdf-preview.php on line 6.
 1 SYSTEMPATH\View\View.php(224): include('C:\\xampp\\htdocs\\larga-fms\\app\\Views\\fms\\dispatch\\dispatch-pdf-preview.php')
 2 SYSTEMPATH\View\View.php(227): CodeIgniter\View\View->CodeIgniter\View\{closure}()
 3 SYSTEMPATH\Common.php(1173): CodeIgniter\View\View->render('fms/dispatch/dispatch-pdf-preview', [], true)
 4 APPPATH\Controllers\FMS_Dispatch.php(186): view('fms/dispatch/dispatch-pdf-preview')
 5 APPPATH\Commands\RenderCheck.php(29): App\Controllers\FMS_Dispatch->index()
 6 SYSTEMPATH\CLI\Commands.php(70): App\Commands\RenderCheck->run([...])
 7 SYSTEMPATH\CLI\Console.php(48): CodeIgniter\CLI\Commands->run('test:render', [...])
 8 SYSTEMPATH\Boot.php(360): CodeIgniter\CLI\Console->run()
 9 SYSTEMPATH\Boot.php(104): CodeIgniter\Boot::runCommand(Object(CodeIgniter\CLI\Console))
10 ROOTPATH\spark(84): CodeIgniter\Boot::bootSpark(Object(Config\Paths))
DEBUG - 2026-10-06 09:16:13 --> Session: Initialization under CLI aborted.
WARNING - 2026-10-06 09:16:13 --> [DEPRECATED] Creation of dynamic property App\Models\FMS_Invoice_Model::$session is deprecated in APPPATH\Models\FMS_Invoice_Model.php on line 11.
 1 SYSTEMPATH\Config\Factories.php(235): App\Models\FMS_Invoice_Model->__construct(null)
 2 SYSTEMPATH\Config\Factories.php(169): CodeIgniter\Config\Factories::createInstance('models', 'App\\Models\\FMS_Invoice_Model', [...])
 3 SYSTEMPATH\Common.php(804): CodeIgniter\Config\Factories::__callStatic('models', [...])
 4 APPPATH\Controllers\FMS_Invoice.php(12): model('App\\Models\\FMS_Invoice_Model')
 5 APPPATH\Commands\RenderCheck.php(26): App\Controllers\FMS_Invoice->__construct()
 6 SYSTEMPATH\CLI\Commands.php(70): App\Commands\RenderCheck->run([...])
 7 SYSTEMPATH\CLI\Console.php(48): CodeIgniter\CLI\Commands->run('test:render', [...])
 8 SYSTEMPATH\Boot.php(360): CodeIgniter\CLI\Console->run()
 9 SYSTEMPATH\Boot.php(104): CodeIgniter\Boot::runCommand(Object(CodeIgniter\CLI\Console))
10 ROOTPATH\spark(84): CodeIgniter\Boot::bootSpark(Object(Config\Paths))
WARNING - 2026-10-06 09:16:13 --> [DEPRECATED] Creation of dynamic property App\Models\FMS_Invoice_Model::$request is deprecated in APPPATH\Models\FMS_Invoice_Model.php on line 12.
 1 SYSTEMPATH\Config\Factories.php(235): App\Models\FMS_Invoice_Model->__construct(null)
 2 SYSTEMPATH\Config\Factories.php(169): CodeIgniter\Config\Factories::createInstance('models', 'App\\Models\\FMS_Invoice_Model', [...])
 3 SYSTEMPATH\Common.php(804): CodeIgniter\Config\Factories::__callStatic('models', [...])
 4 APPPATH\Controllers\FMS_Invoice.php(12): model('App\\Models\\FMS_Invoice_Model')
 5 APPPATH\Commands\RenderCheck.php(26): App\Controllers\FMS_Invoice->__construct()
 6 SYSTEMPATH\CLI\Commands.php(70): App\Commands\RenderCheck->run([...])
 7 SYSTEMPATH\CLI\Console.php(48): CodeIgniter\CLI\Commands->run('test:render', [...])
 8 SYSTEMPATH\Boot.php(360): CodeIgniter\CLI\Console->run()
 9 SYSTEMPATH\Boot.php(104): CodeIgniter\Boot::runCommand(Object(CodeIgniter\CLI\Console))
10 ROOTPATH\spark(84): CodeIgniter\Boot::bootSpark(Object(Config\Paths))
WARNING - 2026-10-06 09:16:13 --> [DEPRECATED] Creation of dynamic property App\Models\FMS_Invoice_Model::$cuser is deprecated in APPPATH\Models\FMS_Invoice_Model.php on line 14.
 1 SYSTEMPATH\Config\Factories.php(235): App\Models\FMS_Invoice_Model->__construct(null)
 2 SYSTEMPATH\Config\Factories.php(169): CodeIgniter\Config\Factories::createInstance('models', 'App\\Models\\FMS_Invoice_Model', [...])
 3 SYSTEMPATH\Common.php(804): CodeIgniter\Config\Factories::__callStatic('models', [...])
 4 APPPATH\Controllers\FMS_Invoice.php(12): model('App\\Models\\FMS_Invoice_Model')
 5 APPPATH\Commands\RenderCheck.php(26): App\Controllers\FMS_Invoice->__construct()
 6 SYSTEMPATH\CLI\Commands.php(70): App\Commands\RenderCheck->run([...])
 7 SYSTEMPATH\CLI\Console.php(48): CodeIgniter\CLI\Commands->run('test:render', [...])
 8 SYSTEMPATH\Boot.php(360): CodeIgniter\CLI\Console->run()
 9 SYSTEMPATH\Boot.php(104): CodeIgniter\Boot::runCommand(Object(CodeIgniter\CLI\Console))
10 ROOTPATH\spark(84): CodeIgniter\Boot::bootSpark(Object(Config\Paths))
WARNING - 2026-10-06 09:16:13 --> [DEPRECATED] Creation of dynamic property App\Controllers\FMS_Invoice::$invoiceModel is deprecated in APPPATH\Controllers\FMS_Invoice.php on line 12.
 1 APPPATH\Commands\RenderCheck.php(26): App\Controllers\FMS_Invoice->__construct()
 2 SYSTEMPATH\CLI\Commands.php(70): App\Commands\RenderCheck->run([...])
 3 SYSTEMPATH\CLI\Console.php(48): CodeIgniter\CLI\Commands->run('test:render', [...])
 4 SYSTEMPATH\Boot.php(360): CodeIgniter\CLI\Console->run()
 5 SYSTEMPATH\Boot.php(104): CodeIgniter\Boot::runCommand(Object(CodeIgniter\CLI\Console))
 6 ROOTPATH\spark(84): CodeIgniter\Boot::bootSpark(Object(Config\Paths))
WARNING - 2026-10-06 09:16:13 --> [DEPRECATED] Creation of dynamic property App\Controllers\FMS_Invoice::$db is deprecated in APPPATH\Controllers\FMS_Invoice.php on line 13.
 1 APPPATH\Commands\RenderCheck.php(26): App\Controllers\FMS_Invoice->__construct()
 2 SYSTEMPATH\CLI\Commands.php(70): App\Commands\RenderCheck->run([...])
 3 SYSTEMPATH\CLI\Console.php(48): CodeIgniter\CLI\Commands->run('test:render', [...])
 4 SYSTEMPATH\Boot.php(360): CodeIgniter\CLI\Console->run()
 5 SYSTEMPATH\Boot.php(104): CodeIgniter\Boot::runCommand(Object(CodeIgniter\CLI\Console))
 6 ROOTPATH\spark(84): CodeIgniter\Boot::bootSpark(Object(Config\Paths))
WARNING - 2026-10-06 09:16:13 --> [DEPRECATED] Creation of dynamic property App\Controllers\FMS_Invoice::$session is deprecated in APPPATH\Controllers\FMS_Invoice.php on line 14.
 1 APPPATH\Commands\RenderCheck.php(26): App\Controllers\FMS_Invoice->__construct()
 2 SYSTEMPATH\CLI\Commands.php(70): App\Commands\RenderCheck->run([...])
 3 SYSTEMPATH\CLI\Console.php(48): CodeIgniter\CLI\Commands->run('test:render', [...])
 4 SYSTEMPATH\Boot.php(360): CodeIgniter\CLI\Console->run()
 5 SYSTEMPATH\Boot.php(104): CodeIgniter\Boot::runCommand(Object(CodeIgniter\CLI\Console))
 6 ROOTPATH\spark(84): CodeIgniter\Boot::bootSpark(Object(Config\Paths))
WARNING - 2026-10-06 09:16:13 --> [DEPRECATED] Creation of dynamic property App\Controllers\FMS_Invoice::$cuser is deprecated in APPPATH\Controllers\FMS_Invoice.php on line 15.
 1 APPPATH\Commands\RenderCheck.php(26): App\Controllers\FMS_Invoice->__construct()
 2 SYSTEMPATH\CLI\Commands.php(70): App\Commands\RenderCheck->run([...])
 3 SYSTEMPATH\CLI\Console.php(48): CodeIgniter\CLI\Commands->run('test:render', [...])
 4 SYSTEMPATH\Boot.php(360): CodeIgniter\CLI\Console->run()
 5 SYSTEMPATH\Boot.php(104): CodeIgniter\Boot::runCommand(Object(CodeIgniter\CLI\Console))
 6 ROOTPATH\spark(84): CodeIgniter\Boot::bootSpark(Object(Config\Paths))
WARNING - 2026-10-06 09:16:13 --> [DEPRECATED] Creation of dynamic property CodeIgniter\View\View::$request is deprecated in APPPATH\Views\fms\invoice\invoice-pdf.php on line 2.
 1 SYSTEMPATH\View\View.php(224): include('C:\\xampp\\htdocs\\larga-fms\\app\\Views\\fms\\invoice\\invoice-pdf.php')
 2 SYSTEMPATH\View\View.php(227): CodeIgniter\View\View->CodeIgniter\View\{closure}()
 3 SYSTEMPATH\Common.php(1173): CodeIgniter\View\View->render('fms/invoice/invoice-pdf', [], true)
 4 APPPATH\Controllers\FMS_Invoice.php(77): view('fms/invoice/invoice-pdf')
 5 APPPATH\Commands\RenderCheck.php(29): App\Controllers\FMS_Invoice->index()
 6 SYSTEMPATH\CLI\Commands.php(70): App\Commands\RenderCheck->run([...])
 7 SYSTEMPATH\CLI\Console.php(48): CodeIgniter\CLI\Commands->run('test:render', [...])
 8 SYSTEMPATH\Boot.php(360): CodeIgniter\CLI\Console->run()
 9 SYSTEMPATH\Boot.php(104): CodeIgniter\Boot::runCommand(Object(CodeIgniter\CLI\Console))
10 ROOTPATH\spark(84): CodeIgniter\Boot::bootSpark(Object(Config\Paths))
WARNING - 2026-10-06 09:16:13 --> [DEPRECATED] Creation of dynamic property CodeIgniter\View\View::$db is deprecated in APPPATH\Views\fms\invoice\invoice-pdf.php on line 3.
 1 SYSTEMPATH\View\View.php(224): include('C:\\xampp\\htdocs\\larga-fms\\app\\Views\\fms\\invoice\\invoice-pdf.php')
 2 SYSTEMPATH\View\View.php(227): CodeIgniter\View\View->CodeIgniter\View\{closure}()
 3 SYSTEMPATH\Common.php(1173): CodeIgniter\View\View->render('fms/invoice/invoice-pdf', [], true)
 4 APPPATH\Controllers\FMS_Invoice.php(77): view('fms/invoice/invoice-pdf')
 5 APPPATH\Commands\RenderCheck.php(29): App\Controllers\FMS_Invoice->index()
 6 SYSTEMPATH\CLI\Commands.php(70): App\Commands\RenderCheck->run([...])
 7 SYSTEMPATH\CLI\Console.php(48): CodeIgniter\CLI\Commands->run('test:render', [...])
 8 SYSTEMPATH\Boot.php(360): CodeIgniter\CLI\Console->run()
 9 SYSTEMPATH\Boot.php(104): CodeIgniter\Boot::runCommand(Object(CodeIgniter\CLI\Console))
10 ROOTPATH\spark(84): CodeIgniter\Boot::bootSpark(Object(Config\Paths))
WARNING - 2026-10-06 09:16:13 --> [DEPRECATED] Creation of dynamic property CodeIgniter\View\View::$session is deprecated in APPPATH\Views\fms\invoice\invoice-pdf.php on line 5.
 1 SYSTEMPATH\View\View.php(224): include('C:\\xampp\\htdocs\\larga-fms\\app\\Views\\fms\\invoice\\invoice-pdf.php')
 2 SYSTEMPATH\View\View.php(227): CodeIgniter\View\View->CodeIgniter\View\{closure}()
 3 SYSTEMPATH\Common.php(1173): CodeIgniter\View\View->render('fms/invoice/invoice-pdf', [], true)
 4 APPPATH\Controllers\FMS_Invoice.php(77): view('fms/invoice/invoice-pdf')
 5 APPPATH\Commands\RenderCheck.php(29): App\Controllers\FMS_Invoice->index()
 6 SYSTEMPATH\CLI\Commands.php(70): App\Commands\RenderCheck->run([...])
 7 SYSTEMPATH\CLI\Console.php(48): CodeIgniter\CLI\Commands->run('test:render', [...])
 8 SYSTEMPATH\Boot.php(360): CodeIgniter\CLI\Console->run()
 9 SYSTEMPATH\Boot.php(104): CodeIgniter\Boot::runCommand(Object(CodeIgniter\CLI\Console))
10 ROOTPATH\spark(84): CodeIgniter\Boot::bootSpark(Object(Config\Paths))
WARNING - 2026-10-06 09:16:13 --> [DEPRECATED] Creation of dynamic property CodeIgniter\View\View::$cuser is deprecated in APPPATH\Views\fms\invoice\invoice-pdf.php on line 6.
 1 SYSTEMPATH\View\View.php(224): include('C:\\xampp\\htdocs\\larga-fms\\app\\Views\\fms\\invoice\\invoice-pdf.php')
 2 SYSTEMPATH\View\View.php(227): CodeIgniter\View\View->CodeIgniter\View\{closure}()
 3 SYSTEMPATH\Common.php(1173): CodeIgniter\View\View->render('fms/invoice/invoice-pdf', [], true)
 4 APPPATH\Controllers\FMS_Invoice.php(77): view('fms/invoice/invoice-pdf')
 5 APPPATH\Commands\RenderCheck.php(29): App\Controllers\FMS_Invoice->index()
 6 SYSTEMPATH\CLI\Commands.php(70): App\Commands\RenderCheck->run([...])
 7 SYSTEMPATH\CLI\Console.php(48): CodeIgniter\CLI\Commands->run('test:render', [...])
 8 SYSTEMPATH\Boot.php(360): CodeIgniter\CLI\Console->run()
 9 SYSTEMPATH\Boot.php(104): CodeIgniter\Boot::runCommand(Object(CodeIgniter\CLI\Console))
10 ROOTPATH\spark(84): CodeIgniter\Boot::bootSpark(Object(Config\Paths))
DEBUG - 2026-10-06 09:16:14 --> Session: Initialization under CLI aborted.
WARNING - 2026-10-06 09:16:14 --> [DEPRECATED] Creation of dynamic property App\Models\FMS_Trip_Model::$session is deprecated in APPPATH\Models\FMS_Trip_Model.php on line 11.
 1 SYSTEMPATH\Config\Factories.php(235): App\Models\FMS_Trip_Model->__construct(null)
 2 SYSTEMPATH\Config\Factories.php(169): CodeIgniter\Config\Factories::createInstance('models', 'App\\Models\\FMS_Trip_Model', [...])
 3 SYSTEMPATH\Common.php(804): CodeIgniter\Config\Factories::__callStatic('models', [...])
 4 APPPATH\Controllers\FMS_Trip.php(12): model('App\\Models\\FMS_Trip_Model')
 5 APPPATH\Commands\RenderCheck.php(26): App\Controllers\FMS_Trip->__construct()
 6 SYSTEMPATH\CLI\Commands.php(70): App\Commands\RenderCheck->run([...])
 7 SYSTEMPATH\CLI\Console.php(48): CodeIgniter\CLI\Commands->run('test:render', [...])
 8 SYSTEMPATH\Boot.php(360): CodeIgniter\CLI\Console->run()
 9 SYSTEMPATH\Boot.php(104): CodeIgniter\Boot::runCommand(Object(CodeIgniter\CLI\Console))
10 ROOTPATH\spark(84): CodeIgniter\Boot::bootSpark(Object(Config\Paths))
WARNING - 2026-10-06 09:16:14 --> [DEPRECATED] Creation of dynamic property App\Models\FMS_Trip_Model::$request is deprecated in APPPATH\Models\FMS_Trip_Model.php on line 12.
 1 SYSTEMPATH\Config\Factories.php(235): App\Models\FMS_Trip_Model->__construct(null)
 2 SYSTEMPATH\Config\Factories.php(169): CodeIgniter\Config\Factories::createInstance('models', 'App\\Models\\FMS_Trip_Model', [...])
 3 SYSTEMPATH\Common.php(804): CodeIgniter\Config\Factories::__callStatic('models', [...])
 4 APPPATH\Controllers\FMS_Trip.php(12): model('App\\Models\\FMS_Trip_Model')
 5 APPPATH\Commands\RenderCheck.php(26): App\Controllers\FMS_Trip->__construct()
 6 SYSTEMPATH\CLI\Commands.php(70): App\Commands\RenderCheck->run([...])
 7 SYSTEMPATH\CLI\Console.php(48): CodeIgniter\CLI\Commands->run('test:render', [...])
 8 SYSTEMPATH\Boot.php(360): CodeIgniter\CLI\Console->run()
 9 SYSTEMPATH\Boot.php(104): CodeIgniter\Boot::runCommand(Object(CodeIgniter\CLI\Console))
10 ROOTPATH\spark(84): CodeIgniter\Boot::bootSpark(Object(Config\Paths))
WARNING - 2026-10-06 09:16:14 --> [DEPRECATED] Creation of dynamic property App\Models\FMS_Trip_Model::$cuser is deprecated in APPPATH\Models\FMS_Trip_Model.php on line 14.
 1 SYSTEMPATH\Config\Factories.php(235): App\Models\FMS_Trip_Model->__construct(null)
 2 SYSTEMPATH\Config\Factories.php(169): CodeIgniter\Config\Factories::createInstance('models', 'App\\Models\\FMS_Trip_Model', [...])
 3 SYSTEMPATH\Common.php(804): CodeIgniter\Config\Factories::__callStatic('models', [...])
 4 APPPATH\Controllers\FMS_Trip.php(12): model('App\\Models\\FMS_Trip_Model')
 5 APPPATH\Commands\RenderCheck.php(26): App\Controllers\FMS_Trip->__construct()
 6 SYSTEMPATH\CLI\Commands.php(70): App\Commands\RenderCheck->run([...])
 7 SYSTEMPATH\CLI\Console.php(48): CodeIgniter\CLI\Commands->run('test:render', [...])
 8 SYSTEMPATH\Boot.php(360): CodeIgniter\CLI\Console->run()
 9 SYSTEMPATH\Boot.php(104): CodeIgniter\Boot::runCommand(Object(CodeIgniter\CLI\Console))
10 ROOTPATH\spark(84): CodeIgniter\Boot::bootSpark(Object(Config\Paths))
WARNING - 2026-10-06 09:16:14 --> [DEPRECATED] Creation of dynamic property App\Controllers\FMS_Trip::$tripModel is deprecated in APPPATH\Controllers\FMS_Trip.php on line 12.
 1 APPPATH\Commands\RenderCheck.php(26): App\Controllers\FMS_Trip->__construct()
 2 SYSTEMPATH\CLI\Commands.php(70): App\Commands\RenderCheck->run([...])
 3 SYSTEMPATH\CLI\Console.php(48): CodeIgniter\CLI\Commands->run('test:render', [...])
 4 SYSTEMPATH\Boot.php(360): CodeIgniter\CLI\Console->run()
 5 SYSTEMPATH\Boot.php(104): CodeIgniter\Boot::runCommand(Object(CodeIgniter\CLI\Console))
 6 ROOTPATH\spark(84): CodeIgniter\Boot::bootSpark(Object(Config\Paths))
WARNING - 2026-10-06 09:16:14 --> [DEPRECATED] Creation of dynamic property App\Controllers\FMS_Trip::$db is deprecated in APPPATH\Controllers\FMS_Trip.php on line 13.
 1 APPPATH\Commands\RenderCheck.php(26): App\Controllers\FMS_Trip->__construct()
 2 SYSTEMPATH\CLI\Commands.php(70): App\Commands\RenderCheck->run([...])
 3 SYSTEMPATH\CLI\Console.php(48): CodeIgniter\CLI\Commands->run('test:render', [...])
 4 SYSTEMPATH\Boot.php(360): CodeIgniter\CLI\Console->run()
 5 SYSTEMPATH\Boot.php(104): CodeIgniter\Boot::runCommand(Object(CodeIgniter\CLI\Console))
 6 ROOTPATH\spark(84): CodeIgniter\Boot::bootSpark(Object(Config\Paths))
WARNING - 2026-10-06 09:16:14 --> [DEPRECATED] Creation of dynamic property App\Controllers\FMS_Trip::$session is deprecated in APPPATH\Controllers\FMS_Trip.php on line 14.
 1 APPPATH\Commands\RenderCheck.php(26): App\Controllers\FMS_Trip->__construct()
 2 SYSTEMPATH\CLI\Commands.php(70): App\Commands\RenderCheck->run([...])
 3 SYSTEMPATH\CLI\Console.php(48): CodeIgniter\CLI\Commands->run('test:render', [...])
 4 SYSTEMPATH\Boot.php(360): CodeIgniter\CLI\Console->run()
 5 SYSTEMPATH\Boot.php(104): CodeIgniter\Boot::runCommand(Object(CodeIgniter\CLI\Console))
 6 ROOTPATH\spark(84): CodeIgniter\Boot::bootSpark(Object(Config\Paths))
WARNING - 2026-10-06 09:16:14 --> [DEPRECATED] Creation of dynamic property App\Controllers\FMS_Trip::$cuser is deprecated in APPPATH\Controllers\FMS_Trip.php on line 15.
 1 APPPATH\Commands\RenderCheck.php(26): App\Controllers\FMS_Trip->__construct()
 2 SYSTEMPATH\CLI\Commands.php(70): App\Commands\RenderCheck->run([...])
 3 SYSTEMPATH\CLI\Console.php(48): CodeIgniter\CLI\Commands->run('test:render', [...])
 4 SYSTEMPATH\Boot.php(360): CodeIgniter\CLI\Console->run()
 5 SYSTEMPATH\Boot.php(104): CodeIgniter\Boot::runCommand(Object(CodeIgniter\CLI\Console))
 6 ROOTPATH\spark(84): CodeIgniter\Boot::bootSpark(Object(Config\Paths))
DEBUG - 2026-10-06 09:16:14 --> Session: Initialization under CLI aborted.
WARNING - 2026-10-06 09:16:14 --> [DEPRECATED] Creation of dynamic property App\Models\FMS_Trip_Model::$session is deprecated in APPPATH\Models\FMS_Trip_Model.php on line 11.
 1 SYSTEMPATH\Config\Factories.php(235): App\Models\FMS_Trip_Model->__construct(null)
 2 SYSTEMPATH\Config\Factories.php(169): CodeIgniter\Config\Factories::createInstance('models', 'App\\Models\\FMS_Trip_Model', [...])
 3 SYSTEMPATH\Common.php(804): CodeIgniter\Config\Factories::__callStatic('models', [...])
 4 APPPATH\Controllers\FMS_Trip.php(12): model('App\\Models\\FMS_Trip_Model')
 5 APPPATH\Commands\RenderCheck.php(26): App\Controllers\FMS_Trip->__construct()
 6 SYSTEMPATH\CLI\Commands.php(70): App\Commands\RenderCheck->run([...])
 7 SYSTEMPATH\CLI\Console.php(48): CodeIgniter\CLI\Commands->run('test:render', [...])
 8 SYSTEMPATH\Boot.php(360): CodeIgniter\CLI\Console->run()
 9 SYSTEMPATH\Boot.php(104): CodeIgniter\Boot::runCommand(Object(CodeIgniter\CLI\Console))
10 ROOTPATH\spark(84): CodeIgniter\Boot::bootSpark(Object(Config\Paths))
WARNING - 2026-10-06 09:16:14 --> [DEPRECATED] Creation of dynamic property App\Models\FMS_Trip_Model::$request is deprecated in APPPATH\Models\FMS_Trip_Model.php on line 12.
 1 SYSTEMPATH\Config\Factories.php(235): App\Models\FMS_Trip_Model->__construct(null)
 2 SYSTEMPATH\Config\Factories.php(169): CodeIgniter\Config\Factories::createInstance('models', 'App\\Models\\FMS_Trip_Model', [...])
 3 SYSTEMPATH\Common.php(804): CodeIgniter\Config\Factories::__callStatic('models', [...])
 4 APPPATH\Controllers\FMS_Trip.php(12): model('App\\Models\\FMS_Trip_Model')
 5 APPPATH\Commands\RenderCheck.php(26): App\Controllers\FMS_Trip->__construct()
 6 SYSTEMPATH\CLI\Commands.php(70): App\Commands\RenderCheck->run([...])
 7 SYSTEMPATH\CLI\Console.php(48): CodeIgniter\CLI\Commands->run('test:render', [...])
 8 SYSTEMPATH\Boot.php(360): CodeIgniter\CLI\Console->run()
 9 SYSTEMPATH\Boot.php(104): CodeIgniter\Boot::runCommand(Object(CodeIgniter\CLI\Console))
10 ROOTPATH\spark(84): CodeIgniter\Boot::bootSpark(Object(Config\Paths))
WARNING - 2026-10-06 09:16:14 --> [DEPRECATED] Creation of dynamic property App\Models\FMS_Trip_Model::$cuser is deprecated in APPPATH\Models\FMS_Trip_Model.php on line 14.
 1 SYSTEMPATH\Config\Factories.php(235): App\Models\FMS_Trip_Model->__construct(null)
 2 SYSTEMPATH\Config\Factories.php(169): CodeIgniter\Config\Factories::createInstance('models', 'App\\Models\\FMS_Trip_Model', [...])
 3 SYSTEMPATH\Common.php(804): CodeIgniter\Config\Factories::__callStatic('models', [...])
 4 APPPATH\Controllers\FMS_Trip.php(12): model('App\\Models\\FMS_Trip_Model')
 5 APPPATH\Commands\RenderCheck.php(26): App\Controllers\FMS_Trip->__construct()
 6 SYSTEMPATH\CLI\Commands.php(70): App\Commands\RenderCheck->run([...])
 7 SYSTEMPATH\CLI\Console.php(48): CodeIgniter\CLI\Commands->run('test:render', [...])
 8 SYSTEMPATH\Boot.php(360): CodeIgniter\CLI\Console->run()
 9 SYSTEMPATH\Boot.php(104): CodeIgniter\Boot::runCommand(Object(CodeIgniter\CLI\Console))
10 ROOTPATH\spark(84): CodeIgniter\Boot::bootSpark(Object(Config\Paths))
WARNING - 2026-10-06 09:16:14 --> [DEPRECATED] Creation of dynamic property App\Controllers\FMS_Trip::$tripModel is deprecated in APPPATH\Controllers\FMS_Trip.php on line 12.
 1 APPPATH\Commands\RenderCheck.php(26): App\Controllers\FMS_Trip->__construct()
 2 SYSTEMPATH\CLI\Commands.php(70): App\Commands\RenderCheck->run([...])
 3 SYSTEMPATH\CLI\Console.php(48): CodeIgniter\CLI\Commands->run('test:render', [...])
 4 SYSTEMPATH\Boot.php(360): CodeIgniter\CLI\Console->run()
 5 SYSTEMPATH\Boot.php(104): CodeIgniter\Boot::runCommand(Object(CodeIgniter\CLI\Console))
 6 ROOTPATH\spark(84): CodeIgniter\Boot::bootSpark(Object(Config\Paths))
WARNING - 2026-10-06 09:16:14 --> [DEPRECATED] Creation of dynamic property App\Controllers\FMS_Trip::$db is deprecated in APPPATH\Controllers\FMS_Trip.php on line 13.
 1 APPPATH\Commands\RenderCheck.php(26): App\Controllers\FMS_Trip->__construct()
 2 SYSTEMPATH\CLI\Commands.php(70): App\Commands\RenderCheck->run([...])
 3 SYSTEMPATH\CLI\Console.php(48): CodeIgniter\CLI\Commands->run('test:render', [...])
 4 SYSTEMPATH\Boot.php(360): CodeIgniter\CLI\Console->run()
 5 SYSTEMPATH\Boot.php(104): CodeIgniter\Boot::runCommand(Object(CodeIgniter\CLI\Console))
 6 ROOTPATH\spark(84): CodeIgniter\Boot::bootSpark(Object(Config\Paths))
WARNING - 2026-10-06 09:16:14 --> [DEPRECATED] Creation of dynamic property App\Controllers\FMS_Trip::$session is deprecated in APPPATH\Controllers\FMS_Trip.php on line 14.
 1 APPPATH\Commands\RenderCheck.php(26): App\Controllers\FMS_Trip->__construct()
 2 SYSTEMPATH\CLI\Commands.php(70): App\Commands\RenderCheck->run([...])
 3 SYSTEMPATH\CLI\Console.php(48): CodeIgniter\CLI\Commands->run('test:render', [...])
 4 SYSTEMPATH\Boot.php(360): CodeIgniter\CLI\Console->run()
 5 SYSTEMPATH\Boot.php(104): CodeIgniter\Boot::runCommand(Object(CodeIgniter\CLI\Console))
 6 ROOTPATH\spark(84): CodeIgniter\Boot::bootSpark(Object(Config\Paths))
WARNING - 2026-10-06 09:16:14 --> [DEPRECATED] Creation of dynamic property App\Controllers\FMS_Trip::$cuser is deprecated in APPPATH\Controllers\FMS_Trip.php on line 15.
 1 APPPATH\Commands\RenderCheck.php(26): App\Controllers\FMS_Trip->__construct()
 2 SYSTEMPATH\CLI\Commands.php(70): App\Commands\RenderCheck->run([...])
 3 SYSTEMPATH\CLI\Console.php(48): CodeIgniter\CLI\Commands->run('test:render', [...])
 4 SYSTEMPATH\Boot.php(360): CodeIgniter\CLI\Console->run()
 5 SYSTEMPATH\Boot.php(104): CodeIgniter\Boot::runCommand(Object(CodeIgniter\CLI\Console))
 6 ROOTPATH\spark(84): CodeIgniter\Boot::bootSpark(Object(Config\Paths))
DEBUG - 2026-10-06 09:16:14 --> Session: Initialization under CLI aborted.
WARNING - 2026-10-06 09:16:14 --> [DEPRECATED] Creation of dynamic property App\Models\FMS_Dispatch_Model::$session is deprecated in APPPATH\Models\FMS_Dispatch_Model.php on line 11.
 1 SYSTEMPATH\Config\Factories.php(235): App\Models\FMS_Dispatch_Model->__construct(null)
 2 SYSTEMPATH\Config\Factories.php(169): CodeIgniter\Config\Factories::createInstance('models', 'App\\Models\\FMS_Dispatch_Model', [...])
 3 SYSTEMPATH\Common.php(804): CodeIgniter\Config\Factories::__callStatic('models', [...])
 4 APPPATH\Controllers\FMS_Dispatch.php(12): model('App\\Models\\FMS_Dispatch_Model')
 5 APPPATH\Commands\RenderCheck.php(26): App\Controllers\FMS_Dispatch->__construct()
 6 SYSTEMPATH\CLI\Commands.php(70): App\Commands\RenderCheck->run([...])
 7 SYSTEMPATH\CLI\Console.php(48): CodeIgniter\CLI\Commands->run('test:render', [...])
 8 SYSTEMPATH\Boot.php(360): CodeIgniter\CLI\Console->run()
 9 SYSTEMPATH\Boot.php(104): CodeIgniter\Boot::runCommand(Object(CodeIgniter\CLI\Console))
10 ROOTPATH\spark(84): CodeIgniter\Boot::bootSpark(Object(Config\Paths))
WARNING - 2026-10-06 09:16:14 --> [DEPRECATED] Creation of dynamic property App\Models\FMS_Dispatch_Model::$request is deprecated in APPPATH\Models\FMS_Dispatch_Model.php on line 12.
 1 SYSTEMPATH\Config\Factories.php(235): App\Models\FMS_Dispatch_Model->__construct(null)
 2 SYSTEMPATH\Config\Factories.php(169): CodeIgniter\Config\Factories::createInstance('models', 'App\\Models\\FMS_Dispatch_Model', [...])
 3 SYSTEMPATH\Common.php(804): CodeIgniter\Config\Factories::__callStatic('models', [...])
 4 APPPATH\Controllers\FMS_Dispatch.php(12): model('App\\Models\\FMS_Dispatch_Model')
 5 APPPATH\Commands\RenderCheck.php(26): App\Controllers\FMS_Dispatch->__construct()
 6 SYSTEMPATH\CLI\Commands.php(70): App\Commands\RenderCheck->run([...])
 7 SYSTEMPATH\CLI\Console.php(48): CodeIgniter\CLI\Commands->run('test:render', [...])
 8 SYSTEMPATH\Boot.php(360): CodeIgniter\CLI\Console->run()
 9 SYSTEMPATH\Boot.php(104): CodeIgniter\Boot::runCommand(Object(CodeIgniter\CLI\Console))
10 ROOTPATH\spark(84): CodeIgniter\Boot::bootSpark(Object(Config\Paths))
WARNING - 2026-10-06 09:16:14 --> [DEPRECATED] Creation of dynamic property App\Models\FMS_Dispatch_Model::$cuser is deprecated in APPPATH\Models\FMS_Dispatch_Model.php on line 14.
 1 SYSTEMPATH\Config\Factories.php(235): App\Models\FMS_Dispatch_Model->__construct(null)
 2 SYSTEMPATH\Config\Factories.php(169): CodeIgniter\Config\Factories::createInstance('models', 'App\\Models\\FMS_Dispatch_Model', [...])
 3 SYSTEMPATH\Common.php(804): CodeIgniter\Config\Factories::__callStatic('models', [...])
 4 APPPATH\Controllers\FMS_Dispatch.php(12): model('App\\Models\\FMS_Dispatch_Model')
 5 APPPATH\Commands\RenderCheck.php(26): App\Controllers\FMS_Dispatch->__construct()
 6 SYSTEMPATH\CLI\Commands.php(70): App\Commands\RenderCheck->run([...])
 7 SYSTEMPATH\CLI\Console.php(48): CodeIgniter\CLI\Commands->run('test:render', [...])
 8 SYSTEMPATH\Boot.php(360): CodeIgniter\CLI\Console->run()
 9 SYSTEMPATH\Boot.php(104): CodeIgniter\Boot::runCommand(Object(CodeIgniter\CLI\Console))
10 ROOTPATH\spark(84): CodeIgniter\Boot::bootSpark(Object(Config\Paths))
WARNING - 2026-10-06 09:16:14 --> [DEPRECATED] Creation of dynamic property App\Controllers\FMS_Dispatch::$dispatchModel is deprecated in APPPATH\Controllers\FMS_Dispatch.php on line 12.
 1 APPPATH\Commands\RenderCheck.php(26): App\Controllers\FMS_Dispatch->__construct()
 2 SYSTEMPATH\CLI\Commands.php(70): App\Commands\RenderCheck->run([...])
 3 SYSTEMPATH\CLI\Console.php(48): CodeIgniter\CLI\Commands->run('test:render', [...])
 4 SYSTEMPATH\Boot.php(360): CodeIgniter\CLI\Console->run()
 5 SYSTEMPATH\Boot.php(104): CodeIgniter\Boot::runCommand(Object(CodeIgniter\CLI\Console))
 6 ROOTPATH\spark(84): CodeIgniter\Boot::bootSpark(Object(Config\Paths))
WARNING - 2026-10-06 09:16:14 --> [DEPRECATED] Creation of dynamic property App\Controllers\FMS_Dispatch::$db is deprecated in APPPATH\Controllers\FMS_Dispatch.php on line 13.
 1 APPPATH\Commands\RenderCheck.php(26): App\Controllers\FMS_Dispatch->__construct()
 2 SYSTEMPATH\CLI\Commands.php(70): App\Commands\RenderCheck->run([...])
 3 SYSTEMPATH\CLI\Console.php(48): CodeIgniter\CLI\Commands->run('test:render', [...])
 4 SYSTEMPATH\Boot.php(360): CodeIgniter\CLI\Console->run()
 5 SYSTEMPATH\Boot.php(104): CodeIgniter\Boot::runCommand(Object(CodeIgniter\CLI\Console))
 6 ROOTPATH\spark(84): CodeIgniter\Boot::bootSpark(Object(Config\Paths))
WARNING - 2026-10-06 09:16:14 --> [DEPRECATED] Creation of dynamic property App\Controllers\FMS_Dispatch::$session is deprecated in APPPATH\Controllers\FMS_Dispatch.php on line 14.
 1 APPPATH\Commands\RenderCheck.php(26): App\Controllers\FMS_Dispatch->__construct()
 2 SYSTEMPATH\CLI\Commands.php(70): App\Commands\RenderCheck->run([...])
 3 SYSTEMPATH\CLI\Console.php(48): CodeIgniter\CLI\Commands->run('test:render', [...])
 4 SYSTEMPATH\Boot.php(360): CodeIgniter\CLI\Console->run()
 5 SYSTEMPATH\Boot.php(104): CodeIgniter\Boot::runCommand(Object(CodeIgniter\CLI\Console))
 6 ROOTPATH\spark(84): CodeIgniter\Boot::bootSpark(Object(Config\Paths))
WARNING - 2026-10-06 09:16:14 --> [DEPRECATED] Creation of dynamic property App\Controllers\FMS_Dispatch::$cuser is deprecated in APPPATH\Controllers\FMS_Dispatch.php on line 15.
 1 APPPATH\Commands\RenderCheck.php(26): App\Controllers\FMS_Dispatch->__construct()
 2 SYSTEMPATH\CLI\Commands.php(70): App\Commands\RenderCheck->run([...])
 3 SYSTEMPATH\CLI\Console.php(48): CodeIgniter\CLI\Commands->run('test:render', [...])
 4 SYSTEMPATH\Boot.php(360): CodeIgniter\CLI\Console->run()
 5 SYSTEMPATH\Boot.php(104): CodeIgniter\Boot::runCommand(Object(CodeIgniter\CLI\Console))
 6 ROOTPATH\spark(84): CodeIgniter\Boot::bootSpark(Object(Config\Paths))
DEBUG - 2026-10-06 09:16:15 --> Session: Initialization under CLI aborted.
WARNING - 2026-10-06 09:16:15 --> [DEPRECATED] Creation of dynamic property App\Models\FMS_Trip_Model::$session is deprecated in APPPATH\Models\FMS_Trip_Model.php on line 11.
 1 SYSTEMPATH\Config\Factories.php(235): App\Models\FMS_Trip_Model->__construct(null)
 2 SYSTEMPATH\Config\Factories.php(169): CodeIgniter\Config\Factories::createInstance('models', 'App\\Models\\FMS_Trip_Model', [...])
 3 SYSTEMPATH\Common.php(804): CodeIgniter\Config\Factories::__callStatic('models', [...])
 4 APPPATH\Controllers\FMS_Trip.php(12): model('App\\Models\\FMS_Trip_Model')
 5 APPPATH\Commands\RenderCheck.php(26): App\Controllers\FMS_Trip->__construct()
 6 SYSTEMPATH\CLI\Commands.php(70): App\Commands\RenderCheck->run([...])
 7 SYSTEMPATH\CLI\Console.php(48): CodeIgniter\CLI\Commands->run('test:render', [...])
 8 SYSTEMPATH\Boot.php(360): CodeIgniter\CLI\Console->run()
 9 SYSTEMPATH\Boot.php(104): CodeIgniter\Boot::runCommand(Object(CodeIgniter\CLI\Console))
10 ROOTPATH\spark(84): CodeIgniter\Boot::bootSpark(Object(Config\Paths))
WARNING - 2026-10-06 09:16:15 --> [DEPRECATED] Creation of dynamic property App\Models\FMS_Trip_Model::$request is deprecated in APPPATH\Models\FMS_Trip_Model.php on line 12.
 1 SYSTEMPATH\Config\Factories.php(235): App\Models\FMS_Trip_Model->__construct(null)
 2 SYSTEMPATH\Config\Factories.php(169): CodeIgniter\Config\Factories::createInstance('models', 'App\\Models\\FMS_Trip_Model', [...])
 3 SYSTEMPATH\Common.php(804): CodeIgniter\Config\Factories::__callStatic('models', [...])
 4 APPPATH\Controllers\FMS_Trip.php(12): model('App\\Models\\FMS_Trip_Model')
 5 APPPATH\Commands\RenderCheck.php(26): App\Controllers\FMS_Trip->__construct()
 6 SYSTEMPATH\CLI\Commands.php(70): App\Commands\RenderCheck->run([...])
 7 SYSTEMPATH\CLI\Console.php(48): CodeIgniter\CLI\Commands->run('test:render', [...])
 8 SYSTEMPATH\Boot.php(360): CodeIgniter\CLI\Console->run()
 9 SYSTEMPATH\Boot.php(104): CodeIgniter\Boot::runCommand(Object(CodeIgniter\CLI\Console))
10 ROOTPATH\spark(84): CodeIgniter\Boot::bootSpark(Object(Config\Paths))
WARNING - 2026-10-06 09:16:15 --> [DEPRECATED] Creation of dynamic property App\Models\FMS_Trip_Model::$cuser is deprecated in APPPATH\Models\FMS_Trip_Model.php on line 14.
 1 SYSTEMPATH\Config\Factories.php(235): App\Models\FMS_Trip_Model->__construct(null)
 2 SYSTEMPATH\Config\Factories.php(169): CodeIgniter\Config\Factories::createInstance('models', 'App\\Models\\FMS_Trip_Model', [...])
 3 SYSTEMPATH\Common.php(804): CodeIgniter\Config\Factories::__callStatic('models', [...])
 4 APPPATH\Controllers\FMS_Trip.php(12): model('App\\Models\\FMS_Trip_Model')
 5 APPPATH\Commands\RenderCheck.php(26): App\Controllers\FMS_Trip->__construct()
 6 SYSTEMPATH\CLI\Commands.php(70): App\Commands\RenderCheck->run([...])
 7 SYSTEMPATH\CLI\Console.php(48): CodeIgniter\CLI\Commands->run('test:render', [...])
 8 SYSTEMPATH\Boot.php(360): CodeIgniter\CLI\Console->run()
 9 SYSTEMPATH\Boot.php(104): CodeIgniter\Boot::runCommand(Object(CodeIgniter\CLI\Console))
10 ROOTPATH\spark(84): CodeIgniter\Boot::bootSpark(Object(Config\Paths))
WARNING - 2026-10-06 09:16:15 --> [DEPRECATED] Creation of dynamic property App\Controllers\FMS_Trip::$tripModel is deprecated in APPPATH\Controllers\FMS_Trip.php on line 12.
 1 APPPATH\Commands\RenderCheck.php(26): App\Controllers\FMS_Trip->__construct()
 2 SYSTEMPATH\CLI\Commands.php(70): App\Commands\RenderCheck->run([...])
 3 SYSTEMPATH\CLI\Console.php(48): CodeIgniter\CLI\Commands->run('test:render', [...])
 4 SYSTEMPATH\Boot.php(360): CodeIgniter\CLI\Console->run()
 5 SYSTEMPATH\Boot.php(104): CodeIgniter\Boot::runCommand(Object(CodeIgniter\CLI\Console))
 6 ROOTPATH\spark(84): CodeIgniter\Boot::bootSpark(Object(Config\Paths))
WARNING - 2026-10-06 09:16:15 --> [DEPRECATED] Creation of dynamic property App\Controllers\FMS_Trip::$db is deprecated in APPPATH\Controllers\FMS_Trip.php on line 13.
 1 APPPATH\Commands\RenderCheck.php(26): App\Controllers\FMS_Trip->__construct()
 2 SYSTEMPATH\CLI\Commands.php(70): App\Commands\RenderCheck->run([...])
 3 SYSTEMPATH\CLI\Console.php(48): CodeIgniter\CLI\Commands->run('test:render', [...])
 4 SYSTEMPATH\Boot.php(360): CodeIgniter\CLI\Console->run()
 5 SYSTEMPATH\Boot.php(104): CodeIgniter\Boot::runCommand(Object(CodeIgniter\CLI\Console))
 6 ROOTPATH\spark(84): CodeIgniter\Boot::bootSpark(Object(Config\Paths))
WARNING - 2026-10-06 09:16:15 --> [DEPRECATED] Creation of dynamic property App\Controllers\FMS_Trip::$session is deprecated in APPPATH\Controllers\FMS_Trip.php on line 14.
 1 APPPATH\Commands\RenderCheck.php(26): App\Controllers\FMS_Trip->__construct()
 2 SYSTEMPATH\CLI\Commands.php(70): App\Commands\RenderCheck->run([...])
 3 SYSTEMPATH\CLI\Console.php(48): CodeIgniter\CLI\Commands->run('test:render', [...])
 4 SYSTEMPATH\Boot.php(360): CodeIgniter\CLI\Console->run()
 5 SYSTEMPATH\Boot.php(104): CodeIgniter\Boot::runCommand(Object(CodeIgniter\CLI\Console))
 6 ROOTPATH\spark(84): CodeIgniter\Boot::bootSpark(Object(Config\Paths))
WARNING - 2026-10-06 09:16:15 --> [DEPRECATED] Creation of dynamic property App\Controllers\FMS_Trip::$cuser is deprecated in APPPATH\Controllers\FMS_Trip.php on line 15.
 1 APPPATH\Commands\RenderCheck.php(26): App\Controllers\FMS_Trip->__construct()
 2 SYSTEMPATH\CLI\Commands.php(70): App\Commands\RenderCheck->run([...])
 3 SYSTEMPATH\CLI\Console.php(48): CodeIgniter\CLI\Commands->run('test:render', [...])
 4 SYSTEMPATH\Boot.php(360): CodeIgniter\CLI\Console->run()
 5 SYSTEMPATH\Boot.php(104): CodeIgniter\Boot::runCommand(Object(CodeIgniter\CLI\Console))
 6 ROOTPATH\spark(84): CodeIgniter\Boot::bootSpark(Object(Config\Paths))
WARNING - 2026-10-06 09:16:15 --> [DEPRECATED] Creation of dynamic property CodeIgniter\View\View::$request is deprecated in APPPATH\Views\fms\trip\trip-main.php on line 2.
 1 SYSTEMPATH\View\View.php(224): include('C:\\xampp\\htdocs\\larga-fms\\app\\Views\\fms\\trip\\trip-main.php')
 2 SYSTEMPATH\View\View.php(227): CodeIgniter\View\View->CodeIgniter\View\{closure}()
 3 SYSTEMPATH\Common.php(1173): CodeIgniter\View\View->render('fms/trip/trip-main', [], true)
 4 APPPATH\Controllers\FMS_Trip.php(30): view('fms/trip/trip-main')
 5 APPPATH\Commands\RenderCheck.php(29): App\Controllers\FMS_Trip->index()
 6 SYSTEMPATH\CLI\Commands.php(70): App\Commands\RenderCheck->run([...])
 7 SYSTEMPATH\CLI\Console.php(48): CodeIgniter\CLI\Commands->run('test:render', [...])
 8 SYSTEMPATH\Boot.php(360): CodeIgniter\CLI\Console->run()
 9 SYSTEMPATH\Boot.php(104): CodeIgniter\Boot::runCommand(Object(CodeIgniter\CLI\Console))
10 ROOTPATH\spark(84): CodeIgniter\Boot::bootSpark(Object(Config\Paths))
WARNING - 2026-10-06 09:16:15 --> [DEPRECATED] Creation of dynamic property CodeIgniter\View\View::$db is deprecated in APPPATH\Views\fms\trip\trip-main.php on line 3.
 1 SYSTEMPATH\View\View.php(224): include('C:\\xampp\\htdocs\\larga-fms\\app\\Views\\fms\\trip\\trip-main.php')
 2 SYSTEMPATH\View\View.php(227): CodeIgniter\View\View->CodeIgniter\View\{closure}()
 3 SYSTEMPATH\Common.php(1173): CodeIgniter\View\View->render('fms/trip/trip-main', [], true)
 4 APPPATH\Controllers\FMS_Trip.php(30): view('fms/trip/trip-main')
 5 APPPATH\Commands\RenderCheck.php(29): App\Controllers\FMS_Trip->index()
 6 SYSTEMPATH\CLI\Commands.php(70): App\Commands\RenderCheck->run([...])
 7 SYSTEMPATH\CLI\Console.php(48): CodeIgniter\CLI\Commands->run('test:render', [...])
 8 SYSTEMPATH\Boot.php(360): CodeIgniter\CLI\Console->run()
 9 SYSTEMPATH\Boot.php(104): CodeIgniter\Boot::runCommand(Object(CodeIgniter\CLI\Console))
10 ROOTPATH\spark(84): CodeIgniter\Boot::bootSpark(Object(Config\Paths))
WARNING - 2026-10-06 09:16:15 --> [DEPRECATED] Creation of dynamic property CodeIgniter\View\View::$session is deprecated in APPPATH\Views\templates\myheader.php on line 4.
 1 SYSTEMPATH\View\View.php(224): include('C:\\xampp\\htdocs\\larga-fms\\app\\Views\\templates\\myheader.php')
 2 SYSTEMPATH\View\View.php(227): CodeIgniter\View\View->CodeIgniter\View\{closure}()
 3 SYSTEMPATH\Common.php(1173): CodeIgniter\View\View->render('templates/myheader.php', [], true)
 4 APPPATH\Views\fms\trip\trip-main.php(26): view('templates/myheader.php')
 5 SYSTEMPATH\View\View.php(224): include('C:\\xampp\\htdocs\\larga-fms\\app\\Views\\fms\\trip\\trip-main.php')
 6 SYSTEMPATH\View\View.php(227): CodeIgniter\View\View->CodeIgniter\View\{closure}()
 7 SYSTEMPATH\Common.php(1173): CodeIgniter\View\View->render('fms/trip/trip-main', [], true)
 8 APPPATH\Controllers\FMS_Trip.php(30): view('fms/trip/trip-main')
 9 APPPATH\Commands\RenderCheck.php(29): App\Controllers\FMS_Trip->index()
10 SYSTEMPATH\CLI\Commands.php(70): App\Commands\RenderCheck->run([...])
11 SYSTEMPATH\CLI\Console.php(48): CodeIgniter\CLI\Commands->run('test:render', [...])
12 SYSTEMPATH\Boot.php(360): CodeIgniter\CLI\Console->run()
13 SYSTEMPATH\Boot.php(104): CodeIgniter\Boot::runCommand(Object(CodeIgniter\CLI\Console))
14 ROOTPATH\spark(84): CodeIgniter\Boot::bootSpark(Object(Config\Paths))
WARNING - 2026-10-06 09:16:15 --> [DEPRECATED] Creation of dynamic property CodeIgniter\View\View::$cuser is deprecated in APPPATH\Views\templates\myheader.php on line 5.
 1 SYSTEMPATH\View\View.php(224): include('C:\\xampp\\htdocs\\larga-fms\\app\\Views\\templates\\myheader.php')
 2 SYSTEMPATH\View\View.php(227): CodeIgniter\View\View->CodeIgniter\View\{closure}()
 3 SYSTEMPATH\Common.php(1173): CodeIgniter\View\View->render('templates/myheader.php', [], true)
 4 APPPATH\Views\fms\trip\trip-main.php(26): view('templates/myheader.php')
 5 SYSTEMPATH\View\View.php(224): include('C:\\xampp\\htdocs\\larga-fms\\app\\Views\\fms\\trip\\trip-main.php')
 6 SYSTEMPATH\View\View.php(227): CodeIgniter\View\View->CodeIgniter\View\{closure}()
 7 SYSTEMPATH\Common.php(1173): CodeIgniter\View\View->render('fms/trip/trip-main', [], true)
 8 APPPATH\Controllers\FMS_Trip.php(30): view('fms/trip/trip-main')
 9 APPPATH\Commands\RenderCheck.php(29): App\Controllers\FMS_Trip->index()
10 SYSTEMPATH\CLI\Commands.php(70): App\Commands\RenderCheck->run([...])
11 SYSTEMPATH\CLI\Console.php(48): CodeIgniter\CLI\Commands->run('test:render', [...])
12 SYSTEMPATH\Boot.php(360): CodeIgniter\CLI\Console->run()
13 SYSTEMPATH\Boot.php(104): CodeIgniter\Boot::runCommand(Object(CodeIgniter\CLI\Console))
14 ROOTPATH\spark(84): CodeIgniter\Boot::bootSpark(Object(Config\Paths))
DEBUG - 2026-10-06 09:16:15 --> Session: Initialization under CLI aborted.
WARNING - 2026-10-06 09:16:15 --> [DEPRECATED] Creation of dynamic property App\Models\FMS_Dispatch_Model::$session is deprecated in APPPATH\Models\FMS_Dispatch_Model.php on line 11.
 1 SYSTEMPATH\Config\Factories.php(235): App\Models\FMS_Dispatch_Model->__construct(null)
 2 SYSTEMPATH\Config\Factories.php(169): CodeIgniter\Config\Factories::createInstance('models', 'App\\Models\\FMS_Dispatch_Model', [...])
 3 SYSTEMPATH\Common.php(804): CodeIgniter\Config\Factories::__callStatic('models', [...])
 4 APPPATH\Controllers\FMS_Dispatch.php(12): model('App\\Models\\FMS_Dispatch_Model')
 5 APPPATH\Commands\RenderCheck.php(26): App\Controllers\FMS_Dispatch->__construct()
 6 SYSTEMPATH\CLI\Commands.php(70): App\Commands\RenderCheck->run([...])
 7 SYSTEMPATH\CLI\Console.php(48): CodeIgniter\CLI\Commands->run('test:render', [...])
 8 SYSTEMPATH\Boot.php(360): CodeIgniter\CLI\Console->run()
 9 SYSTEMPATH\Boot.php(104): CodeIgniter\Boot::runCommand(Object(CodeIgniter\CLI\Console))
10 ROOTPATH\spark(84): CodeIgniter\Boot::bootSpark(Object(Config\Paths))
WARNING - 2026-10-06 09:16:15 --> [DEPRECATED] Creation of dynamic property App\Models\FMS_Dispatch_Model::$request is deprecated in APPPATH\Models\FMS_Dispatch_Model.php on line 12.
 1 SYSTEMPATH\Config\Factories.php(235): App\Models\FMS_Dispatch_Model->__construct(null)
 2 SYSTEMPATH\Config\Factories.php(169): CodeIgniter\Config\Factories::createInstance('models', 'App\\Models\\FMS_Dispatch_Model', [...])
 3 SYSTEMPATH\Common.php(804): CodeIgniter\Config\Factories::__callStatic('models', [...])
 4 APPPATH\Controllers\FMS_Dispatch.php(12): model('App\\Models\\FMS_Dispatch_Model')
 5 APPPATH\Commands\RenderCheck.php(26): App\Controllers\FMS_Dispatch->__construct()
 6 SYSTEMPATH\CLI\Commands.php(70): App\Commands\RenderCheck->run([...])
 7 SYSTEMPATH\CLI\Console.php(48): CodeIgniter\CLI\Commands->run('test:render', [...])
 8 SYSTEMPATH\Boot.php(360): CodeIgniter\CLI\Console->run()
 9 SYSTEMPATH\Boot.php(104): CodeIgniter\Boot::runCommand(Object(CodeIgniter\CLI\Console))
10 ROOTPATH\spark(84): CodeIgniter\Boot::bootSpark(Object(Config\Paths))
WARNING - 2026-10-06 09:16:15 --> [DEPRECATED] Creation of dynamic property App\Models\FMS_Dispatch_Model::$cuser is deprecated in APPPATH\Models\FMS_Dispatch_Model.php on line 14.
 1 SYSTEMPATH\Config\Factories.php(235): App\Models\FMS_Dispatch_Model->__construct(null)
 2 SYSTEMPATH\Config\Factories.php(169): CodeIgniter\Config\Factories::createInstance('models', 'App\\Models\\FMS_Dispatch_Model', [...])
 3 SYSTEMPATH\Common.php(804): CodeIgniter\Config\Factories::__callStatic('models', [...])
 4 APPPATH\Controllers\FMS_Dispatch.php(12): model('App\\Models\\FMS_Dispatch_Model')
 5 APPPATH\Commands\RenderCheck.php(26): App\Controllers\FMS_Dispatch->__construct()
 6 SYSTEMPATH\CLI\Commands.php(70): App\Commands\RenderCheck->run([...])
 7 SYSTEMPATH\CLI\Console.php(48): CodeIgniter\CLI\Commands->run('test:render', [...])
 8 SYSTEMPATH\Boot.php(360): CodeIgniter\CLI\Console->run()
 9 SYSTEMPATH\Boot.php(104): CodeIgniter\Boot::runCommand(Object(CodeIgniter\CLI\Console))
10 ROOTPATH\spark(84): CodeIgniter\Boot::bootSpark(Object(Config\Paths))
WARNING - 2026-10-06 09:16:15 --> [DEPRECATED] Creation of dynamic property App\Controllers\FMS_Dispatch::$dispatchModel is deprecated in APPPATH\Controllers\FMS_Dispatch.php on line 12.
 1 APPPATH\Commands\RenderCheck.php(26): App\Controllers\FMS_Dispatch->__construct()
 2 SYSTEMPATH\CLI\Commands.php(70): App\Commands\RenderCheck->run([...])
 3 SYSTEMPATH\CLI\Console.php(48): CodeIgniter\CLI\Commands->run('test:render', [...])
 4 SYSTEMPATH\Boot.php(360): CodeIgniter\CLI\Console->run()
 5 SYSTEMPATH\Boot.php(104): CodeIgniter\Boot::runCommand(Object(CodeIgniter\CLI\Console))
 6 ROOTPATH\spark(84): CodeIgniter\Boot::bootSpark(Object(Config\Paths))
WARNING - 2026-10-06 09:16:15 --> [DEPRECATED] Creation of dynamic property App\Controllers\FMS_Dispatch::$db is deprecated in APPPATH\Controllers\FMS_Dispatch.php on line 13.
 1 APPPATH\Commands\RenderCheck.php(26): App\Controllers\FMS_Dispatch->__construct()
 2 SYSTEMPATH\CLI\Commands.php(70): App\Commands\RenderCheck->run([...])
 3 SYSTEMPATH\CLI\Console.php(48): CodeIgniter\CLI\Commands->run('test:render', [...])
 4 SYSTEMPATH\Boot.php(360): CodeIgniter\CLI\Console->run()
 5 SYSTEMPATH\Boot.php(104): CodeIgniter\Boot::runCommand(Object(CodeIgniter\CLI\Console))
 6 ROOTPATH\spark(84): CodeIgniter\Boot::bootSpark(Object(Config\Paths))
WARNING - 2026-10-06 09:16:15 --> [DEPRECATED] Creation of dynamic property App\Controllers\FMS_Dispatch::$session is deprecated in APPPATH\Controllers\FMS_Dispatch.php on line 14.
 1 APPPATH\Commands\RenderCheck.php(26): App\Controllers\FMS_Dispatch->__construct()
 2 SYSTEMPATH\CLI\Commands.php(70): App\Commands\RenderCheck->run([...])
 3 SYSTEMPATH\CLI\Console.php(48): CodeIgniter\CLI\Commands->run('test:render', [...])
 4 SYSTEMPATH\Boot.php(360): CodeIgniter\CLI\Console->run()
 5 SYSTEMPATH\Boot.php(104): CodeIgniter\Boot::runCommand(Object(CodeIgniter\CLI\Console))
 6 ROOTPATH\spark(84): CodeIgniter\Boot::bootSpark(Object(Config\Paths))
WARNING - 2026-10-06 09:16:15 --> [DEPRECATED] Creation of dynamic property App\Controllers\FMS_Dispatch::$cuser is deprecated in APPPATH\Controllers\FMS_Dispatch.php on line 15.
 1 APPPATH\Commands\RenderCheck.php(26): App\Controllers\FMS_Dispatch->__construct()
 2 SYSTEMPATH\CLI\Commands.php(70): App\Commands\RenderCheck->run([...])
 3 SYSTEMPATH\CLI\Console.php(48): CodeIgniter\CLI\Commands->run('test:render', [...])
 4 SYSTEMPATH\Boot.php(360): CodeIgniter\CLI\Console->run()
 5 SYSTEMPATH\Boot.php(104): CodeIgniter\Boot::runCommand(Object(CodeIgniter\CLI\Console))
 6 ROOTPATH\spark(84): CodeIgniter\Boot::bootSpark(Object(Config\Paths))
WARNING - 2026-10-06 09:16:15 --> [DEPRECATED] Creation of dynamic property CodeIgniter\View\View::$request is deprecated in APPPATH\Views\fms\dispatch\dispatch-main.php on line 2.
 1 SYSTEMPATH\View\View.php(224): include('C:\\xampp\\htdocs\\larga-fms\\app\\Views\\fms\\dispatch\\dispatch-main.php')
 2 SYSTEMPATH\View\View.php(227): CodeIgniter\View\View->CodeIgniter\View\{closure}()
 3 SYSTEMPATH\Common.php(1173): CodeIgniter\View\View->render('fms/dispatch/dispatch-main', [], true)
 4 APPPATH\Controllers\FMS_Dispatch.php(30): view('fms/dispatch/dispatch-main')
 5 APPPATH\Commands\RenderCheck.php(29): App\Controllers\FMS_Dispatch->index()
 6 SYSTEMPATH\CLI\Commands.php(70): App\Commands\RenderCheck->run([...])
 7 SYSTEMPATH\CLI\Console.php(48): CodeIgniter\CLI\Commands->run('test:render', [...])
 8 SYSTEMPATH\Boot.php(360): CodeIgniter\CLI\Console->run()
 9 SYSTEMPATH\Boot.php(104): CodeIgniter\Boot::runCommand(Object(CodeIgniter\CLI\Console))
10 ROOTPATH\spark(84): CodeIgniter\Boot::bootSpark(Object(Config\Paths))
WARNING - 2026-10-06 09:16:15 --> [DEPRECATED] Creation of dynamic property CodeIgniter\View\View::$db is deprecated in APPPATH\Views\fms\dispatch\dispatch-main.php on line 3.
 1 SYSTEMPATH\View\View.php(224): include('C:\\xampp\\htdocs\\larga-fms\\app\\Views\\fms\\dispatch\\dispatch-main.php')
 2 SYSTEMPATH\View\View.php(227): CodeIgniter\View\View->CodeIgniter\View\{closure}()
 3 SYSTEMPATH\Common.php(1173): CodeIgniter\View\View->render('fms/dispatch/dispatch-main', [], true)
 4 APPPATH\Controllers\FMS_Dispatch.php(30): view('fms/dispatch/dispatch-main')
 5 APPPATH\Commands\RenderCheck.php(29): App\Controllers\FMS_Dispatch->index()
 6 SYSTEMPATH\CLI\Commands.php(70): App\Commands\RenderCheck->run([...])
 7 SYSTEMPATH\CLI\Console.php(48): CodeIgniter\CLI\Commands->run('test:render', [...])
 8 SYSTEMPATH\Boot.php(360): CodeIgniter\CLI\Console->run()
 9 SYSTEMPATH\Boot.php(104): CodeIgniter\Boot::runCommand(Object(CodeIgniter\CLI\Console))
10 ROOTPATH\spark(84): CodeIgniter\Boot::bootSpark(Object(Config\Paths))
WARNING - 2026-10-06 09:16:15 --> [DEPRECATED] Creation of dynamic property CodeIgniter\View\View::$session is deprecated in APPPATH\Views\templates\myheader.php on line 4.
 1 SYSTEMPATH\View\View.php(224): include('C:\\xampp\\htdocs\\larga-fms\\app\\Views\\templates\\myheader.php')
 2 SYSTEMPATH\View\View.php(227): CodeIgniter\View\View->CodeIgniter\View\{closure}()
 3 SYSTEMPATH\Common.php(1173): CodeIgniter\View\View->render('templates/myheader.php', [], true)
 4 APPPATH\Views\fms\dispatch\dispatch-main.php(54): view('templates/myheader.php')
 5 SYSTEMPATH\View\View.php(224): include('C:\\xampp\\htdocs\\larga-fms\\app\\Views\\fms\\dispatch\\dispatch-main.php')
 6 SYSTEMPATH\View\View.php(227): CodeIgniter\View\View->CodeIgniter\View\{closure}()
 7 SYSTEMPATH\Common.php(1173): CodeIgniter\View\View->render('fms/dispatch/dispatch-main', [], true)
 8 APPPATH\Controllers\FMS_Dispatch.php(30): view('fms/dispatch/dispatch-main')
 9 APPPATH\Commands\RenderCheck.php(29): App\Controllers\FMS_Dispatch->index()
10 SYSTEMPATH\CLI\Commands.php(70): App\Commands\RenderCheck->run([...])
11 SYSTEMPATH\CLI\Console.php(48): CodeIgniter\CLI\Commands->run('test:render', [...])
12 SYSTEMPATH\Boot.php(360): CodeIgniter\CLI\Console->run()
13 SYSTEMPATH\Boot.php(104): CodeIgniter\Boot::runCommand(Object(CodeIgniter\CLI\Console))
14 ROOTPATH\spark(84): CodeIgniter\Boot::bootSpark(Object(Config\Paths))
WARNING - 2026-10-06 09:16:15 --> [DEPRECATED] Creation of dynamic property CodeIgniter\View\View::$cuser is deprecated in APPPATH\Views\templates\myheader.php on line 5.
 1 SYSTEMPATH\View\View.php(224): include('C:\\xampp\\htdocs\\larga-fms\\app\\Views\\templates\\myheader.php')
 2 SYSTEMPATH\View\View.php(227): CodeIgniter\View\View->CodeIgniter\View\{closure}()
 3 SYSTEMPATH\Common.php(1173): CodeIgniter\View\View->render('templates/myheader.php', [], true)
 4 APPPATH\Views\fms\dispatch\dispatch-main.php(54): view('templates/myheader.php')
 5 SYSTEMPATH\View\View.php(224): include('C:\\xampp\\htdocs\\larga-fms\\app\\Views\\fms\\dispatch\\dispatch-main.php')
 6 SYSTEMPATH\View\View.php(227): CodeIgniter\View\View->CodeIgniter\View\{closure}()
 7 SYSTEMPATH\Common.php(1173): CodeIgniter\View\View->render('fms/dispatch/dispatch-main', [], true)
 8 APPPATH\Controllers\FMS_Dispatch.php(30): view('fms/dispatch/dispatch-main')
 9 APPPATH\Commands\RenderCheck.php(29): App\Controllers\FMS_Dispatch->index()
10 SYSTEMPATH\CLI\Commands.php(70): App\Commands\RenderCheck->run([...])
11 SYSTEMPATH\CLI\Console.php(48): CodeIgniter\CLI\Commands->run('test:render', [...])
12 SYSTEMPATH\Boot.php(360): CodeIgniter\CLI\Console->run()
13 SYSTEMPATH\Boot.php(104): CodeIgniter\Boot::runCommand(Object(CodeIgniter\CLI\Console))
14 ROOTPATH\spark(84): CodeIgniter\Boot::bootSpark(Object(Config\Paths))
DEBUG - 2026-10-06 09:16:15 --> Session: Initialization under CLI aborted.
WARNING - 2026-10-06 09:16:15 --> [DEPRECATED] Creation of dynamic property App\Models\FMS_Vendor_Model::$session is deprecated in APPPATH\Models\FMS_Vendor_Model.php on line 11.
 1 SYSTEMPATH\Config\Factories.php(235): App\Models\FMS_Vendor_Model->__construct(null)
 2 SYSTEMPATH\Config\Factories.php(169): CodeIgniter\Config\Factories::createInstance('models', 'App\\Models\\FMS_Vendor_Model', [...])
 3 SYSTEMPATH\Common.php(804): CodeIgniter\Config\Factories::__callStatic('models', [...])
 4 APPPATH\Controllers\FMS_Vendor.php(12): model('App\\Models\\FMS_Vendor_Model')
 5 APPPATH\Commands\RenderCheck.php(26): App\Controllers\FMS_Vendor->__construct()
 6 SYSTEMPATH\CLI\Commands.php(70): App\Commands\RenderCheck->run([...])
 7 SYSTEMPATH\CLI\Console.php(48): CodeIgniter\CLI\Commands->run('test:render', [...])
 8 SYSTEMPATH\Boot.php(360): CodeIgniter\CLI\Console->run()
 9 SYSTEMPATH\Boot.php(104): CodeIgniter\Boot::runCommand(Object(CodeIgniter\CLI\Console))
10 ROOTPATH\spark(84): CodeIgniter\Boot::bootSpark(Object(Config\Paths))
WARNING - 2026-10-06 09:16:15 --> [DEPRECATED] Creation of dynamic property App\Models\FMS_Vendor_Model::$request is deprecated in APPPATH\Models\FMS_Vendor_Model.php on line 12.
 1 SYSTEMPATH\Config\Factories.php(235): App\Models\FMS_Vendor_Model->__construct(null)
 2 SYSTEMPATH\Config\Factories.php(169): CodeIgniter\Config\Factories::createInstance('models', 'App\\Models\\FMS_Vendor_Model', [...])
 3 SYSTEMPATH\Common.php(804): CodeIgniter\Config\Factories::__callStatic('models', [...])
 4 APPPATH\Controllers\FMS_Vendor.php(12): model('App\\Models\\FMS_Vendor_Model')
 5 APPPATH\Commands\RenderCheck.php(26): App\Controllers\FMS_Vendor->__construct()
 6 SYSTEMPATH\CLI\Commands.php(70): App\Commands\RenderCheck->run([...])
 7 SYSTEMPATH\CLI\Console.php(48): CodeIgniter\CLI\Commands->run('test:render', [...])
 8 SYSTEMPATH\Boot.php(360): CodeIgniter\CLI\Console->run()
 9 SYSTEMPATH\Boot.php(104): CodeIgniter\Boot::runCommand(Object(CodeIgniter\CLI\Console))
10 ROOTPATH\spark(84): CodeIgniter\Boot::bootSpark(Object(Config\Paths))
WARNING - 2026-10-06 09:16:15 --> [DEPRECATED] Creation of dynamic property App\Models\FMS_Vendor_Model::$cuser is deprecated in APPPATH\Models\FMS_Vendor_Model.php on line 14.
 1 SYSTEMPATH\Config\Factories.php(235): App\Models\FMS_Vendor_Model->__construct(null)
 2 SYSTEMPATH\Config\Factories.php(169): CodeIgniter\Config\Factories::createInstance('models', 'App\\Models\\FMS_Vendor_Model', [...])
 3 SYSTEMPATH\Common.php(804): CodeIgniter\Config\Factories::__callStatic('models', [...])
 4 APPPATH\Controllers\FMS_Vendor.php(12): model('App\\Models\\FMS_Vendor_Model')
 5 APPPATH\Commands\RenderCheck.php(26): App\Controllers\FMS_Vendor->__construct()
 6 SYSTEMPATH\CLI\Commands.php(70): App\Commands\RenderCheck->run([...])
 7 SYSTEMPATH\CLI\Console.php(48): CodeIgniter\CLI\Commands->run('test:render', [...])
 8 SYSTEMPATH\Boot.php(360): CodeIgniter\CLI\Console->run()
 9 SYSTEMPATH\Boot.php(104): CodeIgniter\Boot::runCommand(Object(CodeIgniter\CLI\Console))
10 ROOTPATH\spark(84): CodeIgniter\Boot::bootSpark(Object(Config\Paths))
WARNING - 2026-10-06 09:16:15 --> [DEPRECATED] Creation of dynamic property App\Controllers\FMS_Vendor::$vendorModel is deprecated in APPPATH\Controllers\FMS_Vendor.php on line 12.
 1 APPPATH\Commands\RenderCheck.php(26): App\Controllers\FMS_Vendor->__construct()
 2 SYSTEMPATH\CLI\Commands.php(70): App\Commands\RenderCheck->run([...])
 3 SYSTEMPATH\CLI\Console.php(48): CodeIgniter\CLI\Commands->run('test:render', [...])
 4 SYSTEMPATH\Boot.php(360): CodeIgniter\CLI\Console->run()
 5 SYSTEMPATH\Boot.php(104): CodeIgniter\Boot::runCommand(Object(CodeIgniter\CLI\Console))
 6 ROOTPATH\spark(84): CodeIgniter\Boot::bootSpark(Object(Config\Paths))
WARNING - 2026-10-06 09:16:15 --> [DEPRECATED] Creation of dynamic property App\Controllers\FMS_Vendor::$db is deprecated in APPPATH\Controllers\FMS_Vendor.php on line 13.
 1 APPPATH\Commands\RenderCheck.php(26): App\Controllers\FMS_Vendor->__construct()
 2 SYSTEMPATH\CLI\Commands.php(70): App\Commands\RenderCheck->run([...])
 3 SYSTEMPATH\CLI\Console.php(48): CodeIgniter\CLI\Commands->run('test:render', [...])
 4 SYSTEMPATH\Boot.php(360): CodeIgniter\CLI\Console->run()
 5 SYSTEMPATH\Boot.php(104): CodeIgniter\Boot::runCommand(Object(CodeIgniter\CLI\Console))
 6 ROOTPATH\spark(84): CodeIgniter\Boot::bootSpark(Object(Config\Paths))
WARNING - 2026-10-06 09:16:15 --> [DEPRECATED] Creation of dynamic property App\Controllers\FMS_Vendor::$session is deprecated in APPPATH\Controllers\FMS_Vendor.php on line 14.
 1 APPPATH\Commands\RenderCheck.php(26): App\Controllers\FMS_Vendor->__construct()
 2 SYSTEMPATH\CLI\Commands.php(70): App\Commands\RenderCheck->run([...])
 3 SYSTEMPATH\CLI\Console.php(48): CodeIgniter\CLI\Commands->run('test:render', [...])
 4 SYSTEMPATH\Boot.php(360): CodeIgniter\CLI\Console->run()
 5 SYSTEMPATH\Boot.php(104): CodeIgniter\Boot::runCommand(Object(CodeIgniter\CLI\Console))
 6 ROOTPATH\spark(84): CodeIgniter\Boot::bootSpark(Object(Config\Paths))
WARNING - 2026-10-06 09:16:15 --> [DEPRECATED] Creation of dynamic property App\Controllers\FMS_Vendor::$cuser is deprecated in APPPATH\Controllers\FMS_Vendor.php on line 15.
 1 APPPATH\Commands\RenderCheck.php(26): App\Controllers\FMS_Vendor->__construct()
 2 SYSTEMPATH\CLI\Commands.php(70): App\Commands\RenderCheck->run([...])
 3 SYSTEMPATH\CLI\Console.php(48): CodeIgniter\CLI\Commands->run('test:render', [...])
 4 SYSTEMPATH\Boot.php(360): CodeIgniter\CLI\Console->run()
 5 SYSTEMPATH\Boot.php(104): CodeIgniter\Boot::runCommand(Object(CodeIgniter\CLI\Console))
 6 ROOTPATH\spark(84): CodeIgniter\Boot::bootSpark(Object(Config\Paths))
WARNING - 2026-10-06 09:16:15 --> [DEPRECATED] Creation of dynamic property CodeIgniter\View\View::$request is deprecated in APPPATH\Views\fms\vendor\vendor-main.php on line 2.
 1 SYSTEMPATH\View\View.php(224): include('C:\\xampp\\htdocs\\larga-fms\\app\\Views\\fms\\vendor\\vendor-main.php')
 2 SYSTEMPATH\View\View.php(227): CodeIgniter\View\View->CodeIgniter\View\{closure}()
 3 SYSTEMPATH\Common.php(1173): CodeIgniter\View\View->render('fms/vendor/vendor-main', [], true)
 4 APPPATH\Controllers\FMS_Vendor.php(24): view('fms/vendor/vendor-main')
 5 APPPATH\Commands\RenderCheck.php(29): App\Controllers\FMS_Vendor->index()
 6 SYSTEMPATH\CLI\Commands.php(70): App\Commands\RenderCheck->run([...])
 7 SYSTEMPATH\CLI\Console.php(48): CodeIgniter\CLI\Commands->run('test:render', [...])
 8 SYSTEMPATH\Boot.php(360): CodeIgniter\CLI\Console->run()
 9 SYSTEMPATH\Boot.php(104): CodeIgniter\Boot::runCommand(Object(CodeIgniter\CLI\Console))
10 ROOTPATH\spark(84): CodeIgniter\Boot::bootSpark(Object(Config\Paths))
WARNING - 2026-10-06 09:16:15 --> [DEPRECATED] Creation of dynamic property CodeIgniter\View\View::$db is deprecated in APPPATH\Views\fms\vendor\vendor-main.php on line 3.
 1 SYSTEMPATH\View\View.php(224): include('C:\\xampp\\htdocs\\larga-fms\\app\\Views\\fms\\vendor\\vendor-main.php')
 2 SYSTEMPATH\View\View.php(227): CodeIgniter\View\View->CodeIgniter\View\{closure}()
 3 SYSTEMPATH\Common.php(1173): CodeIgniter\View\View->render('fms/vendor/vendor-main', [], true)
 4 APPPATH\Controllers\FMS_Vendor.php(24): view('fms/vendor/vendor-main')
 5 APPPATH\Commands\RenderCheck.php(29): App\Controllers\FMS_Vendor->index()
 6 SYSTEMPATH\CLI\Commands.php(70): App\Commands\RenderCheck->run([...])
 7 SYSTEMPATH\CLI\Console.php(48): CodeIgniter\CLI\Commands->run('test:render', [...])
 8 SYSTEMPATH\Boot.php(360): CodeIgniter\CLI\Console->run()
 9 SYSTEMPATH\Boot.php(104): CodeIgniter\Boot::runCommand(Object(CodeIgniter\CLI\Console))
10 ROOTPATH\spark(84): CodeIgniter\Boot::bootSpark(Object(Config\Paths))
WARNING - 2026-10-06 09:16:16 --> [DEPRECATED] Creation of dynamic property CodeIgniter\View\View::$session is deprecated in APPPATH\Views\templates\myheader.php on line 4.
 1 SYSTEMPATH\View\View.php(224): include('C:\\xampp\\htdocs\\larga-fms\\app\\Views\\templates\\myheader.php')
 2 SYSTEMPATH\View\View.php(227): CodeIgniter\View\View->CodeIgniter\View\{closure}()
 3 SYSTEMPATH\Common.php(1173): CodeIgniter\View\View->render('templates/myheader.php', [], true)
 4 APPPATH\Views\fms\vendor\vendor-main.php(18): view('templates/myheader.php')
 5 SYSTEMPATH\View\View.php(224): include('C:\\xampp\\htdocs\\larga-fms\\app\\Views\\fms\\vendor\\vendor-main.php')
 6 SYSTEMPATH\View\View.php(227): CodeIgniter\View\View->CodeIgniter\View\{closure}()
 7 SYSTEMPATH\Common.php(1173): CodeIgniter\View\View->render('fms/vendor/vendor-main', [], true)
 8 APPPATH\Controllers\FMS_Vendor.php(24): view('fms/vendor/vendor-main')
 9 APPPATH\Commands\RenderCheck.php(29): App\Controllers\FMS_Vendor->index()
10 SYSTEMPATH\CLI\Commands.php(70): App\Commands\RenderCheck->run([...])
11 SYSTEMPATH\CLI\Console.php(48): CodeIgniter\CLI\Commands->run('test:render', [...])
12 SYSTEMPATH\Boot.php(360): CodeIgniter\CLI\Console->run()
13 SYSTEMPATH\Boot.php(104): CodeIgniter\Boot::runCommand(Object(CodeIgniter\CLI\Console))
14 ROOTPATH\spark(84): CodeIgniter\Boot::bootSpark(Object(Config\Paths))
WARNING - 2026-10-06 09:16:16 --> [DEPRECATED] Creation of dynamic property CodeIgniter\View\View::$cuser is deprecated in APPPATH\Views\templates\myheader.php on line 5.
 1 SYSTEMPATH\View\View.php(224): include('C:\\xampp\\htdocs\\larga-fms\\app\\Views\\templates\\myheader.php')
 2 SYSTEMPATH\View\View.php(227): CodeIgniter\View\View->CodeIgniter\View\{closure}()
 3 SYSTEMPATH\Common.php(1173): CodeIgniter\View\View->render('templates/myheader.php', [], true)
 4 APPPATH\Views\fms\vendor\vendor-main.php(18): view('templates/myheader.php')
 5 SYSTEMPATH\View\View.php(224): include('C:\\xampp\\htdocs\\larga-fms\\app\\Views\\fms\\vendor\\vendor-main.php')
 6 SYSTEMPATH\View\View.php(227): CodeIgniter\View\View->CodeIgniter\View\{closure}()
 7 SYSTEMPATH\Common.php(1173): CodeIgniter\View\View->render('fms/vendor/vendor-main', [], true)
 8 APPPATH\Controllers\FMS_Vendor.php(24): view('fms/vendor/vendor-main')
 9 APPPATH\Commands\RenderCheck.php(29): App\Controllers\FMS_Vendor->index()
10 SYSTEMPATH\CLI\Commands.php(70): App\Commands\RenderCheck->run([...])
11 SYSTEMPATH\CLI\Console.php(48): CodeIgniter\CLI\Commands->run('test:render', [...])
12 SYSTEMPATH\Boot.php(360): CodeIgniter\CLI\Console->run()
13 SYSTEMPATH\Boot.php(104): CodeIgniter\Boot::runCommand(Object(CodeIgniter\CLI\Console))
14 ROOTPATH\spark(84): CodeIgniter\Boot::bootSpark(Object(Config\Paths))
DEBUG - 2026-10-06 11:49:08 --> Session: Initialization under CLI aborted.
WARNING - 2026-10-06 11:49:08 --> [DEPRECATED] Creation of dynamic property App\Models\FMS_Trip_Model::$session is deprecated in APPPATH\Models\FMS_Trip_Model.php on line 11.
 1 SYSTEMPATH\Config\Factories.php(235): App\Models\FMS_Trip_Model->__construct(null)
 2 SYSTEMPATH\Config\Factories.php(169): CodeIgniter\Config\Factories::createInstance('models', 'App\\Models\\FMS_Trip_Model', [...])
 3 SYSTEMPATH\Common.php(804): CodeIgniter\Config\Factories::__callStatic('models', [...])
 4 APPPATH\Commands\TripEditTest.php(21): model('App\\Models\\FMS_Trip_Model')
 5 APPPATH\Commands\TripEditTest.php(36): App\Commands\TripEditTest->edit([...], '')
 6 SYSTEMPATH\CLI\Commands.php(70): App\Commands\TripEditTest->run([])
 7 SYSTEMPATH\CLI\Console.php(48): CodeIgniter\CLI\Commands->run('test:tripedit', [])
 8 SYSTEMPATH\Boot.php(360): CodeIgniter\CLI\Console->run()
 9 SYSTEMPATH\Boot.php(104): CodeIgniter\Boot::runCommand(Object(CodeIgniter\CLI\Console))
10 ROOTPATH\spark(84): CodeIgniter\Boot::bootSpark(Object(Config\Paths))
WARNING - 2026-10-06 11:49:08 --> [DEPRECATED] Creation of dynamic property App\Models\FMS_Trip_Model::$request is deprecated in APPPATH\Models\FMS_Trip_Model.php on line 12.
 1 SYSTEMPATH\Config\Factories.php(235): App\Models\FMS_Trip_Model->__construct(null)
 2 SYSTEMPATH\Config\Factories.php(169): CodeIgniter\Config\Factories::createInstance('models', 'App\\Models\\FMS_Trip_Model', [...])
 3 SYSTEMPATH\Common.php(804): CodeIgniter\Config\Factories::__callStatic('models', [...])
 4 APPPATH\Commands\TripEditTest.php(21): model('App\\Models\\FMS_Trip_Model')
 5 APPPATH\Commands\TripEditTest.php(36): App\Commands\TripEditTest->edit([...], '')
 6 SYSTEMPATH\CLI\Commands.php(70): App\Commands\TripEditTest->run([])
 7 SYSTEMPATH\CLI\Console.php(48): CodeIgniter\CLI\Commands->run('test:tripedit', [])
 8 SYSTEMPATH\Boot.php(360): CodeIgniter\CLI\Console->run()
 9 SYSTEMPATH\Boot.php(104): CodeIgniter\Boot::runCommand(Object(CodeIgniter\CLI\Console))
10 ROOTPATH\spark(84): CodeIgniter\Boot::bootSpark(Object(Config\Paths))
WARNING - 2026-10-06 11:49:08 --> [DEPRECATED] Creation of dynamic property App\Models\FMS_Trip_Model::$cuser is deprecated in APPPATH\Models\FMS_Trip_Model.php on line 14.
 1 SYSTEMPATH\Config\Factories.php(235): App\Models\FMS_Trip_Model->__construct(null)
 2 SYSTEMPATH\Config\Factories.php(169): CodeIgniter\Config\Factories::createInstance('models', 'App\\Models\\FMS_Trip_Model', [...])
 3 SYSTEMPATH\Common.php(804): CodeIgniter\Config\Factories::__callStatic('models', [...])
 4 APPPATH\Commands\TripEditTest.php(21): model('App\\Models\\FMS_Trip_Model')
 5 APPPATH\Commands\TripEditTest.php(36): App\Commands\TripEditTest->edit([...], '')
 6 SYSTEMPATH\CLI\Commands.php(70): App\Commands\TripEditTest->run([])
 7 SYSTEMPATH\CLI\Console.php(48): CodeIgniter\CLI\Commands->run('test:tripedit', [])
 8 SYSTEMPATH\Boot.php(360): CodeIgniter\CLI\Console->run()
 9 SYSTEMPATH\Boot.php(104): CodeIgniter\Boot::runCommand(Object(CodeIgniter\CLI\Console))
10 ROOTPATH\spark(84): CodeIgniter\Boot::bootSpark(Object(Config\Paths))
DEBUG - 2026-10-06 11:51:16 --> Session: Initialization under CLI aborted.
WARNING - 2026-10-06 11:51:16 --> [DEPRECATED] Creation of dynamic property App\Models\FMS_Trip_Model::$session is deprecated in APPPATH\Models\FMS_Trip_Model.php on line 11.
 1 SYSTEMPATH\Config\Factories.php(235): App\Models\FMS_Trip_Model->__construct(null)
 2 SYSTEMPATH\Config\Factories.php(169): CodeIgniter\Config\Factories::createInstance('models', 'App\\Models\\FMS_Trip_Model', [...])
 3 SYSTEMPATH\Common.php(804): CodeIgniter\Config\Factories::__callStatic('models', [...])
 4 APPPATH\Commands\TripEditTest.php(21): model('App\\Models\\FMS_Trip_Model')
 5 APPPATH\Commands\TripEditTest.php(36): App\Commands\TripEditTest->edit([...], '')
 6 SYSTEMPATH\CLI\Commands.php(70): App\Commands\TripEditTest->run([])
 7 SYSTEMPATH\CLI\Console.php(48): CodeIgniter\CLI\Commands->run('test:tripedit', [])
 8 SYSTEMPATH\Boot.php(360): CodeIgniter\CLI\Console->run()
 9 SYSTEMPATH\Boot.php(104): CodeIgniter\Boot::runCommand(Object(CodeIgniter\CLI\Console))
10 ROOTPATH\spark(84): CodeIgniter\Boot::bootSpark(Object(Config\Paths))
WARNING - 2026-10-06 11:51:16 --> [DEPRECATED] Creation of dynamic property App\Models\FMS_Trip_Model::$request is deprecated in APPPATH\Models\FMS_Trip_Model.php on line 12.
 1 SYSTEMPATH\Config\Factories.php(235): App\Models\FMS_Trip_Model->__construct(null)
 2 SYSTEMPATH\Config\Factories.php(169): CodeIgniter\Config\Factories::createInstance('models', 'App\\Models\\FMS_Trip_Model', [...])
 3 SYSTEMPATH\Common.php(804): CodeIgniter\Config\Factories::__callStatic('models', [...])
 4 APPPATH\Commands\TripEditTest.php(21): model('App\\Models\\FMS_Trip_Model')
 5 APPPATH\Commands\TripEditTest.php(36): App\Commands\TripEditTest->edit([...], '')
 6 SYSTEMPATH\CLI\Commands.php(70): App\Commands\TripEditTest->run([])
 7 SYSTEMPATH\CLI\Console.php(48): CodeIgniter\CLI\Commands->run('test:tripedit', [])
 8 SYSTEMPATH\Boot.php(360): CodeIgniter\CLI\Console->run()
 9 SYSTEMPATH\Boot.php(104): CodeIgniter\Boot::runCommand(Object(CodeIgniter\CLI\Console))
10 ROOTPATH\spark(84): CodeIgniter\Boot::bootSpark(Object(Config\Paths))
WARNING - 2026-10-06 11:51:16 --> [DEPRECATED] Creation of dynamic property App\Models\FMS_Trip_Model::$cuser is deprecated in APPPATH\Models\FMS_Trip_Model.php on line 14.
 1 SYSTEMPATH\Config\Factories.php(235): App\Models\FMS_Trip_Model->__construct(null)
 2 SYSTEMPATH\Config\Factories.php(169): CodeIgniter\Config\Factories::createInstance('models', 'App\\Models\\FMS_Trip_Model', [...])
 3 SYSTEMPATH\Common.php(804): CodeIgniter\Config\Factories::__callStatic('models', [...])
 4 APPPATH\Commands\TripEditTest.php(21): model('App\\Models\\FMS_Trip_Model')
 5 APPPATH\Commands\TripEditTest.php(36): App\Commands\TripEditTest->edit([...], '')
 6 SYSTEMPATH\CLI\Commands.php(70): App\Commands\TripEditTest->run([])
 7 SYSTEMPATH\CLI\Console.php(48): CodeIgniter\CLI\Commands->run('test:tripedit', [])
 8 SYSTEMPATH\Boot.php(360): CodeIgniter\CLI\Console->run()
 9 SYSTEMPATH\Boot.php(104): CodeIgniter\Boot::runCommand(Object(CodeIgniter\CLI\Console))
10 ROOTPATH\spark(84): CodeIgniter\Boot::bootSpark(Object(Config\Paths))
DEBUG - 2026-10-06 12:08:28 --> Session: Initialization under CLI aborted.
WARNING - 2026-10-06 12:08:28 --> [DEPRECATED] Creation of dynamic property App\Models\FMS_Trip_Model::$session is deprecated in APPPATH\Models\FMS_Trip_Model.php on line 11.
 1 SYSTEMPATH\Config\Factories.php(235): App\Models\FMS_Trip_Model->__construct(null)
 2 SYSTEMPATH\Config\Factories.php(169): CodeIgniter\Config\Factories::createInstance('models', 'App\\Models\\FMS_Trip_Model', [...])
 3 SYSTEMPATH\Common.php(804): CodeIgniter\Config\Factories::__callStatic('models', [...])
 4 APPPATH\Commands\EdgeTest.php(53): model('App\\Models\\FMS_Trip_Model')
 5 APPPATH\Commands\EdgeTest.php(69): App\Commands\EdgeTest->m('FMS_Trip_Model', [...])
 6 APPPATH\Commands\EdgeTest.php(130): App\Commands\EdgeTest->build('EDGE-A', [...])
 7 SYSTEMPATH\CLI\Commands.php(70): App\Commands\EdgeTest->run([...])
 8 SYSTEMPATH\CLI\Console.php(48): CodeIgniter\CLI\Commands->run('test:edge', [...])
 9 SYSTEMPATH\Boot.php(360): CodeIgniter\CLI\Console->run()
10 SYSTEMPATH\Boot.php(104): CodeIgniter\Boot::runCommand(Object(CodeIgniter\CLI\Console))
11 ROOTPATH\spark(84): CodeIgniter\Boot::bootSpark(Object(Config\Paths))
WARNING - 2026-10-06 12:08:28 --> [DEPRECATED] Creation of dynamic property App\Models\FMS_Trip_Model::$request is deprecated in APPPATH\Models\FMS_Trip_Model.php on line 12.
 1 SYSTEMPATH\Config\Factories.php(235): App\Models\FMS_Trip_Model->__construct(null)
 2 SYSTEMPATH\Config\Factories.php(169): CodeIgniter\Config\Factories::createInstance('models', 'App\\Models\\FMS_Trip_Model', [...])
 3 SYSTEMPATH\Common.php(804): CodeIgniter\Config\Factories::__callStatic('models', [...])
 4 APPPATH\Commands\EdgeTest.php(53): model('App\\Models\\FMS_Trip_Model')
 5 APPPATH\Commands\EdgeTest.php(69): App\Commands\EdgeTest->m('FMS_Trip_Model', [...])
 6 APPPATH\Commands\EdgeTest.php(130): App\Commands\EdgeTest->build('EDGE-A', [...])
 7 SYSTEMPATH\CLI\Commands.php(70): App\Commands\EdgeTest->run([...])
 8 SYSTEMPATH\CLI\Console.php(48): CodeIgniter\CLI\Commands->run('test:edge', [...])
 9 SYSTEMPATH\Boot.php(360): CodeIgniter\CLI\Console->run()
10 SYSTEMPATH\Boot.php(104): CodeIgniter\Boot::runCommand(Object(CodeIgniter\CLI\Console))
11 ROOTPATH\spark(84): CodeIgniter\Boot::bootSpark(Object(Config\Paths))
WARNING - 2026-10-06 12:08:28 --> [DEPRECATED] Creation of dynamic property App\Models\FMS_Trip_Model::$cuser is deprecated in APPPATH\Models\FMS_Trip_Model.php on line 14.
 1 SYSTEMPATH\Config\Factories.php(235): App\Models\FMS_Trip_Model->__construct(null)
 2 SYSTEMPATH\Config\Factories.php(169): CodeIgniter\Config\Factories::createInstance('models', 'App\\Models\\FMS_Trip_Model', [...])
 3 SYSTEMPATH\Common.php(804): CodeIgniter\Config\Factories::__callStatic('models', [...])
 4 APPPATH\Commands\EdgeTest.php(53): model('App\\Models\\FMS_Trip_Model')
 5 APPPATH\Commands\EdgeTest.php(69): App\Commands\EdgeTest->m('FMS_Trip_Model', [...])
 6 APPPATH\Commands\EdgeTest.php(130): App\Commands\EdgeTest->build('EDGE-A', [...])
 7 SYSTEMPATH\CLI\Commands.php(70): App\Commands\EdgeTest->run([...])
 8 SYSTEMPATH\CLI\Console.php(48): CodeIgniter\CLI\Commands->run('test:edge', [...])
 9 SYSTEMPATH\Boot.php(360): CodeIgniter\CLI\Console->run()
10 SYSTEMPATH\Boot.php(104): CodeIgniter\Boot::runCommand(Object(CodeIgniter\CLI\Console))
11 ROOTPATH\spark(84): CodeIgniter\Boot::bootSpark(Object(Config\Paths))
WARNING - 2026-10-06 12:08:28 --> [DEPRECATED] Creation of dynamic property App\Models\FMS_Dispatch_Model::$session is deprecated in APPPATH\Models\FMS_Dispatch_Model.php on line 11.
 1 SYSTEMPATH\Config\Factories.php(235): App\Models\FMS_Dispatch_Model->__construct(null)
 2 SYSTEMPATH\Config\Factories.php(169): CodeIgniter\Config\Factories::createInstance('models', 'App\\Models\\FMS_Dispatch_Model', [...])
 3 SYSTEMPATH\Common.php(804): CodeIgniter\Config\Factories::__callStatic('models', [...])
 4 APPPATH\Commands\EdgeTest.php(53): model('App\\Models\\FMS_Dispatch_Model')
 5 APPPATH\Commands\EdgeTest.php(80): App\Commands\EdgeTest->m('FMS_Dispatch_Model', [...])
 6 APPPATH\Commands\EdgeTest.php(130): App\Commands\EdgeTest->build('EDGE-A', [...])
 7 SYSTEMPATH\CLI\Commands.php(70): App\Commands\EdgeTest->run([...])
 8 SYSTEMPATH\CLI\Console.php(48): CodeIgniter\CLI\Commands->run('test:edge', [...])
 9 SYSTEMPATH\Boot.php(360): CodeIgniter\CLI\Console->run()
10 SYSTEMPATH\Boot.php(104): CodeIgniter\Boot::runCommand(Object(CodeIgniter\CLI\Console))
11 ROOTPATH\spark(84): CodeIgniter\Boot::bootSpark(Object(Config\Paths))
WARNING - 2026-10-06 12:08:28 --> [DEPRECATED] Creation of dynamic property App\Models\FMS_Dispatch_Model::$request is deprecated in APPPATH\Models\FMS_Dispatch_Model.php on line 12.
 1 SYSTEMPATH\Config\Factories.php(235): App\Models\FMS_Dispatch_Model->__construct(null)
 2 SYSTEMPATH\Config\Factories.php(169): CodeIgniter\Config\Factories::createInstance('models', 'App\\Models\\FMS_Dispatch_Model', [...])
 3 SYSTEMPATH\Common.php(804): CodeIgniter\Config\Factories::__callStatic('models', [...])
 4 APPPATH\Commands\EdgeTest.php(53): model('App\\Models\\FMS_Dispatch_Model')
 5 APPPATH\Commands\EdgeTest.php(80): App\Commands\EdgeTest->m('FMS_Dispatch_Model', [...])
 6 APPPATH\Commands\EdgeTest.php(130): App\Commands\EdgeTest->build('EDGE-A', [...])
 7 SYSTEMPATH\CLI\Commands.php(70): App\Commands\EdgeTest->run([...])
 8 SYSTEMPATH\CLI\Console.php(48): CodeIgniter\CLI\Commands->run('test:edge', [...])
 9 SYSTEMPATH\Boot.php(360): CodeIgniter\CLI\Console->run()
10 SYSTEMPATH\Boot.php(104): CodeIgniter\Boot::runCommand(Object(CodeIgniter\CLI\Console))
11 ROOTPATH\spark(84): CodeIgniter\Boot::bootSpark(Object(Config\Paths))
WARNING - 2026-10-06 12:08:28 --> [DEPRECATED] Creation of dynamic property App\Models\FMS_Dispatch_Model::$cuser is deprecated in APPPATH\Models\FMS_Dispatch_Model.php on line 14.
 1 SYSTEMPATH\Config\Factories.php(235): App\Models\FMS_Dispatch_Model->__construct(null)
 2 SYSTEMPATH\Config\Factories.php(169): CodeIgniter\Config\Factories::createInstance('models', 'App\\Models\\FMS_Dispatch_Model', [...])
 3 SYSTEMPATH\Common.php(804): CodeIgniter\Config\Factories::__callStatic('models', [...])
 4 APPPATH\Commands\EdgeTest.php(53): model('App\\Models\\FMS_Dispatch_Model')
 5 APPPATH\Commands\EdgeTest.php(80): App\Commands\EdgeTest->m('FMS_Dispatch_Model', [...])
 6 APPPATH\Commands\EdgeTest.php(130): App\Commands\EdgeTest->build('EDGE-A', [...])
 7 SYSTEMPATH\CLI\Commands.php(70): App\Commands\EdgeTest->run([...])
 8 SYSTEMPATH\CLI\Console.php(48): CodeIgniter\CLI\Commands->run('test:edge', [...])
 9 SYSTEMPATH\Boot.php(360): CodeIgniter\CLI\Console->run()
10 SYSTEMPATH\Boot.php(104): CodeIgniter\Boot::runCommand(Object(CodeIgniter\CLI\Console))
11 ROOTPATH\spark(84): CodeIgniter\Boot::bootSpark(Object(Config\Paths))
WARNING - 2026-10-06 12:08:28 --> [DEPRECATED] Creation of dynamic property App\Models\FMS_DeliveryReceipt_Model::$session is deprecated in APPPATH\Models\FMS_DeliveryReceipt_Model.php on line 11.
 1 SYSTEMPATH\Config\Factories.php(235): App\Models\FMS_DeliveryReceipt_Model->__construct(null)
 2 SYSTEMPATH\Config\Factories.php(169): CodeIgniter\Config\Factories::createInstance('models', 'App\\Models\\FMS_DeliveryReceipt_Model', [...])
 3 SYSTEMPATH\Common.php(804): CodeIgniter\Config\Factories::__callStatic('models', [...])
 4 APPPATH\Commands\EdgeTest.php(53): model('App\\Models\\FMS_DeliveryReceipt_Model')
 5 APPPATH\Commands\EdgeTest.php(101): App\Commands\EdgeTest->m('FMS_DeliveryReceipt_Model', [...])
 6 APPPATH\Commands\EdgeTest.php(133): App\Commands\EdgeTest->makeDR('50', 42, 8, 'DELIVERED')
 7 SYSTEMPATH\CLI\Commands.php(70): App\Commands\EdgeTest->run([...])
 8 SYSTEMPATH\CLI\Console.php(48): CodeIgniter\CLI\Commands->run('test:edge', [...])
 9 SYSTEMPATH\Boot.php(360): CodeIgniter\CLI\Console->run()
10 SYSTEMPATH\Boot.php(104): CodeIgniter\Boot::runCommand(Object(CodeIgniter\CLI\Console))
11 ROOTPATH\spark(84): CodeIgniter\Boot::bootSpark(Object(Config\Paths))
WARNING - 2026-10-06 12:08:28 --> [DEPRECATED] Creation of dynamic property App\Models\FMS_DeliveryReceipt_Model::$request is deprecated in APPPATH\Models\FMS_DeliveryReceipt_Model.php on line 12.
 1 SYSTEMPATH\Config\Factories.php(235): App\Models\FMS_DeliveryReceipt_Model->__construct(null)
 2 SYSTEMPATH\Config\Factories.php(169): CodeIgniter\Config\Factories::createInstance('models', 'App\\Models\\FMS_DeliveryReceipt_Model', [...])
 3 SYSTEMPATH\Common.php(804): CodeIgniter\Config\Factories::__callStatic('models', [...])
 4 APPPATH\Commands\EdgeTest.php(53): model('App\\Models\\FMS_DeliveryReceipt_Model')
 5 APPPATH\Commands\EdgeTest.php(101): App\Commands\EdgeTest->m('FMS_DeliveryReceipt_Model', [...])
 6 APPPATH\Commands\EdgeTest.php(133): App\Commands\EdgeTest->makeDR('50', 42, 8, 'DELIVERED')
 7 SYSTEMPATH\CLI\Commands.php(70): App\Commands\EdgeTest->run([...])
 8 SYSTEMPATH\CLI\Console.php(48): CodeIgniter\CLI\Commands->run('test:edge', [...])
 9 SYSTEMPATH\Boot.php(360): CodeIgniter\CLI\Console->run()
10 SYSTEMPATH\Boot.php(104): CodeIgniter\Boot::runCommand(Object(CodeIgniter\CLI\Console))
11 ROOTPATH\spark(84): CodeIgniter\Boot::bootSpark(Object(Config\Paths))
WARNING - 2026-10-06 12:08:28 --> [DEPRECATED] Creation of dynamic property App\Models\FMS_DeliveryReceipt_Model::$cuser is deprecated in APPPATH\Models\FMS_DeliveryReceipt_Model.php on line 14.
 1 SYSTEMPATH\Config\Factories.php(235): App\Models\FMS_DeliveryReceipt_Model->__construct(null)
 2 SYSTEMPATH\Config\Factories.php(169): CodeIgniter\Config\Factories::createInstance('models', 'App\\Models\\FMS_DeliveryReceipt_Model', [...])
 3 SYSTEMPATH\Common.php(804): CodeIgniter\Config\Factories::__callStatic('models', [...])
 4 APPPATH\Commands\EdgeTest.php(53): model('App\\Models\\FMS_DeliveryReceipt_Model')
 5 APPPATH\Commands\EdgeTest.php(101): App\Commands\EdgeTest->m('FMS_DeliveryReceipt_Model', [...])
 6 APPPATH\Commands\EdgeTest.php(133): App\Commands\EdgeTest->makeDR('50', 42, 8, 'DELIVERED')
 7 SYSTEMPATH\CLI\Commands.php(70): App\Commands\EdgeTest->run([...])
 8 SYSTEMPATH\CLI\Console.php(48): CodeIgniter\CLI\Commands->run('test:edge', [...])
 9 SYSTEMPATH\Boot.php(360): CodeIgniter\CLI\Console->run()
10 SYSTEMPATH\Boot.php(104): CodeIgniter\Boot::runCommand(Object(CodeIgniter\CLI\Console))
11 ROOTPATH\spark(84): CodeIgniter\Boot::bootSpark(Object(Config\Paths))
WARNING - 2026-10-06 12:08:28 --> [DEPRECATED] Creation of dynamic property App\Models\FMS_Billing_Model::$session is deprecated in APPPATH\Models\FMS_Billing_Model.php on line 11.
 1 SYSTEMPATH\Config\Factories.php(235): App\Models\FMS_Billing_Model->__construct(null)
 2 SYSTEMPATH\Config\Factories.php(169): CodeIgniter\Config\Factories::createInstance('models', 'App\\Models\\FMS_Billing_Model', [...])
 3 SYSTEMPATH\Common.php(804): CodeIgniter\Config\Factories::__callStatic('models', [...])
 4 APPPATH\Commands\EdgeTest.php(53): model('App\\Models\\FMS_Billing_Model')
 5 APPPATH\Commands\EdgeTest.php(122): App\Commands\EdgeTest->m('FMS_Billing_Model')
 6 APPPATH\Commands\EdgeTest.php(136): App\Commands\EdgeTest->App\Commands\{closure}()
 7 SYSTEMPATH\CLI\Commands.php(70): App\Commands\EdgeTest->run([...])
 8 SYSTEMPATH\CLI\Console.php(48): CodeIgniter\CLI\Commands->run('test:edge', [...])
 9 SYSTEMPATH\Boot.php(360): CodeIgniter\CLI\Console->run()
10 SYSTEMPATH\Boot.php(104): CodeIgniter\Boot::runCommand(Object(CodeIgniter\CLI\Console))
11 ROOTPATH\spark(84): CodeIgniter\Boot::bootSpark(Object(Config\Paths))
WARNING - 2026-10-06 12:08:28 --> [DEPRECATED] Creation of dynamic property App\Models\FMS_Billing_Model::$request is deprecated in APPPATH\Models\FMS_Billing_Model.php on line 12.
 1 SYSTEMPATH\Config\Factories.php(235): App\Models\FMS_Billing_Model->__construct(null)
 2 SYSTEMPATH\Config\Factories.php(169): CodeIgniter\Config\Factories::createInstance('models', 'App\\Models\\FMS_Billing_Model', [...])
 3 SYSTEMPATH\Common.php(804): CodeIgniter\Config\Factories::__callStatic('models', [...])
 4 APPPATH\Commands\EdgeTest.php(53): model('App\\Models\\FMS_Billing_Model')
 5 APPPATH\Commands\EdgeTest.php(122): App\Commands\EdgeTest->m('FMS_Billing_Model')
 6 APPPATH\Commands\EdgeTest.php(136): App\Commands\EdgeTest->App\Commands\{closure}()
 7 SYSTEMPATH\CLI\Commands.php(70): App\Commands\EdgeTest->run([...])
 8 SYSTEMPATH\CLI\Console.php(48): CodeIgniter\CLI\Commands->run('test:edge', [...])
 9 SYSTEMPATH\Boot.php(360): CodeIgniter\CLI\Console->run()
10 SYSTEMPATH\Boot.php(104): CodeIgniter\Boot::runCommand(Object(CodeIgniter\CLI\Console))
11 ROOTPATH\spark(84): CodeIgniter\Boot::bootSpark(Object(Config\Paths))
WARNING - 2026-10-06 12:08:28 --> [DEPRECATED] Creation of dynamic property App\Models\FMS_Billing_Model::$cuser is deprecated in APPPATH\Models\FMS_Billing_Model.php on line 14.
 1 SYSTEMPATH\Config\Factories.php(235): App\Models\FMS_Billing_Model->__construct(null)
 2 SYSTEMPATH\Config\Factories.php(169): CodeIgniter\Config\Factories::createInstance('models', 'App\\Models\\FMS_Billing_Model', [...])
 3 SYSTEMPATH\Common.php(804): CodeIgniter\Config\Factories::__callStatic('models', [...])
 4 APPPATH\Commands\EdgeTest.php(53): model('App\\Models\\FMS_Billing_Model')
 5 APPPATH\Commands\EdgeTest.php(122): App\Commands\EdgeTest->m('FMS_Billing_Model')
 6 APPPATH\Commands\EdgeTest.php(136): App\Commands\EdgeTest->App\Commands\{closure}()
 7 SYSTEMPATH\CLI\Commands.php(70): App\Commands\EdgeTest->run([...])
 8 SYSTEMPATH\CLI\Console.php(48): CodeIgniter\CLI\Commands->run('test:edge', [...])
 9 SYSTEMPATH\Boot.php(360): CodeIgniter\CLI\Console->run()
10 SYSTEMPATH\Boot.php(104): CodeIgniter\Boot::runCommand(Object(CodeIgniter\CLI\Console))
11 ROOTPATH\spark(84): CodeIgniter\Boot::bootSpark(Object(Config\Paths))
WARNING - 2026-10-06 12:08:28 --> [DEPRECATED] Creation of dynamic property App\Models\FMS_Invoice_Model::$session is deprecated in APPPATH\Models\FMS_Invoice_Model.php on line 11.
 1 SYSTEMPATH\Config\Factories.php(235): App\Models\FMS_Invoice_Model->__construct(null)
 2 SYSTEMPATH\Config\Factories.php(169): CodeIgniter\Config\Factories::createInstance('models', 'App\\Models\\FMS_Invoice_Model', [...])
 3 SYSTEMPATH\Common.php(804): CodeIgniter\Config\Factories::__callStatic('models', [...])
 4 APPPATH\Commands\EdgeTest.php(53): model('App\\Models\\FMS_Invoice_Model')
 5 APPPATH\Commands\EdgeTest.php(180): App\Commands\EdgeTest->m('FMS_Invoice_Model', [...])
 6 SYSTEMPATH\CLI\Commands.php(70): App\Commands\EdgeTest->run([...])
 7 SYSTEMPATH\CLI\Console.php(48): CodeIgniter\CLI\Commands->run('test:edge', [...])
 8 SYSTEMPATH\Boot.php(360): CodeIgniter\CLI\Console->run()
 9 SYSTEMPATH\Boot.php(104): CodeIgniter\Boot::runCommand(Object(CodeIgniter\CLI\Console))
10 ROOTPATH\spark(84): CodeIgniter\Boot::bootSpark(Object(Config\Paths))
WARNING - 2026-10-06 12:08:28 --> [DEPRECATED] Creation of dynamic property App\Models\FMS_Invoice_Model::$request is deprecated in APPPATH\Models\FMS_Invoice_Model.php on line 12.
 1 SYSTEMPATH\Config\Factories.php(235): App\Models\FMS_Invoice_Model->__construct(null)
 2 SYSTEMPATH\Config\Factories.php(169): CodeIgniter\Config\Factories::createInstance('models', 'App\\Models\\FMS_Invoice_Model', [...])
 3 SYSTEMPATH\Common.php(804): CodeIgniter\Config\Factories::__callStatic('models', [...])
 4 APPPATH\Commands\EdgeTest.php(53): model('App\\Models\\FMS_Invoice_Model')
 5 APPPATH\Commands\EdgeTest.php(180): App\Commands\EdgeTest->m('FMS_Invoice_Model', [...])
 6 SYSTEMPATH\CLI\Commands.php(70): App\Commands\EdgeTest->run([...])
 7 SYSTEMPATH\CLI\Console.php(48): CodeIgniter\CLI\Commands->run('test:edge', [...])
 8 SYSTEMPATH\Boot.php(360): CodeIgniter\CLI\Console->run()
 9 SYSTEMPATH\Boot.php(104): CodeIgniter\Boot::runCommand(Object(CodeIgniter\CLI\Console))
10 ROOTPATH\spark(84): CodeIgniter\Boot::bootSpark(Object(Config\Paths))
WARNING - 2026-10-06 12:08:28 --> [DEPRECATED] Creation of dynamic property App\Models\FMS_Invoice_Model::$cuser is deprecated in APPPATH\Models\FMS_Invoice_Model.php on line 14.
 1 SYSTEMPATH\Config\Factories.php(235): App\Models\FMS_Invoice_Model->__construct(null)
 2 SYSTEMPATH\Config\Factories.php(169): CodeIgniter\Config\Factories::createInstance('models', 'App\\Models\\FMS_Invoice_Model', [...])
 3 SYSTEMPATH\Common.php(804): CodeIgniter\Config\Factories::__callStatic('models', [...])
 4 APPPATH\Commands\EdgeTest.php(53): model('App\\Models\\FMS_Invoice_Model')
 5 APPPATH\Commands\EdgeTest.php(180): App\Commands\EdgeTest->m('FMS_Invoice_Model', [...])
 6 SYSTEMPATH\CLI\Commands.php(70): App\Commands\EdgeTest->run([...])
 7 SYSTEMPATH\CLI\Console.php(48): CodeIgniter\CLI\Commands->run('test:edge', [...])
 8 SYSTEMPATH\Boot.php(360): CodeIgniter\CLI\Console->run()
 9 SYSTEMPATH\Boot.php(104): CodeIgniter\Boot::runCommand(Object(CodeIgniter\CLI\Console))
10 ROOTPATH\spark(84): CodeIgniter\Boot::bootSpark(Object(Config\Paths))
WARNING - 2026-10-06 12:08:28 --> [DEPRECATED] Creation of dynamic property App\Models\FMS_AR_Model::$session is deprecated in APPPATH\Models\FMS_AR_Model.php on line 11.
 1 SYSTEMPATH\Config\Factories.php(235): App\Models\FMS_AR_Model->__construct(null)
 2 SYSTEMPATH\Config\Factories.php(169): CodeIgniter\Config\Factories::createInstance('models', 'App\\Models\\FMS_AR_Model', [...])
 3 SYSTEMPATH\Common.php(804): CodeIgniter\Config\Factories::__callStatic('models', [...])
 4 APPPATH\Commands\EdgeTest.php(53): model('App\\Models\\FMS_AR_Model')
 5 APPPATH\Commands\EdgeTest.php(189): App\Commands\EdgeTest->m('FMS_AR_Model')
 6 SYSTEMPATH\CLI\Commands.php(70): App\Commands\EdgeTest->run([...])
 7 SYSTEMPATH\CLI\Console.php(48): CodeIgniter\CLI\Commands->run('test:edge', [...])
 8 SYSTEMPATH\Boot.php(360): CodeIgniter\CLI\Console->run()
 9 SYSTEMPATH\Boot.php(104): CodeIgniter\Boot::runCommand(Object(CodeIgniter\CLI\Console))
10 ROOTPATH\spark(84): CodeIgniter\Boot::bootSpark(Object(Config\Paths))
WARNING - 2026-10-06 12:08:28 --> [DEPRECATED] Creation of dynamic property App\Models\FMS_AR_Model::$request is deprecated in APPPATH\Models\FMS_AR_Model.php on line 12.
 1 SYSTEMPATH\Config\Factories.php(235): App\Models\FMS_AR_Model->__construct(null)
 2 SYSTEMPATH\Config\Factories.php(169): CodeIgniter\Config\Factories::createInstance('models', 'App\\Models\\FMS_AR_Model', [...])
 3 SYSTEMPATH\Common.php(804): CodeIgniter\Config\Factories::__callStatic('models', [...])
 4 APPPATH\Commands\EdgeTest.php(53): model('App\\Models\\FMS_AR_Model')
 5 APPPATH\Commands\EdgeTest.php(189): App\Commands\EdgeTest->m('FMS_AR_Model')
 6 SYSTEMPATH\CLI\Commands.php(70): App\Commands\EdgeTest->run([...])
 7 SYSTEMPATH\CLI\Console.php(48): CodeIgniter\CLI\Commands->run('test:edge', [...])
 8 SYSTEMPATH\Boot.php(360): CodeIgniter\CLI\Console->run()
 9 SYSTEMPATH\Boot.php(104): CodeIgniter\Boot::runCommand(Object(CodeIgniter\CLI\Console))
10 ROOTPATH\spark(84): CodeIgniter\Boot::bootSpark(Object(Config\Paths))
WARNING - 2026-10-06 12:08:28 --> [DEPRECATED] Creation of dynamic property App\Models\FMS_AR_Model::$cuser is deprecated in APPPATH\Models\FMS_AR_Model.php on line 14.
 1 SYSTEMPATH\Config\Factories.php(235): App\Models\FMS_AR_Model->__construct(null)
 2 SYSTEMPATH\Config\Factories.php(169): CodeIgniter\Config\Factories::createInstance('models', 'App\\Models\\FMS_AR_Model', [...])
 3 SYSTEMPATH\Common.php(804): CodeIgniter\Config\Factories::__callStatic('models', [...])
 4 APPPATH\Commands\EdgeTest.php(53): model('App\\Models\\FMS_AR_Model')
 5 APPPATH\Commands\EdgeTest.php(189): App\Commands\EdgeTest->m('FMS_AR_Model')
 6 SYSTEMPATH\CLI\Commands.php(70): App\Commands\EdgeTest->run([...])
 7 SYSTEMPATH\CLI\Console.php(48): CodeIgniter\CLI\Commands->run('test:edge', [...])
 8 SYSTEMPATH\Boot.php(360): CodeIgniter\CLI\Console->run()
 9 SYSTEMPATH\Boot.php(104): CodeIgniter\Boot::runCommand(Object(CodeIgniter\CLI\Console))
10 ROOTPATH\spark(84): CodeIgniter\Boot::bootSpark(Object(Config\Paths))
WARNING - 2026-10-06 12:08:28 --> [DEPRECATED] Creation of dynamic property App\Models\FMS_Payment_Model::$session is deprecated in APPPATH\Models\FMS_Payment_Model.php on line 11.
 1 SYSTEMPATH\Config\Factories.php(235): App\Models\FMS_Payment_Model->__construct(null)
 2 SYSTEMPATH\Config\Factories.php(169): CodeIgniter\Config\Factories::createInstance('models', 'App\\Models\\FMS_Payment_Model', [...])
 3 SYSTEMPATH\Common.php(804): CodeIgniter\Config\Factories::__callStatic('models', [...])
 4 APPPATH\Commands\EdgeTest.php(53): model('App\\Models\\FMS_Payment_Model')
 5 APPPATH\Commands\EdgeTest.php(192): App\Commands\EdgeTest->m('FMS_Payment_Model', [...])
 6 SYSTEMPATH\CLI\Commands.php(70): App\Commands\EdgeTest->run([...])
 7 SYSTEMPATH\CLI\Console.php(48): CodeIgniter\CLI\Commands->run('test:edge', [...])
 8 SYSTEMPATH\Boot.php(360): CodeIgniter\CLI\Console->run()
 9 SYSTEMPATH\Boot.php(104): CodeIgniter\Boot::runCommand(Object(CodeIgniter\CLI\Console))
10 ROOTPATH\spark(84): CodeIgniter\Boot::bootSpark(Object(Config\Paths))
WARNING - 2026-10-06 12:08:28 --> [DEPRECATED] Creation of dynamic property App\Models\FMS_Payment_Model::$request is deprecated in APPPATH\Models\FMS_Payment_Model.php on line 12.
 1 SYSTEMPATH\Config\Factories.php(235): App\Models\FMS_Payment_Model->__construct(null)
 2 SYSTEMPATH\Config\Factories.php(169): CodeIgniter\Config\Factories::createInstance('models', 'App\\Models\\FMS_Payment_Model', [...])
 3 SYSTEMPATH\Common.php(804): CodeIgniter\Config\Factories::__callStatic('models', [...])
 4 APPPATH\Commands\EdgeTest.php(53): model('App\\Models\\FMS_Payment_Model')
 5 APPPATH\Commands\EdgeTest.php(192): App\Commands\EdgeTest->m('FMS_Payment_Model', [...])
 6 SYSTEMPATH\CLI\Commands.php(70): App\Commands\EdgeTest->run([...])
 7 SYSTEMPATH\CLI\Console.php(48): CodeIgniter\CLI\Commands->run('test:edge', [...])
 8 SYSTEMPATH\Boot.php(360): CodeIgniter\CLI\Console->run()
 9 SYSTEMPATH\Boot.php(104): CodeIgniter\Boot::runCommand(Object(CodeIgniter\CLI\Console))
10 ROOTPATH\spark(84): CodeIgniter\Boot::bootSpark(Object(Config\Paths))
WARNING - 2026-10-06 12:08:28 --> [DEPRECATED] Creation of dynamic property App\Models\FMS_Payment_Model::$cuser is deprecated in APPPATH\Models\FMS_Payment_Model.php on line 14.
 1 SYSTEMPATH\Config\Factories.php(235): App\Models\FMS_Payment_Model->__construct(null)
 2 SYSTEMPATH\Config\Factories.php(169): CodeIgniter\Config\Factories::createInstance('models', 'App\\Models\\FMS_Payment_Model', [...])
 3 SYSTEMPATH\Common.php(804): CodeIgniter\Config\Factories::__callStatic('models', [...])
 4 APPPATH\Commands\EdgeTest.php(53): model('App\\Models\\FMS_Payment_Model')
 5 APPPATH\Commands\EdgeTest.php(192): App\Commands\EdgeTest->m('FMS_Payment_Model', [...])
 6 SYSTEMPATH\CLI\Commands.php(70): App\Commands\EdgeTest->run([...])
 7 SYSTEMPATH\CLI\Console.php(48): CodeIgniter\CLI\Commands->run('test:edge', [...])
 8 SYSTEMPATH\Boot.php(360): CodeIgniter\CLI\Console->run()
 9 SYSTEMPATH\Boot.php(104): CodeIgniter\Boot::runCommand(Object(CodeIgniter\CLI\Console))
10 ROOTPATH\spark(84): CodeIgniter\Boot::bootSpark(Object(Config\Paths))
DEBUG - 2026-10-06 12:43:41 --> Session: Initialization under CLI aborted.
WARNING - 2026-10-06 12:43:41 --> [DEPRECATED] Creation of dynamic property App\Models\FMS_Trip_Model::$session is deprecated in APPPATH\Models\FMS_Trip_Model.php on line 11.
 1 SYSTEMPATH\Config\Factories.php(235): App\Models\FMS_Trip_Model->__construct(null)
 2 SYSTEMPATH\Config\Factories.php(169): CodeIgniter\Config\Factories::createInstance('models', 'App\\Models\\FMS_Trip_Model', [...])
 3 SYSTEMPATH\Common.php(804): CodeIgniter\Config\Factories::__callStatic('models', [...])
 4 APPPATH\Commands\EdgeTest.php(53): model('App\\Models\\FMS_Trip_Model')
 5 APPPATH\Commands\EdgeTest.php(69): App\Commands\EdgeTest->m('FMS_Trip_Model', [...])
 6 APPPATH\Commands\EdgeTest.php(130): App\Commands\EdgeTest->build('EDGE-A', [...])
 7 SYSTEMPATH\CLI\Commands.php(70): App\Commands\EdgeTest->run([...])
 8 SYSTEMPATH\CLI\Console.php(48): CodeIgniter\CLI\Commands->run('test:edge', [...])
 9 SYSTEMPATH\Boot.php(360): CodeIgniter\CLI\Console->run()
10 SYSTEMPATH\Boot.php(104): CodeIgniter\Boot::runCommand(Object(CodeIgniter\CLI\Console))
11 ROOTPATH\spark(84): CodeIgniter\Boot::bootSpark(Object(Config\Paths))
WARNING - 2026-10-06 12:43:41 --> [DEPRECATED] Creation of dynamic property App\Models\FMS_Trip_Model::$request is deprecated in APPPATH\Models\FMS_Trip_Model.php on line 12.
 1 SYSTEMPATH\Config\Factories.php(235): App\Models\FMS_Trip_Model->__construct(null)
 2 SYSTEMPATH\Config\Factories.php(169): CodeIgniter\Config\Factories::createInstance('models', 'App\\Models\\FMS_Trip_Model', [...])
 3 SYSTEMPATH\Common.php(804): CodeIgniter\Config\Factories::__callStatic('models', [...])
 4 APPPATH\Commands\EdgeTest.php(53): model('App\\Models\\FMS_Trip_Model')
 5 APPPATH\Commands\EdgeTest.php(69): App\Commands\EdgeTest->m('FMS_Trip_Model', [...])
 6 APPPATH\Commands\EdgeTest.php(130): App\Commands\EdgeTest->build('EDGE-A', [...])
 7 SYSTEMPATH\CLI\Commands.php(70): App\Commands\EdgeTest->run([...])
 8 SYSTEMPATH\CLI\Console.php(48): CodeIgniter\CLI\Commands->run('test:edge', [...])
 9 SYSTEMPATH\Boot.php(360): CodeIgniter\CLI\Console->run()
10 SYSTEMPATH\Boot.php(104): CodeIgniter\Boot::runCommand(Object(CodeIgniter\CLI\Console))
11 ROOTPATH\spark(84): CodeIgniter\Boot::bootSpark(Object(Config\Paths))
WARNING - 2026-10-06 12:43:41 --> [DEPRECATED] Creation of dynamic property App\Models\FMS_Trip_Model::$cuser is deprecated in APPPATH\Models\FMS_Trip_Model.php on line 14.
 1 SYSTEMPATH\Config\Factories.php(235): App\Models\FMS_Trip_Model->__construct(null)
 2 SYSTEMPATH\Config\Factories.php(169): CodeIgniter\Config\Factories::createInstance('models', 'App\\Models\\FMS_Trip_Model', [...])
 3 SYSTEMPATH\Common.php(804): CodeIgniter\Config\Factories::__callStatic('models', [...])
 4 APPPATH\Commands\EdgeTest.php(53): model('App\\Models\\FMS_Trip_Model')
 5 APPPATH\Commands\EdgeTest.php(69): App\Commands\EdgeTest->m('FMS_Trip_Model', [...])
 6 APPPATH\Commands\EdgeTest.php(130): App\Commands\EdgeTest->build('EDGE-A', [...])
 7 SYSTEMPATH\CLI\Commands.php(70): App\Commands\EdgeTest->run([...])
 8 SYSTEMPATH\CLI\Console.php(48): CodeIgniter\CLI\Commands->run('test:edge', [...])
 9 SYSTEMPATH\Boot.php(360): CodeIgniter\CLI\Console->run()
10 SYSTEMPATH\Boot.php(104): CodeIgniter\Boot::runCommand(Object(CodeIgniter\CLI\Console))
11 ROOTPATH\spark(84): CodeIgniter\Boot::bootSpark(Object(Config\Paths))
WARNING - 2026-10-06 12:43:41 --> [DEPRECATED] Creation of dynamic property App\Models\FMS_Dispatch_Model::$session is deprecated in APPPATH\Models\FMS_Dispatch_Model.php on line 11.
 1 SYSTEMPATH\Config\Factories.php(235): App\Models\FMS_Dispatch_Model->__construct(null)
 2 SYSTEMPATH\Config\Factories.php(169): CodeIgniter\Config\Factories::createInstance('models', 'App\\Models\\FMS_Dispatch_Model', [...])
 3 SYSTEMPATH\Common.php(804): CodeIgniter\Config\Factories::__callStatic('models', [...])
 4 APPPATH\Commands\EdgeTest.php(53): model('App\\Models\\FMS_Dispatch_Model')
 5 APPPATH\Commands\EdgeTest.php(80): App\Commands\EdgeTest->m('FMS_Dispatch_Model', [...])
 6 APPPATH\Commands\EdgeTest.php(130): App\Commands\EdgeTest->build('EDGE-A', [...])
 7 SYSTEMPATH\CLI\Commands.php(70): App\Commands\EdgeTest->run([...])
 8 SYSTEMPATH\CLI\Console.php(48): CodeIgniter\CLI\Commands->run('test:edge', [...])
 9 SYSTEMPATH\Boot.php(360): CodeIgniter\CLI\Console->run()
10 SYSTEMPATH\Boot.php(104): CodeIgniter\Boot::runCommand(Object(CodeIgniter\CLI\Console))
11 ROOTPATH\spark(84): CodeIgniter\Boot::bootSpark(Object(Config\Paths))
WARNING - 2026-10-06 12:43:41 --> [DEPRECATED] Creation of dynamic property App\Models\FMS_Dispatch_Model::$request is deprecated in APPPATH\Models\FMS_Dispatch_Model.php on line 12.
 1 SYSTEMPATH\Config\Factories.php(235): App\Models\FMS_Dispatch_Model->__construct(null)
 2 SYSTEMPATH\Config\Factories.php(169): CodeIgniter\Config\Factories::createInstance('models', 'App\\Models\\FMS_Dispatch_Model', [...])
 3 SYSTEMPATH\Common.php(804): CodeIgniter\Config\Factories::__callStatic('models', [...])
 4 APPPATH\Commands\EdgeTest.php(53): model('App\\Models\\FMS_Dispatch_Model')
 5 APPPATH\Commands\EdgeTest.php(80): App\Commands\EdgeTest->m('FMS_Dispatch_Model', [...])
 6 APPPATH\Commands\EdgeTest.php(130): App\Commands\EdgeTest->build('EDGE-A', [...])
 7 SYSTEMPATH\CLI\Commands.php(70): App\Commands\EdgeTest->run([...])
 8 SYSTEMPATH\CLI\Console.php(48): CodeIgniter\CLI\Commands->run('test:edge', [...])
 9 SYSTEMPATH\Boot.php(360): CodeIgniter\CLI\Console->run()
10 SYSTEMPATH\Boot.php(104): CodeIgniter\Boot::runCommand(Object(CodeIgniter\CLI\Console))
11 ROOTPATH\spark(84): CodeIgniter\Boot::bootSpark(Object(Config\Paths))
WARNING - 2026-10-06 12:43:41 --> [DEPRECATED] Creation of dynamic property App\Models\FMS_Dispatch_Model::$cuser is deprecated in APPPATH\Models\FMS_Dispatch_Model.php on line 14.
 1 SYSTEMPATH\Config\Factories.php(235): App\Models\FMS_Dispatch_Model->__construct(null)
 2 SYSTEMPATH\Config\Factories.php(169): CodeIgniter\Config\Factories::createInstance('models', 'App\\Models\\FMS_Dispatch_Model', [...])
 3 SYSTEMPATH\Common.php(804): CodeIgniter\Config\Factories::__callStatic('models', [...])
 4 APPPATH\Commands\EdgeTest.php(53): model('App\\Models\\FMS_Dispatch_Model')
 5 APPPATH\Commands\EdgeTest.php(80): App\Commands\EdgeTest->m('FMS_Dispatch_Model', [...])
 6 APPPATH\Commands\EdgeTest.php(130): App\Commands\EdgeTest->build('EDGE-A', [...])
 7 SYSTEMPATH\CLI\Commands.php(70): App\Commands\EdgeTest->run([...])
 8 SYSTEMPATH\CLI\Console.php(48): CodeIgniter\CLI\Commands->run('test:edge', [...])
 9 SYSTEMPATH\Boot.php(360): CodeIgniter\CLI\Console->run()
10 SYSTEMPATH\Boot.php(104): CodeIgniter\Boot::runCommand(Object(CodeIgniter\CLI\Console))
11 ROOTPATH\spark(84): CodeIgniter\Boot::bootSpark(Object(Config\Paths))
WARNING - 2026-10-06 12:43:41 --> [DEPRECATED] Creation of dynamic property App\Models\FMS_DeliveryReceipt_Model::$session is deprecated in APPPATH\Models\FMS_DeliveryReceipt_Model.php on line 11.
 1 SYSTEMPATH\Config\Factories.php(235): App\Models\FMS_DeliveryReceipt_Model->__construct(null)
 2 SYSTEMPATH\Config\Factories.php(169): CodeIgniter\Config\Factories::createInstance('models', 'App\\Models\\FMS_DeliveryReceipt_Model', [...])
 3 SYSTEMPATH\Common.php(804): CodeIgniter\Config\Factories::__callStatic('models', [...])
 4 APPPATH\Commands\EdgeTest.php(53): model('App\\Models\\FMS_DeliveryReceipt_Model')
 5 APPPATH\Commands\EdgeTest.php(101): App\Commands\EdgeTest->m('FMS_DeliveryReceipt_Model', [...])
 6 APPPATH\Commands\EdgeTest.php(133): App\Commands\EdgeTest->makeDR('55', 47, 8, 'DELIVERED')
 7 SYSTEMPATH\CLI\Commands.php(70): App\Commands\EdgeTest->run([...])
 8 SYSTEMPATH\CLI\Console.php(48): CodeIgniter\CLI\Commands->run('test:edge', [...])
 9 SYSTEMPATH\Boot.php(360): CodeIgniter\CLI\Console->run()
10 SYSTEMPATH\Boot.php(104): CodeIgniter\Boot::runCommand(Object(CodeIgniter\CLI\Console))
11 ROOTPATH\spark(84): CodeIgniter\Boot::bootSpark(Object(Config\Paths))
WARNING - 2026-10-06 12:43:41 --> [DEPRECATED] Creation of dynamic property App\Models\FMS_DeliveryReceipt_Model::$request is deprecated in APPPATH\Models\FMS_DeliveryReceipt_Model.php on line 12.
 1 SYSTEMPATH\Config\Factories.php(235): App\Models\FMS_DeliveryReceipt_Model->__construct(null)
 2 SYSTEMPATH\Config\Factories.php(169): CodeIgniter\Config\Factories::createInstance('models', 'App\\Models\\FMS_DeliveryReceipt_Model', [...])
 3 SYSTEMPATH\Common.php(804): CodeIgniter\Config\Factories::__callStatic('models', [...])
 4 APPPATH\Commands\EdgeTest.php(53): model('App\\Models\\FMS_DeliveryReceipt_Model')
 5 APPPATH\Commands\EdgeTest.php(101): App\Commands\EdgeTest->m('FMS_DeliveryReceipt_Model', [...])
 6 APPPATH\Commands\EdgeTest.php(133): App\Commands\EdgeTest->makeDR('55', 47, 8, 'DELIVERED')
 7 SYSTEMPATH\CLI\Commands.php(70): App\Commands\EdgeTest->run([...])
 8 SYSTEMPATH\CLI\Console.php(48): CodeIgniter\CLI\Commands->run('test:edge', [...])
 9 SYSTEMPATH\Boot.php(360): CodeIgniter\CLI\Console->run()
10 SYSTEMPATH\Boot.php(104): CodeIgniter\Boot::runCommand(Object(CodeIgniter\CLI\Console))
11 ROOTPATH\spark(84): CodeIgniter\Boot::bootSpark(Object(Config\Paths))
WARNING - 2026-10-06 12:43:41 --> [DEPRECATED] Creation of dynamic property App\Models\FMS_DeliveryReceipt_Model::$cuser is deprecated in APPPATH\Models\FMS_DeliveryReceipt_Model.php on line 14.
 1 SYSTEMPATH\Config\Factories.php(235): App\Models\FMS_DeliveryReceipt_Model->__construct(null)
 2 SYSTEMPATH\Config\Factories.php(169): CodeIgniter\Config\Factories::createInstance('models', 'App\\Models\\FMS_DeliveryReceipt_Model', [...])
 3 SYSTEMPATH\Common.php(804): CodeIgniter\Config\Factories::__callStatic('models', [...])
 4 APPPATH\Commands\EdgeTest.php(53): model('App\\Models\\FMS_DeliveryReceipt_Model')
 5 APPPATH\Commands\EdgeTest.php(101): App\Commands\EdgeTest->m('FMS_DeliveryReceipt_Model', [...])
 6 APPPATH\Commands\EdgeTest.php(133): App\Commands\EdgeTest->makeDR('55', 47, 8, 'DELIVERED')
 7 SYSTEMPATH\CLI\Commands.php(70): App\Commands\EdgeTest->run([...])
 8 SYSTEMPATH\CLI\Console.php(48): CodeIgniter\CLI\Commands->run('test:edge', [...])
 9 SYSTEMPATH\Boot.php(360): CodeIgniter\CLI\Console->run()
10 SYSTEMPATH\Boot.php(104): CodeIgniter\Boot::runCommand(Object(CodeIgniter\CLI\Console))
11 ROOTPATH\spark(84): CodeIgniter\Boot::bootSpark(Object(Config\Paths))
WARNING - 2026-10-06 12:43:41 --> [DEPRECATED] Creation of dynamic property App\Models\FMS_Billing_Model::$session is deprecated in APPPATH\Models\FMS_Billing_Model.php on line 11.
 1 SYSTEMPATH\Config\Factories.php(235): App\Models\FMS_Billing_Model->__construct(null)
 2 SYSTEMPATH\Config\Factories.php(169): CodeIgniter\Config\Factories::createInstance('models', 'App\\Models\\FMS_Billing_Model', [...])
 3 SYSTEMPATH\Common.php(804): CodeIgniter\Config\Factories::__callStatic('models', [...])
 4 APPPATH\Commands\EdgeTest.php(53): model('App\\Models\\FMS_Billing_Model')
 5 APPPATH\Commands\EdgeTest.php(122): App\Commands\EdgeTest->m('FMS_Billing_Model')
 6 APPPATH\Commands\EdgeTest.php(136): App\Commands\EdgeTest->App\Commands\{closure}()
 7 SYSTEMPATH\CLI\Commands.php(70): App\Commands\EdgeTest->run([...])
 8 SYSTEMPATH\CLI\Console.php(48): CodeIgniter\CLI\Commands->run('test:edge', [...])
 9 SYSTEMPATH\Boot.php(360): CodeIgniter\CLI\Console->run()
10 SYSTEMPATH\Boot.php(104): CodeIgniter\Boot::runCommand(Object(CodeIgniter\CLI\Console))
11 ROOTPATH\spark(84): CodeIgniter\Boot::bootSpark(Object(Config\Paths))
WARNING - 2026-10-06 12:43:41 --> [DEPRECATED] Creation of dynamic property App\Models\FMS_Billing_Model::$request is deprecated in APPPATH\Models\FMS_Billing_Model.php on line 12.
 1 SYSTEMPATH\Config\Factories.php(235): App\Models\FMS_Billing_Model->__construct(null)
 2 SYSTEMPATH\Config\Factories.php(169): CodeIgniter\Config\Factories::createInstance('models', 'App\\Models\\FMS_Billing_Model', [...])
 3 SYSTEMPATH\Common.php(804): CodeIgniter\Config\Factories::__callStatic('models', [...])
 4 APPPATH\Commands\EdgeTest.php(53): model('App\\Models\\FMS_Billing_Model')
 5 APPPATH\Commands\EdgeTest.php(122): App\Commands\EdgeTest->m('FMS_Billing_Model')
 6 APPPATH\Commands\EdgeTest.php(136): App\Commands\EdgeTest->App\Commands\{closure}()
 7 SYSTEMPATH\CLI\Commands.php(70): App\Commands\EdgeTest->run([...])
 8 SYSTEMPATH\CLI\Console.php(48): CodeIgniter\CLI\Commands->run('test:edge', [...])
 9 SYSTEMPATH\Boot.php(360): CodeIgniter\CLI\Console->run()
10 SYSTEMPATH\Boot.php(104): CodeIgniter\Boot::runCommand(Object(CodeIgniter\CLI\Console))
11 ROOTPATH\spark(84): CodeIgniter\Boot::bootSpark(Object(Config\Paths))
WARNING - 2026-10-06 12:43:41 --> [DEPRECATED] Creation of dynamic property App\Models\FMS_Billing_Model::$cuser is deprecated in APPPATH\Models\FMS_Billing_Model.php on line 14.
 1 SYSTEMPATH\Config\Factories.php(235): App\Models\FMS_Billing_Model->__construct(null)
 2 SYSTEMPATH\Config\Factories.php(169): CodeIgniter\Config\Factories::createInstance('models', 'App\\Models\\FMS_Billing_Model', [...])
 3 SYSTEMPATH\Common.php(804): CodeIgniter\Config\Factories::__callStatic('models', [...])
 4 APPPATH\Commands\EdgeTest.php(53): model('App\\Models\\FMS_Billing_Model')
 5 APPPATH\Commands\EdgeTest.php(122): App\Commands\EdgeTest->m('FMS_Billing_Model')
 6 APPPATH\Commands\EdgeTest.php(136): App\Commands\EdgeTest->App\Commands\{closure}()
 7 SYSTEMPATH\CLI\Commands.php(70): App\Commands\EdgeTest->run([...])
 8 SYSTEMPATH\CLI\Console.php(48): CodeIgniter\CLI\Commands->run('test:edge', [...])
 9 SYSTEMPATH\Boot.php(360): CodeIgniter\CLI\Console->run()
10 SYSTEMPATH\Boot.php(104): CodeIgniter\Boot::runCommand(Object(CodeIgniter\CLI\Console))
11 ROOTPATH\spark(84): CodeIgniter\Boot::bootSpark(Object(Config\Paths))
WARNING - 2026-10-06 12:43:41 --> [DEPRECATED] Creation of dynamic property App\Models\FMS_Invoice_Model::$session is deprecated in APPPATH\Models\FMS_Invoice_Model.php on line 11.
 1 SYSTEMPATH\Config\Factories.php(235): App\Models\FMS_Invoice_Model->__construct(null)
 2 SYSTEMPATH\Config\Factories.php(169): CodeIgniter\Config\Factories::createInstance('models', 'App\\Models\\FMS_Invoice_Model', [...])
 3 SYSTEMPATH\Common.php(804): CodeIgniter\Config\Factories::__callStatic('models', [...])
 4 APPPATH\Commands\EdgeTest.php(53): model('App\\Models\\FMS_Invoice_Model')
 5 APPPATH\Commands\EdgeTest.php(180): App\Commands\EdgeTest->m('FMS_Invoice_Model', [...])
 6 SYSTEMPATH\CLI\Commands.php(70): App\Commands\EdgeTest->run([...])
 7 SYSTEMPATH\CLI\Console.php(48): CodeIgniter\CLI\Commands->run('test:edge', [...])
 8 SYSTEMPATH\Boot.php(360): CodeIgniter\CLI\Console->run()
 9 SYSTEMPATH\Boot.php(104): CodeIgniter\Boot::runCommand(Object(CodeIgniter\CLI\Console))
10 ROOTPATH\spark(84): CodeIgniter\Boot::bootSpark(Object(Config\Paths))
WARNING - 2026-10-06 12:43:41 --> [DEPRECATED] Creation of dynamic property App\Models\FMS_Invoice_Model::$request is deprecated in APPPATH\Models\FMS_Invoice_Model.php on line 12.
 1 SYSTEMPATH\Config\Factories.php(235): App\Models\FMS_Invoice_Model->__construct(null)
 2 SYSTEMPATH\Config\Factories.php(169): CodeIgniter\Config\Factories::createInstance('models', 'App\\Models\\FMS_Invoice_Model', [...])
 3 SYSTEMPATH\Common.php(804): CodeIgniter\Config\Factories::__callStatic('models', [...])
 4 APPPATH\Commands\EdgeTest.php(53): model('App\\Models\\FMS_Invoice_Model')
 5 APPPATH\Commands\EdgeTest.php(180): App\Commands\EdgeTest->m('FMS_Invoice_Model', [...])
 6 SYSTEMPATH\CLI\Commands.php(70): App\Commands\EdgeTest->run([...])
 7 SYSTEMPATH\CLI\Console.php(48): CodeIgniter\CLI\Commands->run('test:edge', [...])
 8 SYSTEMPATH\Boot.php(360): CodeIgniter\CLI\Console->run()
 9 SYSTEMPATH\Boot.php(104): CodeIgniter\Boot::runCommand(Object(CodeIgniter\CLI\Console))
10 ROOTPATH\spark(84): CodeIgniter\Boot::bootSpark(Object(Config\Paths))
WARNING - 2026-10-06 12:43:41 --> [DEPRECATED] Creation of dynamic property App\Models\FMS_Invoice_Model::$cuser is deprecated in APPPATH\Models\FMS_Invoice_Model.php on line 14.
 1 SYSTEMPATH\Config\Factories.php(235): App\Models\FMS_Invoice_Model->__construct(null)
 2 SYSTEMPATH\Config\Factories.php(169): CodeIgniter\Config\Factories::createInstance('models', 'App\\Models\\FMS_Invoice_Model', [...])
 3 SYSTEMPATH\Common.php(804): CodeIgniter\Config\Factories::__callStatic('models', [...])
 4 APPPATH\Commands\EdgeTest.php(53): model('App\\Models\\FMS_Invoice_Model')
 5 APPPATH\Commands\EdgeTest.php(180): App\Commands\EdgeTest->m('FMS_Invoice_Model', [...])
 6 SYSTEMPATH\CLI\Commands.php(70): App\Commands\EdgeTest->run([...])
 7 SYSTEMPATH\CLI\Console.php(48): CodeIgniter\CLI\Commands->run('test:edge', [...])
 8 SYSTEMPATH\Boot.php(360): CodeIgniter\CLI\Console->run()
 9 SYSTEMPATH\Boot.php(104): CodeIgniter\Boot::runCommand(Object(CodeIgniter\CLI\Console))
10 ROOTPATH\spark(84): CodeIgniter\Boot::bootSpark(Object(Config\Paths))
WARNING - 2026-10-06 12:43:41 --> [DEPRECATED] Creation of dynamic property App\Models\FMS_AR_Model::$session is deprecated in APPPATH\Models\FMS_AR_Model.php on line 11.
 1 SYSTEMPATH\Config\Factories.php(235): App\Models\FMS_AR_Model->__construct(null)
 2 SYSTEMPATH\Config\Factories.php(169): CodeIgniter\Config\Factories::createInstance('models', 'App\\Models\\FMS_AR_Model', [...])
 3 SYSTEMPATH\Common.php(804): CodeIgniter\Config\Factories::__callStatic('models', [...])
 4 APPPATH\Commands\EdgeTest.php(53): model('App\\Models\\FMS_AR_Model')
 5 APPPATH\Commands\EdgeTest.php(189): App\Commands\EdgeTest->m('FMS_AR_Model')
 6 SYSTEMPATH\CLI\Commands.php(70): App\Commands\EdgeTest->run([...])
 7 SYSTEMPATH\CLI\Console.php(48): CodeIgniter\CLI\Commands->run('test:edge', [...])
 8 SYSTEMPATH\Boot.php(360): CodeIgniter\CLI\Console->run()
 9 SYSTEMPATH\Boot.php(104): CodeIgniter\Boot::runCommand(Object(CodeIgniter\CLI\Console))
10 ROOTPATH\spark(84): CodeIgniter\Boot::bootSpark(Object(Config\Paths))
WARNING - 2026-10-06 12:43:41 --> [DEPRECATED] Creation of dynamic property App\Models\FMS_AR_Model::$request is deprecated in APPPATH\Models\FMS_AR_Model.php on line 12.
 1 SYSTEMPATH\Config\Factories.php(235): App\Models\FMS_AR_Model->__construct(null)
 2 SYSTEMPATH\Config\Factories.php(169): CodeIgniter\Config\Factories::createInstance('models', 'App\\Models\\FMS_AR_Model', [...])
 3 SYSTEMPATH\Common.php(804): CodeIgniter\Config\Factories::__callStatic('models', [...])
 4 APPPATH\Commands\EdgeTest.php(53): model('App\\Models\\FMS_AR_Model')
 5 APPPATH\Commands\EdgeTest.php(189): App\Commands\EdgeTest->m('FMS_AR_Model')
 6 SYSTEMPATH\CLI\Commands.php(70): App\Commands\EdgeTest->run([...])
 7 SYSTEMPATH\CLI\Console.php(48): CodeIgniter\CLI\Commands->run('test:edge', [...])
 8 SYSTEMPATH\Boot.php(360): CodeIgniter\CLI\Console->run()
 9 SYSTEMPATH\Boot.php(104): CodeIgniter\Boot::runCommand(Object(CodeIgniter\CLI\Console))
10 ROOTPATH\spark(84): CodeIgniter\Boot::bootSpark(Object(Config\Paths))
WARNING - 2026-10-06 12:43:41 --> [DEPRECATED] Creation of dynamic property App\Models\FMS_AR_Model::$cuser is deprecated in APPPATH\Models\FMS_AR_Model.php on line 14.
 1 SYSTEMPATH\Config\Factories.php(235): App\Models\FMS_AR_Model->__construct(null)
 2 SYSTEMPATH\Config\Factories.php(169): CodeIgniter\Config\Factories::createInstance('models', 'App\\Models\\FMS_AR_Model', [...])
 3 SYSTEMPATH\Common.php(804): CodeIgniter\Config\Factories::__callStatic('models', [...])
 4 APPPATH\Commands\EdgeTest.php(53): model('App\\Models\\FMS_AR_Model')
 5 APPPATH\Commands\EdgeTest.php(189): App\Commands\EdgeTest->m('FMS_AR_Model')
 6 SYSTEMPATH\CLI\Commands.php(70): App\Commands\EdgeTest->run([...])
 7 SYSTEMPATH\CLI\Console.php(48): CodeIgniter\CLI\Commands->run('test:edge', [...])
 8 SYSTEMPATH\Boot.php(360): CodeIgniter\CLI\Console->run()
 9 SYSTEMPATH\Boot.php(104): CodeIgniter\Boot::runCommand(Object(CodeIgniter\CLI\Console))
10 ROOTPATH\spark(84): CodeIgniter\Boot::bootSpark(Object(Config\Paths))
WARNING - 2026-10-06 12:43:41 --> [DEPRECATED] Creation of dynamic property App\Models\FMS_Payment_Model::$session is deprecated in APPPATH\Models\FMS_Payment_Model.php on line 11.
 1 SYSTEMPATH\Config\Factories.php(235): App\Models\FMS_Payment_Model->__construct(null)
 2 SYSTEMPATH\Config\Factories.php(169): CodeIgniter\Config\Factories::createInstance('models', 'App\\Models\\FMS_Payment_Model', [...])
 3 SYSTEMPATH\Common.php(804): CodeIgniter\Config\Factories::__callStatic('models', [...])
 4 APPPATH\Commands\EdgeTest.php(53): model('App\\Models\\FMS_Payment_Model')
 5 APPPATH\Commands\EdgeTest.php(192): App\Commands\EdgeTest->m('FMS_Payment_Model', [...])
 6 SYSTEMPATH\CLI\Commands.php(70): App\Commands\EdgeTest->run([...])
 7 SYSTEMPATH\CLI\Console.php(48): CodeIgniter\CLI\Commands->run('test:edge', [...])
 8 SYSTEMPATH\Boot.php(360): CodeIgniter\CLI\Console->run()
 9 SYSTEMPATH\Boot.php(104): CodeIgniter\Boot::runCommand(Object(CodeIgniter\CLI\Console))
10 ROOTPATH\spark(84): CodeIgniter\Boot::bootSpark(Object(Config\Paths))
WARNING - 2026-10-06 12:43:41 --> [DEPRECATED] Creation of dynamic property App\Models\FMS_Payment_Model::$request is deprecated in APPPATH\Models\FMS_Payment_Model.php on line 12.
 1 SYSTEMPATH\Config\Factories.php(235): App\Models\FMS_Payment_Model->__construct(null)
 2 SYSTEMPATH\Config\Factories.php(169): CodeIgniter\Config\Factories::createInstance('models', 'App\\Models\\FMS_Payment_Model', [...])
 3 SYSTEMPATH\Common.php(804): CodeIgniter\Config\Factories::__callStatic('models', [...])
 4 APPPATH\Commands\EdgeTest.php(53): model('App\\Models\\FMS_Payment_Model')
 5 APPPATH\Commands\EdgeTest.php(192): App\Commands\EdgeTest->m('FMS_Payment_Model', [...])
 6 SYSTEMPATH\CLI\Commands.php(70): App\Commands\EdgeTest->run([...])
 7 SYSTEMPATH\CLI\Console.php(48): CodeIgniter\CLI\Commands->run('test:edge', [...])
 8 SYSTEMPATH\Boot.php(360): CodeIgniter\CLI\Console->run()
 9 SYSTEMPATH\Boot.php(104): CodeIgniter\Boot::runCommand(Object(CodeIgniter\CLI\Console))
10 ROOTPATH\spark(84): CodeIgniter\Boot::bootSpark(Object(Config\Paths))
WARNING - 2026-10-06 12:43:41 --> [DEPRECATED] Creation of dynamic property App\Models\FMS_Payment_Model::$cuser is deprecated in APPPATH\Models\FMS_Payment_Model.php on line 14.
 1 SYSTEMPATH\Config\Factories.php(235): App\Models\FMS_Payment_Model->__construct(null)
 2 SYSTEMPATH\Config\Factories.php(169): CodeIgniter\Config\Factories::createInstance('models', 'App\\Models\\FMS_Payment_Model', [...])
 3 SYSTEMPATH\Common.php(804): CodeIgniter\Config\Factories::__callStatic('models', [...])
 4 APPPATH\Commands\EdgeTest.php(53): model('App\\Models\\FMS_Payment_Model')
 5 APPPATH\Commands\EdgeTest.php(192): App\Commands\EdgeTest->m('FMS_Payment_Model', [...])
 6 SYSTEMPATH\CLI\Commands.php(70): App\Commands\EdgeTest->run([...])
 7 SYSTEMPATH\CLI\Console.php(48): CodeIgniter\CLI\Commands->run('test:edge', [...])
 8 SYSTEMPATH\Boot.php(360): CodeIgniter\CLI\Console->run()
 9 SYSTEMPATH\Boot.php(104): CodeIgniter\Boot::runCommand(Object(CodeIgniter\CLI\Console))
10 ROOTPATH\spark(84): CodeIgniter\Boot::bootSpark(Object(Config\Paths))
DEBUG - 2026-10-06 12:45:30 --> Session: Initialization under CLI aborted.
WARNING - 2026-10-06 12:45:30 --> [DEPRECATED] Creation of dynamic property App\Models\FMS_Trip_Model::$session is deprecated in APPPATH\Models\FMS_Trip_Model.php on line 11.
 1 SYSTEMPATH\Config\Factories.php(235): App\Models\FMS_Trip_Model->__construct(null)
 2 SYSTEMPATH\Config\Factories.php(169): CodeIgniter\Config\Factories::createInstance('models', 'App\\Models\\FMS_Trip_Model', [...])
 3 SYSTEMPATH\Common.php(804): CodeIgniter\Config\Factories::__callStatic('models', [...])
 4 APPPATH\Commands\EdgeTest.php(53): model('App\\Models\\FMS_Trip_Model')
 5 APPPATH\Commands\EdgeTest.php(69): App\Commands\EdgeTest->m('FMS_Trip_Model', [...])
 6 APPPATH\Commands\EdgeTest.php(130): App\Commands\EdgeTest->build('EDGE-A', [...])
 7 SYSTEMPATH\CLI\Commands.php(70): App\Commands\EdgeTest->run([...])
 8 SYSTEMPATH\CLI\Console.php(48): CodeIgniter\CLI\Commands->run('test:edge', [...])
 9 SYSTEMPATH\Boot.php(360): CodeIgniter\CLI\Console->run()
10 SYSTEMPATH\Boot.php(104): CodeIgniter\Boot::runCommand(Object(CodeIgniter\CLI\Console))
11 ROOTPATH\spark(84): CodeIgniter\Boot::bootSpark(Object(Config\Paths))
WARNING - 2026-10-06 12:45:30 --> [DEPRECATED] Creation of dynamic property App\Models\FMS_Trip_Model::$request is deprecated in APPPATH\Models\FMS_Trip_Model.php on line 12.
 1 SYSTEMPATH\Config\Factories.php(235): App\Models\FMS_Trip_Model->__construct(null)
 2 SYSTEMPATH\Config\Factories.php(169): CodeIgniter\Config\Factories::createInstance('models', 'App\\Models\\FMS_Trip_Model', [...])
 3 SYSTEMPATH\Common.php(804): CodeIgniter\Config\Factories::__callStatic('models', [...])
 4 APPPATH\Commands\EdgeTest.php(53): model('App\\Models\\FMS_Trip_Model')
 5 APPPATH\Commands\EdgeTest.php(69): App\Commands\EdgeTest->m('FMS_Trip_Model', [...])
 6 APPPATH\Commands\EdgeTest.php(130): App\Commands\EdgeTest->build('EDGE-A', [...])
 7 SYSTEMPATH\CLI\Commands.php(70): App\Commands\EdgeTest->run([...])
 8 SYSTEMPATH\CLI\Console.php(48): CodeIgniter\CLI\Commands->run('test:edge', [...])
 9 SYSTEMPATH\Boot.php(360): CodeIgniter\CLI\Console->run()
10 SYSTEMPATH\Boot.php(104): CodeIgniter\Boot::runCommand(Object(CodeIgniter\CLI\Console))
11 ROOTPATH\spark(84): CodeIgniter\Boot::bootSpark(Object(Config\Paths))
WARNING - 2026-10-06 12:45:30 --> [DEPRECATED] Creation of dynamic property App\Models\FMS_Trip_Model::$cuser is deprecated in APPPATH\Models\FMS_Trip_Model.php on line 14.
 1 SYSTEMPATH\Config\Factories.php(235): App\Models\FMS_Trip_Model->__construct(null)
 2 SYSTEMPATH\Config\Factories.php(169): CodeIgniter\Config\Factories::createInstance('models', 'App\\Models\\FMS_Trip_Model', [...])
 3 SYSTEMPATH\Common.php(804): CodeIgniter\Config\Factories::__callStatic('models', [...])
 4 APPPATH\Commands\EdgeTest.php(53): model('App\\Models\\FMS_Trip_Model')
 5 APPPATH\Commands\EdgeTest.php(69): App\Commands\EdgeTest->m('FMS_Trip_Model', [...])
 6 APPPATH\Commands\EdgeTest.php(130): App\Commands\EdgeTest->build('EDGE-A', [...])
 7 SYSTEMPATH\CLI\Commands.php(70): App\Commands\EdgeTest->run([...])
 8 SYSTEMPATH\CLI\Console.php(48): CodeIgniter\CLI\Commands->run('test:edge', [...])
 9 SYSTEMPATH\Boot.php(360): CodeIgniter\CLI\Console->run()
10 SYSTEMPATH\Boot.php(104): CodeIgniter\Boot::runCommand(Object(CodeIgniter\CLI\Console))
11 ROOTPATH\spark(84): CodeIgniter\Boot::bootSpark(Object(Config\Paths))
WARNING - 2026-10-06 12:45:30 --> [DEPRECATED] Creation of dynamic property App\Models\FMS_Dispatch_Model::$session is deprecated in APPPATH\Models\FMS_Dispatch_Model.php on line 11.
 1 SYSTEMPATH\Config\Factories.php(235): App\Models\FMS_Dispatch_Model->__construct(null)
 2 SYSTEMPATH\Config\Factories.php(169): CodeIgniter\Config\Factories::createInstance('models', 'App\\Models\\FMS_Dispatch_Model', [...])
 3 SYSTEMPATH\Common.php(804): CodeIgniter\Config\Factories::__callStatic('models', [...])
 4 APPPATH\Commands\EdgeTest.php(53): model('App\\Models\\FMS_Dispatch_Model')
 5 APPPATH\Commands\EdgeTest.php(80): App\Commands\EdgeTest->m('FMS_Dispatch_Model', [...])
 6 APPPATH\Commands\EdgeTest.php(130): App\Commands\EdgeTest->build('EDGE-A', [...])
 7 SYSTEMPATH\CLI\Commands.php(70): App\Commands\EdgeTest->run([...])
 8 SYSTEMPATH\CLI\Console.php(48): CodeIgniter\CLI\Commands->run('test:edge', [...])
 9 SYSTEMPATH\Boot.php(360): CodeIgniter\CLI\Console->run()
10 SYSTEMPATH\Boot.php(104): CodeIgniter\Boot::runCommand(Object(CodeIgniter\CLI\Console))
11 ROOTPATH\spark(84): CodeIgniter\Boot::bootSpark(Object(Config\Paths))
WARNING - 2026-10-06 12:45:30 --> [DEPRECATED] Creation of dynamic property App\Models\FMS_Dispatch_Model::$request is deprecated in APPPATH\Models\FMS_Dispatch_Model.php on line 12.
 1 SYSTEMPATH\Config\Factories.php(235): App\Models\FMS_Dispatch_Model->__construct(null)
 2 SYSTEMPATH\Config\Factories.php(169): CodeIgniter\Config\Factories::createInstance('models', 'App\\Models\\FMS_Dispatch_Model', [...])
 3 SYSTEMPATH\Common.php(804): CodeIgniter\Config\Factories::__callStatic('models', [...])
 4 APPPATH\Commands\EdgeTest.php(53): model('App\\Models\\FMS_Dispatch_Model')
 5 APPPATH\Commands\EdgeTest.php(80): App\Commands\EdgeTest->m('FMS_Dispatch_Model', [...])
 6 APPPATH\Commands\EdgeTest.php(130): App\Commands\EdgeTest->build('EDGE-A', [...])
 7 SYSTEMPATH\CLI\Commands.php(70): App\Commands\EdgeTest->run([...])
 8 SYSTEMPATH\CLI\Console.php(48): CodeIgniter\CLI\Commands->run('test:edge', [...])
 9 SYSTEMPATH\Boot.php(360): CodeIgniter\CLI\Console->run()
10 SYSTEMPATH\Boot.php(104): CodeIgniter\Boot::runCommand(Object(CodeIgniter\CLI\Console))
11 ROOTPATH\spark(84): CodeIgniter\Boot::bootSpark(Object(Config\Paths))
WARNING - 2026-10-06 12:45:30 --> [DEPRECATED] Creation of dynamic property App\Models\FMS_Dispatch_Model::$cuser is deprecated in APPPATH\Models\FMS_Dispatch_Model.php on line 14.
 1 SYSTEMPATH\Config\Factories.php(235): App\Models\FMS_Dispatch_Model->__construct(null)
 2 SYSTEMPATH\Config\Factories.php(169): CodeIgniter\Config\Factories::createInstance('models', 'App\\Models\\FMS_Dispatch_Model', [...])
 3 SYSTEMPATH\Common.php(804): CodeIgniter\Config\Factories::__callStatic('models', [...])
 4 APPPATH\Commands\EdgeTest.php(53): model('App\\Models\\FMS_Dispatch_Model')
 5 APPPATH\Commands\EdgeTest.php(80): App\Commands\EdgeTest->m('FMS_Dispatch_Model', [...])
 6 APPPATH\Commands\EdgeTest.php(130): App\Commands\EdgeTest->build('EDGE-A', [...])
 7 SYSTEMPATH\CLI\Commands.php(70): App\Commands\EdgeTest->run([...])
 8 SYSTEMPATH\CLI\Console.php(48): CodeIgniter\CLI\Commands->run('test:edge', [...])
 9 SYSTEMPATH\Boot.php(360): CodeIgniter\CLI\Console->run()
10 SYSTEMPATH\Boot.php(104): CodeIgniter\Boot::runCommand(Object(CodeIgniter\CLI\Console))
11 ROOTPATH\spark(84): CodeIgniter\Boot::bootSpark(Object(Config\Paths))
WARNING - 2026-10-06 12:45:30 --> [DEPRECATED] Creation of dynamic property App\Models\FMS_DeliveryReceipt_Model::$session is deprecated in APPPATH\Models\FMS_DeliveryReceipt_Model.php on line 11.
 1 SYSTEMPATH\Config\Factories.php(235): App\Models\FMS_DeliveryReceipt_Model->__construct(null)
 2 SYSTEMPATH\Config\Factories.php(169): CodeIgniter\Config\Factories::createInstance('models', 'App\\Models\\FMS_DeliveryReceipt_Model', [...])
 3 SYSTEMPATH\Common.php(804): CodeIgniter\Config\Factories::__callStatic('models', [...])
 4 APPPATH\Commands\EdgeTest.php(53): model('App\\Models\\FMS_DeliveryReceipt_Model')
 5 APPPATH\Commands\EdgeTest.php(101): App\Commands\EdgeTest->m('FMS_DeliveryReceipt_Model', [...])
 6 APPPATH\Commands\EdgeTest.php(133): App\Commands\EdgeTest->makeDR('60', 52, 8, 'DELIVERED')
 7 SYSTEMPATH\CLI\Commands.php(70): App\Commands\EdgeTest->run([...])
 8 SYSTEMPATH\CLI\Console.php(48): CodeIgniter\CLI\Commands->run('test:edge', [...])
 9 SYSTEMPATH\Boot.php(360): CodeIgniter\CLI\Console->run()
10 SYSTEMPATH\Boot.php(104): CodeIgniter\Boot::runCommand(Object(CodeIgniter\CLI\Console))
11 ROOTPATH\spark(84): CodeIgniter\Boot::bootSpark(Object(Config\Paths))
WARNING - 2026-10-06 12:45:30 --> [DEPRECATED] Creation of dynamic property App\Models\FMS_DeliveryReceipt_Model::$request is deprecated in APPPATH\Models\FMS_DeliveryReceipt_Model.php on line 12.
 1 SYSTEMPATH\Config\Factories.php(235): App\Models\FMS_DeliveryReceipt_Model->__construct(null)
 2 SYSTEMPATH\Config\Factories.php(169): CodeIgniter\Config\Factories::createInstance('models', 'App\\Models\\FMS_DeliveryReceipt_Model', [...])
 3 SYSTEMPATH\Common.php(804): CodeIgniter\Config\Factories::__callStatic('models', [...])
 4 APPPATH\Commands\EdgeTest.php(53): model('App\\Models\\FMS_DeliveryReceipt_Model')
 5 APPPATH\Commands\EdgeTest.php(101): App\Commands\EdgeTest->m('FMS_DeliveryReceipt_Model', [...])
 6 APPPATH\Commands\EdgeTest.php(133): App\Commands\EdgeTest->makeDR('60', 52, 8, 'DELIVERED')
 7 SYSTEMPATH\CLI\Commands.php(70): App\Commands\EdgeTest->run([...])
 8 SYSTEMPATH\CLI\Console.php(48): CodeIgniter\CLI\Commands->run('test:edge', [...])
 9 SYSTEMPATH\Boot.php(360): CodeIgniter\CLI\Console->run()
10 SYSTEMPATH\Boot.php(104): CodeIgniter\Boot::runCommand(Object(CodeIgniter\CLI\Console))
11 ROOTPATH\spark(84): CodeIgniter\Boot::bootSpark(Object(Config\Paths))
WARNING - 2026-10-06 12:45:30 --> [DEPRECATED] Creation of dynamic property App\Models\FMS_DeliveryReceipt_Model::$cuser is deprecated in APPPATH\Models\FMS_DeliveryReceipt_Model.php on line 14.
 1 SYSTEMPATH\Config\Factories.php(235): App\Models\FMS_DeliveryReceipt_Model->__construct(null)
 2 SYSTEMPATH\Config\Factories.php(169): CodeIgniter\Config\Factories::createInstance('models', 'App\\Models\\FMS_DeliveryReceipt_Model', [...])
 3 SYSTEMPATH\Common.php(804): CodeIgniter\Config\Factories::__callStatic('models', [...])
 4 APPPATH\Commands\EdgeTest.php(53): model('App\\Models\\FMS_DeliveryReceipt_Model')
 5 APPPATH\Commands\EdgeTest.php(101): App\Commands\EdgeTest->m('FMS_DeliveryReceipt_Model', [...])
 6 APPPATH\Commands\EdgeTest.php(133): App\Commands\EdgeTest->makeDR('60', 52, 8, 'DELIVERED')
 7 SYSTEMPATH\CLI\Commands.php(70): App\Commands\EdgeTest->run([...])
 8 SYSTEMPATH\CLI\Console.php(48): CodeIgniter\CLI\Commands->run('test:edge', [...])
 9 SYSTEMPATH\Boot.php(360): CodeIgniter\CLI\Console->run()
10 SYSTEMPATH\Boot.php(104): CodeIgniter\Boot::runCommand(Object(CodeIgniter\CLI\Console))
11 ROOTPATH\spark(84): CodeIgniter\Boot::bootSpark(Object(Config\Paths))
WARNING - 2026-10-06 12:45:30 --> [DEPRECATED] Creation of dynamic property App\Models\FMS_Billing_Model::$session is deprecated in APPPATH\Models\FMS_Billing_Model.php on line 11.
 1 SYSTEMPATH\Config\Factories.php(235): App\Models\FMS_Billing_Model->__construct(null)
 2 SYSTEMPATH\Config\Factories.php(169): CodeIgniter\Config\Factories::createInstance('models', 'App\\Models\\FMS_Billing_Model', [...])
 3 SYSTEMPATH\Common.php(804): CodeIgniter\Config\Factories::__callStatic('models', [...])
 4 APPPATH\Commands\EdgeTest.php(53): model('App\\Models\\FMS_Billing_Model')
 5 APPPATH\Commands\EdgeTest.php(122): App\Commands\EdgeTest->m('FMS_Billing_Model')
 6 APPPATH\Commands\EdgeTest.php(136): App\Commands\EdgeTest->App\Commands\{closure}()
 7 SYSTEMPATH\CLI\Commands.php(70): App\Commands\EdgeTest->run([...])
 8 SYSTEMPATH\CLI\Console.php(48): CodeIgniter\CLI\Commands->run('test:edge', [...])
 9 SYSTEMPATH\Boot.php(360): CodeIgniter\CLI\Console->run()
10 SYSTEMPATH\Boot.php(104): CodeIgniter\Boot::runCommand(Object(CodeIgniter\CLI\Console))
11 ROOTPATH\spark(84): CodeIgniter\Boot::bootSpark(Object(Config\Paths))
WARNING - 2026-10-06 12:45:30 --> [DEPRECATED] Creation of dynamic property App\Models\FMS_Billing_Model::$request is deprecated in APPPATH\Models\FMS_Billing_Model.php on line 12.
 1 SYSTEMPATH\Config\Factories.php(235): App\Models\FMS_Billing_Model->__construct(null)
 2 SYSTEMPATH\Config\Factories.php(169): CodeIgniter\Config\Factories::createInstance('models', 'App\\Models\\FMS_Billing_Model', [...])
 3 SYSTEMPATH\Common.php(804): CodeIgniter\Config\Factories::__callStatic('models', [...])
 4 APPPATH\Commands\EdgeTest.php(53): model('App\\Models\\FMS_Billing_Model')
 5 APPPATH\Commands\EdgeTest.php(122): App\Commands\EdgeTest->m('FMS_Billing_Model')
 6 APPPATH\Commands\EdgeTest.php(136): App\Commands\EdgeTest->App\Commands\{closure}()
 7 SYSTEMPATH\CLI\Commands.php(70): App\Commands\EdgeTest->run([...])
 8 SYSTEMPATH\CLI\Console.php(48): CodeIgniter\CLI\Commands->run('test:edge', [...])
 9 SYSTEMPATH\Boot.php(360): CodeIgniter\CLI\Console->run()
10 SYSTEMPATH\Boot.php(104): CodeIgniter\Boot::runCommand(Object(CodeIgniter\CLI\Console))
11 ROOTPATH\spark(84): CodeIgniter\Boot::bootSpark(Object(Config\Paths))
WARNING - 2026-10-06 12:45:30 --> [DEPRECATED] Creation of dynamic property App\Models\FMS_Billing_Model::$cuser is deprecated in APPPATH\Models\FMS_Billing_Model.php on line 14.
 1 SYSTEMPATH\Config\Factories.php(235): App\Models\FMS_Billing_Model->__construct(null)
 2 SYSTEMPATH\Config\Factories.php(169): CodeIgniter\Config\Factories::createInstance('models', 'App\\Models\\FMS_Billing_Model', [...])
 3 SYSTEMPATH\Common.php(804): CodeIgniter\Config\Factories::__callStatic('models', [...])
 4 APPPATH\Commands\EdgeTest.php(53): model('App\\Models\\FMS_Billing_Model')
 5 APPPATH\Commands\EdgeTest.php(122): App\Commands\EdgeTest->m('FMS_Billing_Model')
 6 APPPATH\Commands\EdgeTest.php(136): App\Commands\EdgeTest->App\Commands\{closure}()
 7 SYSTEMPATH\CLI\Commands.php(70): App\Commands\EdgeTest->run([...])
 8 SYSTEMPATH\CLI\Console.php(48): CodeIgniter\CLI\Commands->run('test:edge', [...])
 9 SYSTEMPATH\Boot.php(360): CodeIgniter\CLI\Console->run()
10 SYSTEMPATH\Boot.php(104): CodeIgniter\Boot::runCommand(Object(CodeIgniter\CLI\Console))
11 ROOTPATH\spark(84): CodeIgniter\Boot::bootSpark(Object(Config\Paths))
WARNING - 2026-10-06 12:45:30 --> [DEPRECATED] Creation of dynamic property App\Models\FMS_Invoice_Model::$session is deprecated in APPPATH\Models\FMS_Invoice_Model.php on line 11.
 1 SYSTEMPATH\Config\Factories.php(235): App\Models\FMS_Invoice_Model->__construct(null)
 2 SYSTEMPATH\Config\Factories.php(169): CodeIgniter\Config\Factories::createInstance('models', 'App\\Models\\FMS_Invoice_Model', [...])
 3 SYSTEMPATH\Common.php(804): CodeIgniter\Config\Factories::__callStatic('models', [...])
 4 APPPATH\Commands\EdgeTest.php(53): model('App\\Models\\FMS_Invoice_Model')
 5 APPPATH\Commands\EdgeTest.php(180): App\Commands\EdgeTest->m('FMS_Invoice_Model', [...])
 6 SYSTEMPATH\CLI\Commands.php(70): App\Commands\EdgeTest->run([...])
 7 SYSTEMPATH\CLI\Console.php(48): CodeIgniter\CLI\Commands->run('test:edge', [...])
 8 SYSTEMPATH\Boot.php(360): CodeIgniter\CLI\Console->run()
 9 SYSTEMPATH\Boot.php(104): CodeIgniter\Boot::runCommand(Object(CodeIgniter\CLI\Console))
10 ROOTPATH\spark(84): CodeIgniter\Boot::bootSpark(Object(Config\Paths))
WARNING - 2026-10-06 12:45:30 --> [DEPRECATED] Creation of dynamic property App\Models\FMS_Invoice_Model::$request is deprecated in APPPATH\Models\FMS_Invoice_Model.php on line 12.
 1 SYSTEMPATH\Config\Factories.php(235): App\Models\FMS_Invoice_Model->__construct(null)
 2 SYSTEMPATH\Config\Factories.php(169): CodeIgniter\Config\Factories::createInstance('models', 'App\\Models\\FMS_Invoice_Model', [...])
 3 SYSTEMPATH\Common.php(804): CodeIgniter\Config\Factories::__callStatic('models', [...])
 4 APPPATH\Commands\EdgeTest.php(53): model('App\\Models\\FMS_Invoice_Model')
 5 APPPATH\Commands\EdgeTest.php(180): App\Commands\EdgeTest->m('FMS_Invoice_Model', [...])
 6 SYSTEMPATH\CLI\Commands.php(70): App\Commands\EdgeTest->run([...])
 7 SYSTEMPATH\CLI\Console.php(48): CodeIgniter\CLI\Commands->run('test:edge', [...])
 8 SYSTEMPATH\Boot.php(360): CodeIgniter\CLI\Console->run()
 9 SYSTEMPATH\Boot.php(104): CodeIgniter\Boot::runCommand(Object(CodeIgniter\CLI\Console))
10 ROOTPATH\spark(84): CodeIgniter\Boot::bootSpark(Object(Config\Paths))
WARNING - 2026-10-06 12:45:30 --> [DEPRECATED] Creation of dynamic property App\Models\FMS_Invoice_Model::$cuser is deprecated in APPPATH\Models\FMS_Invoice_Model.php on line 14.
 1 SYSTEMPATH\Config\Factories.php(235): App\Models\FMS_Invoice_Model->__construct(null)
 2 SYSTEMPATH\Config\Factories.php(169): CodeIgniter\Config\Factories::createInstance('models', 'App\\Models\\FMS_Invoice_Model', [...])
 3 SYSTEMPATH\Common.php(804): CodeIgniter\Config\Factories::__callStatic('models', [...])
 4 APPPATH\Commands\EdgeTest.php(53): model('App\\Models\\FMS_Invoice_Model')
 5 APPPATH\Commands\EdgeTest.php(180): App\Commands\EdgeTest->m('FMS_Invoice_Model', [...])
 6 SYSTEMPATH\CLI\Commands.php(70): App\Commands\EdgeTest->run([...])
 7 SYSTEMPATH\CLI\Console.php(48): CodeIgniter\CLI\Commands->run('test:edge', [...])
 8 SYSTEMPATH\Boot.php(360): CodeIgniter\CLI\Console->run()
 9 SYSTEMPATH\Boot.php(104): CodeIgniter\Boot::runCommand(Object(CodeIgniter\CLI\Console))
10 ROOTPATH\spark(84): CodeIgniter\Boot::bootSpark(Object(Config\Paths))
WARNING - 2026-10-06 12:45:30 --> [DEPRECATED] Creation of dynamic property App\Models\FMS_AR_Model::$session is deprecated in APPPATH\Models\FMS_AR_Model.php on line 11.
 1 SYSTEMPATH\Config\Factories.php(235): App\Models\FMS_AR_Model->__construct(null)
 2 SYSTEMPATH\Config\Factories.php(169): CodeIgniter\Config\Factories::createInstance('models', 'App\\Models\\FMS_AR_Model', [...])
 3 SYSTEMPATH\Common.php(804): CodeIgniter\Config\Factories::__callStatic('models', [...])
 4 APPPATH\Commands\EdgeTest.php(53): model('App\\Models\\FMS_AR_Model')
 5 APPPATH\Commands\EdgeTest.php(189): App\Commands\EdgeTest->m('FMS_AR_Model')
 6 SYSTEMPATH\CLI\Commands.php(70): App\Commands\EdgeTest->run([...])
 7 SYSTEMPATH\CLI\Console.php(48): CodeIgniter\CLI\Commands->run('test:edge', [...])
 8 SYSTEMPATH\Boot.php(360): CodeIgniter\CLI\Console->run()
 9 SYSTEMPATH\Boot.php(104): CodeIgniter\Boot::runCommand(Object(CodeIgniter\CLI\Console))
10 ROOTPATH\spark(84): CodeIgniter\Boot::bootSpark(Object(Config\Paths))
WARNING - 2026-10-06 12:45:30 --> [DEPRECATED] Creation of dynamic property App\Models\FMS_AR_Model::$request is deprecated in APPPATH\Models\FMS_AR_Model.php on line 12.
 1 SYSTEMPATH\Config\Factories.php(235): App\Models\FMS_AR_Model->__construct(null)
 2 SYSTEMPATH\Config\Factories.php(169): CodeIgniter\Config\Factories::createInstance('models', 'App\\Models\\FMS_AR_Model', [...])
 3 SYSTEMPATH\Common.php(804): CodeIgniter\Config\Factories::__callStatic('models', [...])
 4 APPPATH\Commands\EdgeTest.php(53): model('App\\Models\\FMS_AR_Model')
 5 APPPATH\Commands\EdgeTest.php(189): App\Commands\EdgeTest->m('FMS_AR_Model')
 6 SYSTEMPATH\CLI\Commands.php(70): App\Commands\EdgeTest->run([...])
 7 SYSTEMPATH\CLI\Console.php(48): CodeIgniter\CLI\Commands->run('test:edge', [...])
 8 SYSTEMPATH\Boot.php(360): CodeIgniter\CLI\Console->run()
 9 SYSTEMPATH\Boot.php(104): CodeIgniter\Boot::runCommand(Object(CodeIgniter\CLI\Console))
10 ROOTPATH\spark(84): CodeIgniter\Boot::bootSpark(Object(Config\Paths))
WARNING - 2026-10-06 12:45:30 --> [DEPRECATED] Creation of dynamic property App\Models\FMS_AR_Model::$cuser is deprecated in APPPATH\Models\FMS_AR_Model.php on line 14.
 1 SYSTEMPATH\Config\Factories.php(235): App\Models\FMS_AR_Model->__construct(null)
 2 SYSTEMPATH\Config\Factories.php(169): CodeIgniter\Config\Factories::createInstance('models', 'App\\Models\\FMS_AR_Model', [...])
 3 SYSTEMPATH\Common.php(804): CodeIgniter\Config\Factories::__callStatic('models', [...])
 4 APPPATH\Commands\EdgeTest.php(53): model('App\\Models\\FMS_AR_Model')
 5 APPPATH\Commands\EdgeTest.php(189): App\Commands\EdgeTest->m('FMS_AR_Model')
 6 SYSTEMPATH\CLI\Commands.php(70): App\Commands\EdgeTest->run([...])
 7 SYSTEMPATH\CLI\Console.php(48): CodeIgniter\CLI\Commands->run('test:edge', [...])
 8 SYSTEMPATH\Boot.php(360): CodeIgniter\CLI\Console->run()
 9 SYSTEMPATH\Boot.php(104): CodeIgniter\Boot::runCommand(Object(CodeIgniter\CLI\Console))
10 ROOTPATH\spark(84): CodeIgniter\Boot::bootSpark(Object(Config\Paths))
WARNING - 2026-10-06 12:45:30 --> [DEPRECATED] Creation of dynamic property App\Models\FMS_Payment_Model::$session is deprecated in APPPATH\Models\FMS_Payment_Model.php on line 11.
 1 SYSTEMPATH\Config\Factories.php(235): App\Models\FMS_Payment_Model->__construct(null)
 2 SYSTEMPATH\Config\Factories.php(169): CodeIgniter\Config\Factories::createInstance('models', 'App\\Models\\FMS_Payment_Model', [...])
 3 SYSTEMPATH\Common.php(804): CodeIgniter\Config\Factories::__callStatic('models', [...])
 4 APPPATH\Commands\EdgeTest.php(53): model('App\\Models\\FMS_Payment_Model')
 5 APPPATH\Commands\EdgeTest.php(192): App\Commands\EdgeTest->m('FMS_Payment_Model', [...])
 6 SYSTEMPATH\CLI\Commands.php(70): App\Commands\EdgeTest->run([...])
 7 SYSTEMPATH\CLI\Console.php(48): CodeIgniter\CLI\Commands->run('test:edge', [...])
 8 SYSTEMPATH\Boot.php(360): CodeIgniter\CLI\Console->run()
 9 SYSTEMPATH\Boot.php(104): CodeIgniter\Boot::runCommand(Object(CodeIgniter\CLI\Console))
10 ROOTPATH\spark(84): CodeIgniter\Boot::bootSpark(Object(Config\Paths))
WARNING - 2026-10-06 12:45:30 --> [DEPRECATED] Creation of dynamic property App\Models\FMS_Payment_Model::$request is deprecated in APPPATH\Models\FMS_Payment_Model.php on line 12.
 1 SYSTEMPATH\Config\Factories.php(235): App\Models\FMS_Payment_Model->__construct(null)
 2 SYSTEMPATH\Config\Factories.php(169): CodeIgniter\Config\Factories::createInstance('models', 'App\\Models\\FMS_Payment_Model', [...])
 3 SYSTEMPATH\Common.php(804): CodeIgniter\Config\Factories::__callStatic('models', [...])
 4 APPPATH\Commands\EdgeTest.php(53): model('App\\Models\\FMS_Payment_Model')
 5 APPPATH\Commands\EdgeTest.php(192): App\Commands\EdgeTest->m('FMS_Payment_Model', [...])
 6 SYSTEMPATH\CLI\Commands.php(70): App\Commands\EdgeTest->run([...])
 7 SYSTEMPATH\CLI\Console.php(48): CodeIgniter\CLI\Commands->run('test:edge', [...])
 8 SYSTEMPATH\Boot.php(360): CodeIgniter\CLI\Console->run()
 9 SYSTEMPATH\Boot.php(104): CodeIgniter\Boot::runCommand(Object(CodeIgniter\CLI\Console))
10 ROOTPATH\spark(84): CodeIgniter\Boot::bootSpark(Object(Config\Paths))
WARNING - 2026-10-06 12:45:30 --> [DEPRECATED] Creation of dynamic property App\Models\FMS_Payment_Model::$cuser is deprecated in APPPATH\Models\FMS_Payment_Model.php on line 14.
 1 SYSTEMPATH\Config\Factories.php(235): App\Models\FMS_Payment_Model->__construct(null)
 2 SYSTEMPATH\Config\Factories.php(169): CodeIgniter\Config\Factories::createInstance('models', 'App\\Models\\FMS_Payment_Model', [...])
 3 SYSTEMPATH\Common.php(804): CodeIgniter\Config\Factories::__callStatic('models', [...])
 4 APPPATH\Commands\EdgeTest.php(53): model('App\\Models\\FMS_Payment_Model')
 5 APPPATH\Commands\EdgeTest.php(192): App\Commands\EdgeTest->m('FMS_Payment_Model', [...])
 6 SYSTEMPATH\CLI\Commands.php(70): App\Commands\EdgeTest->run([...])
 7 SYSTEMPATH\CLI\Console.php(48): CodeIgniter\CLI\Commands->run('test:edge', [...])
 8 SYSTEMPATH\Boot.php(360): CodeIgniter\CLI\Console->run()
 9 SYSTEMPATH\Boot.php(104): CodeIgniter\Boot::runCommand(Object(CodeIgniter\CLI\Console))
10 ROOTPATH\spark(84): CodeIgniter\Boot::bootSpark(Object(Config\Paths))
DEBUG - 2026-10-06 12:53:58 --> Session: Initialization under CLI aborted.
WARNING - 2026-10-06 12:53:58 --> [DEPRECATED] Creation of dynamic property App\Models\FMS_Trip_Model::$session is deprecated in APPPATH\Models\FMS_Trip_Model.php on line 11.
 1 SYSTEMPATH\Config\Factories.php(235): App\Models\FMS_Trip_Model->__construct(null)
 2 SYSTEMPATH\Config\Factories.php(169): CodeIgniter\Config\Factories::createInstance('models', 'App\\Models\\FMS_Trip_Model', [...])
 3 SYSTEMPATH\Common.php(804): CodeIgniter\Config\Factories::__callStatic('models', [...])
 4 APPPATH\Controllers\FMS_Trip.php(12): model('App\\Models\\FMS_Trip_Model')
 5 APPPATH\Commands\DumpPage.php(24): App\Controllers\FMS_Trip->__construct()
 6 SYSTEMPATH\CLI\Commands.php(70): App\Commands\DumpPage->run([...])
 7 SYSTEMPATH\CLI\Console.php(48): CodeIgniter\CLI\Commands->run('test:dump', [...])
 8 SYSTEMPATH\Boot.php(360): CodeIgniter\CLI\Console->run()
 9 SYSTEMPATH\Boot.php(104): CodeIgniter\Boot::runCommand(Object(CodeIgniter\CLI\Console))
10 ROOTPATH\spark(84): CodeIgniter\Boot::bootSpark(Object(Config\Paths))
WARNING - 2026-10-06 12:53:58 --> [DEPRECATED] Creation of dynamic property App\Models\FMS_Trip_Model::$request is deprecated in APPPATH\Models\FMS_Trip_Model.php on line 12.
 1 SYSTEMPATH\Config\Factories.php(235): App\Models\FMS_Trip_Model->__construct(null)
 2 SYSTEMPATH\Config\Factories.php(169): CodeIgniter\Config\Factories::createInstance('models', 'App\\Models\\FMS_Trip_Model', [...])
 3 SYSTEMPATH\Common.php(804): CodeIgniter\Config\Factories::__callStatic('models', [...])
 4 APPPATH\Controllers\FMS_Trip.php(12): model('App\\Models\\FMS_Trip_Model')
 5 APPPATH\Commands\DumpPage.php(24): App\Controllers\FMS_Trip->__construct()
 6 SYSTEMPATH\CLI\Commands.php(70): App\Commands\DumpPage->run([...])
 7 SYSTEMPATH\CLI\Console.php(48): CodeIgniter\CLI\Commands->run('test:dump', [...])
 8 SYSTEMPATH\Boot.php(360): CodeIgniter\CLI\Console->run()
 9 SYSTEMPATH\Boot.php(104): CodeIgniter\Boot::runCommand(Object(CodeIgniter\CLI\Console))
10 ROOTPATH\spark(84): CodeIgniter\Boot::bootSpark(Object(Config\Paths))
WARNING - 2026-10-06 12:53:58 --> [DEPRECATED] Creation of dynamic property App\Models\FMS_Trip_Model::$cuser is deprecated in APPPATH\Models\FMS_Trip_Model.php on line 14.
 1 SYSTEMPATH\Config\Factories.php(235): App\Models\FMS_Trip_Model->__construct(null)
 2 SYSTEMPATH\Config\Factories.php(169): CodeIgniter\Config\Factories::createInstance('models', 'App\\Models\\FMS_Trip_Model', [...])
 3 SYSTEMPATH\Common.php(804): CodeIgniter\Config\Factories::__callStatic('models', [...])
 4 APPPATH\Controllers\FMS_Trip.php(12): model('App\\Models\\FMS_Trip_Model')
 5 APPPATH\Commands\DumpPage.php(24): App\Controllers\FMS_Trip->__construct()
 6 SYSTEMPATH\CLI\Commands.php(70): App\Commands\DumpPage->run([...])
 7 SYSTEMPATH\CLI\Console.php(48): CodeIgniter\CLI\Commands->run('test:dump', [...])
 8 SYSTEMPATH\Boot.php(360): CodeIgniter\CLI\Console->run()
 9 SYSTEMPATH\Boot.php(104): CodeIgniter\Boot::runCommand(Object(CodeIgniter\CLI\Console))
10 ROOTPATH\spark(84): CodeIgniter\Boot::bootSpark(Object(Config\Paths))
WARNING - 2026-10-06 12:53:58 --> [DEPRECATED] Creation of dynamic property App\Controllers\FMS_Trip::$tripModel is deprecated in APPPATH\Controllers\FMS_Trip.php on line 12.
 1 APPPATH\Commands\DumpPage.php(24): App\Controllers\FMS_Trip->__construct()
 2 SYSTEMPATH\CLI\Commands.php(70): App\Commands\DumpPage->run([...])
 3 SYSTEMPATH\CLI\Console.php(48): CodeIgniter\CLI\Commands->run('test:dump', [...])
 4 SYSTEMPATH\Boot.php(360): CodeIgniter\CLI\Console->run()
 5 SYSTEMPATH\Boot.php(104): CodeIgniter\Boot::runCommand(Object(CodeIgniter\CLI\Console))
 6 ROOTPATH\spark(84): CodeIgniter\Boot::bootSpark(Object(Config\Paths))
WARNING - 2026-10-06 12:53:58 --> [DEPRECATED] Creation of dynamic property App\Controllers\FMS_Trip::$db is deprecated in APPPATH\Controllers\FMS_Trip.php on line 13.
 1 APPPATH\Commands\DumpPage.php(24): App\Controllers\FMS_Trip->__construct()
 2 SYSTEMPATH\CLI\Commands.php(70): App\Commands\DumpPage->run([...])
 3 SYSTEMPATH\CLI\Console.php(48): CodeIgniter\CLI\Commands->run('test:dump', [...])
 4 SYSTEMPATH\Boot.php(360): CodeIgniter\CLI\Console->run()
 5 SYSTEMPATH\Boot.php(104): CodeIgniter\Boot::runCommand(Object(CodeIgniter\CLI\Console))
 6 ROOTPATH\spark(84): CodeIgniter\Boot::bootSpark(Object(Config\Paths))
WARNING - 2026-10-06 12:53:58 --> [DEPRECATED] Creation of dynamic property App\Controllers\FMS_Trip::$session is deprecated in APPPATH\Controllers\FMS_Trip.php on line 14.
 1 APPPATH\Commands\DumpPage.php(24): App\Controllers\FMS_Trip->__construct()
 2 SYSTEMPATH\CLI\Commands.php(70): App\Commands\DumpPage->run([...])
 3 SYSTEMPATH\CLI\Console.php(48): CodeIgniter\CLI\Commands->run('test:dump', [...])
 4 SYSTEMPATH\Boot.php(360): CodeIgniter\CLI\Console->run()
 5 SYSTEMPATH\Boot.php(104): CodeIgniter\Boot::runCommand(Object(CodeIgniter\CLI\Console))
 6 ROOTPATH\spark(84): CodeIgniter\Boot::bootSpark(Object(Config\Paths))
WARNING - 2026-10-06 12:53:58 --> [DEPRECATED] Creation of dynamic property App\Controllers\FMS_Trip::$cuser is deprecated in APPPATH\Controllers\FMS_Trip.php on line 15.
 1 APPPATH\Commands\DumpPage.php(24): App\Controllers\FMS_Trip->__construct()
 2 SYSTEMPATH\CLI\Commands.php(70): App\Commands\DumpPage->run([...])
 3 SYSTEMPATH\CLI\Console.php(48): CodeIgniter\CLI\Commands->run('test:dump', [...])
 4 SYSTEMPATH\Boot.php(360): CodeIgniter\CLI\Console->run()
 5 SYSTEMPATH\Boot.php(104): CodeIgniter\Boot::runCommand(Object(CodeIgniter\CLI\Console))
 6 ROOTPATH\spark(84): CodeIgniter\Boot::bootSpark(Object(Config\Paths))
WARNING - 2026-10-06 12:53:58 --> [DEPRECATED] Creation of dynamic property CodeIgniter\View\View::$request is deprecated in APPPATH\Views\fms\trip\trip-main.php on line 2.
 1 SYSTEMPATH\View\View.php(224): include('C:\\xampp\\htdocs\\larga-fms\\app\\Views\\fms\\trip\\trip-main.php')
 2 SYSTEMPATH\View\View.php(227): CodeIgniter\View\View->CodeIgniter\View\{closure}()
 3 SYSTEMPATH\Common.php(1173): CodeIgniter\View\View->render('fms/trip/trip-main', [], true)
 4 APPPATH\Controllers\FMS_Trip.php(30): view('fms/trip/trip-main')
 5 APPPATH\Commands\DumpPage.php(27): App\Controllers\FMS_Trip->index()
 6 SYSTEMPATH\CLI\Commands.php(70): App\Commands\DumpPage->run([...])
 7 SYSTEMPATH\CLI\Console.php(48): CodeIgniter\CLI\Commands->run('test:dump', [...])
 8 SYSTEMPATH\Boot.php(360): CodeIgniter\CLI\Console->run()
 9 SYSTEMPATH\Boot.php(104): CodeIgniter\Boot::runCommand(Object(CodeIgniter\CLI\Console))
10 ROOTPATH\spark(84): CodeIgniter\Boot::bootSpark(Object(Config\Paths))
WARNING - 2026-10-06 12:53:58 --> [DEPRECATED] Creation of dynamic property CodeIgniter\View\View::$db is deprecated in APPPATH\Views\fms\trip\trip-main.php on line 3.
 1 SYSTEMPATH\View\View.php(224): include('C:\\xampp\\htdocs\\larga-fms\\app\\Views\\fms\\trip\\trip-main.php')
 2 SYSTEMPATH\View\View.php(227): CodeIgniter\View\View->CodeIgniter\View\{closure}()
 3 SYSTEMPATH\Common.php(1173): CodeIgniter\View\View->render('fms/trip/trip-main', [], true)
 4 APPPATH\Controllers\FMS_Trip.php(30): view('fms/trip/trip-main')
 5 APPPATH\Commands\DumpPage.php(27): App\Controllers\FMS_Trip->index()
 6 SYSTEMPATH\CLI\Commands.php(70): App\Commands\DumpPage->run([...])
 7 SYSTEMPATH\CLI\Console.php(48): CodeIgniter\CLI\Commands->run('test:dump', [...])
 8 SYSTEMPATH\Boot.php(360): CodeIgniter\CLI\Console->run()
 9 SYSTEMPATH\Boot.php(104): CodeIgniter\Boot::runCommand(Object(CodeIgniter\CLI\Console))
10 ROOTPATH\spark(84): CodeIgniter\Boot::bootSpark(Object(Config\Paths))
WARNING - 2026-10-06 12:53:58 --> [DEPRECATED] Creation of dynamic property CodeIgniter\View\View::$session is deprecated in APPPATH\Views\templates\myheader.php on line 4.
 1 SYSTEMPATH\View\View.php(224): include('C:\\xampp\\htdocs\\larga-fms\\app\\Views\\templates\\myheader.php')
 2 SYSTEMPATH\View\View.php(227): CodeIgniter\View\View->CodeIgniter\View\{closure}()
 3 SYSTEMPATH\Common.php(1173): CodeIgniter\View\View->render('templates/myheader.php', [], true)
 4 APPPATH\Views\fms\trip\trip-main.php(26): view('templates/myheader.php')
 5 SYSTEMPATH\View\View.php(224): include('C:\\xampp\\htdocs\\larga-fms\\app\\Views\\fms\\trip\\trip-main.php')
 6 SYSTEMPATH\View\View.php(227): CodeIgniter\View\View->CodeIgniter\View\{closure}()
 7 SYSTEMPATH\Common.php(1173): CodeIgniter\View\View->render('fms/trip/trip-main', [], true)
 8 APPPATH\Controllers\FMS_Trip.php(30): view('fms/trip/trip-main')
 9 APPPATH\Commands\DumpPage.php(27): App\Controllers\FMS_Trip->index()
10 SYSTEMPATH\CLI\Commands.php(70): App\Commands\DumpPage->run([...])
11 SYSTEMPATH\CLI\Console.php(48): CodeIgniter\CLI\Commands->run('test:dump', [...])
12 SYSTEMPATH\Boot.php(360): CodeIgniter\CLI\Console->run()
13 SYSTEMPATH\Boot.php(104): CodeIgniter\Boot::runCommand(Object(CodeIgniter\CLI\Console))
14 ROOTPATH\spark(84): CodeIgniter\Boot::bootSpark(Object(Config\Paths))
WARNING - 2026-10-06 12:53:58 --> [DEPRECATED] Creation of dynamic property CodeIgniter\View\View::$cuser is deprecated in APPPATH\Views\templates\myheader.php on line 5.
 1 SYSTEMPATH\View\View.php(224): include('C:\\xampp\\htdocs\\larga-fms\\app\\Views\\templates\\myheader.php')
 2 SYSTEMPATH\View\View.php(227): CodeIgniter\View\View->CodeIgniter\View\{closure}()
 3 SYSTEMPATH\Common.php(1173): CodeIgniter\View\View->render('templates/myheader.php', [], true)
 4 APPPATH\Views\fms\trip\trip-main.php(26): view('templates/myheader.php')
 5 SYSTEMPATH\View\View.php(224): include('C:\\xampp\\htdocs\\larga-fms\\app\\Views\\fms\\trip\\trip-main.php')
 6 SYSTEMPATH\View\View.php(227): CodeIgniter\View\View->CodeIgniter\View\{closure}()
 7 SYSTEMPATH\Common.php(1173): CodeIgniter\View\View->render('fms/trip/trip-main', [], true)
 8 APPPATH\Controllers\FMS_Trip.php(30): view('fms/trip/trip-main')
 9 APPPATH\Commands\DumpPage.php(27): App\Controllers\FMS_Trip->index()
10 SYSTEMPATH\CLI\Commands.php(70): App\Commands\DumpPage->run([...])
11 SYSTEMPATH\CLI\Console.php(48): CodeIgniter\CLI\Commands->run('test:dump', [...])
12 SYSTEMPATH\Boot.php(360): CodeIgniter\CLI\Console->run()
13 SYSTEMPATH\Boot.php(104): CodeIgniter\Boot::runCommand(Object(CodeIgniter\CLI\Console))
14 ROOTPATH\spark(84): CodeIgniter\Boot::bootSpark(Object(Config\Paths))
DEBUG - 2026-10-06 12:54:03 --> Session: Initialization under CLI aborted.
WARNING - 2026-10-06 12:54:03 --> [DEPRECATED] Creation of dynamic property App\Models\FMS_Trip_Model::$session is deprecated in APPPATH\Models\FMS_Trip_Model.php on line 11.
 1 SYSTEMPATH\Config\Factories.php(235): App\Models\FMS_Trip_Model->__construct(null)
 2 SYSTEMPATH\Config\Factories.php(169): CodeIgniter\Config\Factories::createInstance('models', 'App\\Models\\FMS_Trip_Model', [...])
 3 SYSTEMPATH\Common.php(804): CodeIgniter\Config\Factories::__callStatic('models', [...])
 4 APPPATH\Controllers\FMS_Trip.php(12): model('App\\Models\\FMS_Trip_Model')
 5 APPPATH\Commands\DumpPage.php(24): App\Controllers\FMS_Trip->__construct()
 6 SYSTEMPATH\CLI\Commands.php(70): App\Commands\DumpPage->run([...])
 7 SYSTEMPATH\CLI\Console.php(48): CodeIgniter\CLI\Commands->run('test:dump', [...])
 8 SYSTEMPATH\Boot.php(360): CodeIgniter\CLI\Console->run()
 9 SYSTEMPATH\Boot.php(104): CodeIgniter\Boot::runCommand(Object(CodeIgniter\CLI\Console))
10 ROOTPATH\spark(84): CodeIgniter\Boot::bootSpark(Object(Config\Paths))
WARNING - 2026-10-06 12:54:03 --> [DEPRECATED] Creation of dynamic property App\Models\FMS_Trip_Model::$request is deprecated in APPPATH\Models\FMS_Trip_Model.php on line 12.
 1 SYSTEMPATH\Config\Factories.php(235): App\Models\FMS_Trip_Model->__construct(null)
 2 SYSTEMPATH\Config\Factories.php(169): CodeIgniter\Config\Factories::createInstance('models', 'App\\Models\\FMS_Trip_Model', [...])
 3 SYSTEMPATH\Common.php(804): CodeIgniter\Config\Factories::__callStatic('models', [...])
 4 APPPATH\Controllers\FMS_Trip.php(12): model('App\\Models\\FMS_Trip_Model')
 5 APPPATH\Commands\DumpPage.php(24): App\Controllers\FMS_Trip->__construct()
 6 SYSTEMPATH\CLI\Commands.php(70): App\Commands\DumpPage->run([...])
 7 SYSTEMPATH\CLI\Console.php(48): CodeIgniter\CLI\Commands->run('test:dump', [...])
 8 SYSTEMPATH\Boot.php(360): CodeIgniter\CLI\Console->run()
 9 SYSTEMPATH\Boot.php(104): CodeIgniter\Boot::runCommand(Object(CodeIgniter\CLI\Console))
10 ROOTPATH\spark(84): CodeIgniter\Boot::bootSpark(Object(Config\Paths))
WARNING - 2026-10-06 12:54:03 --> [DEPRECATED] Creation of dynamic property App\Models\FMS_Trip_Model::$cuser is deprecated in APPPATH\Models\FMS_Trip_Model.php on line 14.
 1 SYSTEMPATH\Config\Factories.php(235): App\Models\FMS_Trip_Model->__construct(null)
 2 SYSTEMPATH\Config\Factories.php(169): CodeIgniter\Config\Factories::createInstance('models', 'App\\Models\\FMS_Trip_Model', [...])
 3 SYSTEMPATH\Common.php(804): CodeIgniter\Config\Factories::__callStatic('models', [...])
 4 APPPATH\Controllers\FMS_Trip.php(12): model('App\\Models\\FMS_Trip_Model')
 5 APPPATH\Commands\DumpPage.php(24): App\Controllers\FMS_Trip->__construct()
 6 SYSTEMPATH\CLI\Commands.php(70): App\Commands\DumpPage->run([...])
 7 SYSTEMPATH\CLI\Console.php(48): CodeIgniter\CLI\Commands->run('test:dump', [...])
 8 SYSTEMPATH\Boot.php(360): CodeIgniter\CLI\Console->run()
 9 SYSTEMPATH\Boot.php(104): CodeIgniter\Boot::runCommand(Object(CodeIgniter\CLI\Console))
10 ROOTPATH\spark(84): CodeIgniter\Boot::bootSpark(Object(Config\Paths))
WARNING - 2026-10-06 12:54:03 --> [DEPRECATED] Creation of dynamic property App\Controllers\FMS_Trip::$tripModel is deprecated in APPPATH\Controllers\FMS_Trip.php on line 12.
 1 APPPATH\Commands\DumpPage.php(24): App\Controllers\FMS_Trip->__construct()
 2 SYSTEMPATH\CLI\Commands.php(70): App\Commands\DumpPage->run([...])
 3 SYSTEMPATH\CLI\Console.php(48): CodeIgniter\CLI\Commands->run('test:dump', [...])
 4 SYSTEMPATH\Boot.php(360): CodeIgniter\CLI\Console->run()
 5 SYSTEMPATH\Boot.php(104): CodeIgniter\Boot::runCommand(Object(CodeIgniter\CLI\Console))
 6 ROOTPATH\spark(84): CodeIgniter\Boot::bootSpark(Object(Config\Paths))
WARNING - 2026-10-06 12:54:03 --> [DEPRECATED] Creation of dynamic property App\Controllers\FMS_Trip::$db is deprecated in APPPATH\Controllers\FMS_Trip.php on line 13.
 1 APPPATH\Commands\DumpPage.php(24): App\Controllers\FMS_Trip->__construct()
 2 SYSTEMPATH\CLI\Commands.php(70): App\Commands\DumpPage->run([...])
 3 SYSTEMPATH\CLI\Console.php(48): CodeIgniter\CLI\Commands->run('test:dump', [...])
 4 SYSTEMPATH\Boot.php(360): CodeIgniter\CLI\Console->run()
 5 SYSTEMPATH\Boot.php(104): CodeIgniter\Boot::runCommand(Object(CodeIgniter\CLI\Console))
 6 ROOTPATH\spark(84): CodeIgniter\Boot::bootSpark(Object(Config\Paths))
WARNING - 2026-10-06 12:54:03 --> [DEPRECATED] Creation of dynamic property App\Controllers\FMS_Trip::$session is deprecated in APPPATH\Controllers\FMS_Trip.php on line 14.
 1 APPPATH\Commands\DumpPage.php(24): App\Controllers\FMS_Trip->__construct()
 2 SYSTEMPATH\CLI\Commands.php(70): App\Commands\DumpPage->run([...])
 3 SYSTEMPATH\CLI\Console.php(48): CodeIgniter\CLI\Commands->run('test:dump', [...])
 4 SYSTEMPATH\Boot.php(360): CodeIgniter\CLI\Console->run()
 5 SYSTEMPATH\Boot.php(104): CodeIgniter\Boot::runCommand(Object(CodeIgniter\CLI\Console))
 6 ROOTPATH\spark(84): CodeIgniter\Boot::bootSpark(Object(Config\Paths))
WARNING - 2026-10-06 12:54:03 --> [DEPRECATED] Creation of dynamic property App\Controllers\FMS_Trip::$cuser is deprecated in APPPATH\Controllers\FMS_Trip.php on line 15.
 1 APPPATH\Commands\DumpPage.php(24): App\Controllers\FMS_Trip->__construct()
 2 SYSTEMPATH\CLI\Commands.php(70): App\Commands\DumpPage->run([...])
 3 SYSTEMPATH\CLI\Console.php(48): CodeIgniter\CLI\Commands->run('test:dump', [...])
 4 SYSTEMPATH\Boot.php(360): CodeIgniter\CLI\Console->run()
 5 SYSTEMPATH\Boot.php(104): CodeIgniter\Boot::runCommand(Object(CodeIgniter\CLI\Console))
 6 ROOTPATH\spark(84): CodeIgniter\Boot::bootSpark(Object(Config\Paths))
WARNING - 2026-10-06 12:54:03 --> [DEPRECATED] Creation of dynamic property CodeIgniter\View\View::$request is deprecated in APPPATH\Views\fms\trip\trip-main.php on line 2.
 1 SYSTEMPATH\View\View.php(224): include('C:\\xampp\\htdocs\\larga-fms\\app\\Views\\fms\\trip\\trip-main.php')
 2 SYSTEMPATH\View\View.php(227): CodeIgniter\View\View->CodeIgniter\View\{closure}()
 3 SYSTEMPATH\Common.php(1173): CodeIgniter\View\View->render('fms/trip/trip-main', [], true)
 4 APPPATH\Controllers\FMS_Trip.php(30): view('fms/trip/trip-main')
 5 APPPATH\Commands\DumpPage.php(27): App\Controllers\FMS_Trip->index()
 6 SYSTEMPATH\CLI\Commands.php(70): App\Commands\DumpPage->run([...])
 7 SYSTEMPATH\CLI\Console.php(48): CodeIgniter\CLI\Commands->run('test:dump', [...])
 8 SYSTEMPATH\Boot.php(360): CodeIgniter\CLI\Console->run()
 9 SYSTEMPATH\Boot.php(104): CodeIgniter\Boot::runCommand(Object(CodeIgniter\CLI\Console))
10 ROOTPATH\spark(84): CodeIgniter\Boot::bootSpark(Object(Config\Paths))
WARNING - 2026-10-06 12:54:03 --> [DEPRECATED] Creation of dynamic property CodeIgniter\View\View::$db is deprecated in APPPATH\Views\fms\trip\trip-main.php on line 3.
 1 SYSTEMPATH\View\View.php(224): include('C:\\xampp\\htdocs\\larga-fms\\app\\Views\\fms\\trip\\trip-main.php')
 2 SYSTEMPATH\View\View.php(227): CodeIgniter\View\View->CodeIgniter\View\{closure}()
 3 SYSTEMPATH\Common.php(1173): CodeIgniter\View\View->render('fms/trip/trip-main', [], true)
 4 APPPATH\Controllers\FMS_Trip.php(30): view('fms/trip/trip-main')
 5 APPPATH\Commands\DumpPage.php(27): App\Controllers\FMS_Trip->index()
 6 SYSTEMPATH\CLI\Commands.php(70): App\Commands\DumpPage->run([...])
 7 SYSTEMPATH\CLI\Console.php(48): CodeIgniter\CLI\Commands->run('test:dump', [...])
 8 SYSTEMPATH\Boot.php(360): CodeIgniter\CLI\Console->run()
 9 SYSTEMPATH\Boot.php(104): CodeIgniter\Boot::runCommand(Object(CodeIgniter\CLI\Console))
10 ROOTPATH\spark(84): CodeIgniter\Boot::bootSpark(Object(Config\Paths))
WARNING - 2026-10-06 12:54:03 --> [DEPRECATED] Creation of dynamic property CodeIgniter\View\View::$session is deprecated in APPPATH\Views\templates\myheader.php on line 4.
 1 SYSTEMPATH\View\View.php(224): include('C:\\xampp\\htdocs\\larga-fms\\app\\Views\\templates\\myheader.php')
 2 SYSTEMPATH\View\View.php(227): CodeIgniter\View\View->CodeIgniter\View\{closure}()
 3 SYSTEMPATH\Common.php(1173): CodeIgniter\View\View->render('templates/myheader.php', [], true)
 4 APPPATH\Views\fms\trip\trip-main.php(26): view('templates/myheader.php')
 5 SYSTEMPATH\View\View.php(224): include('C:\\xampp\\htdocs\\larga-fms\\app\\Views\\fms\\trip\\trip-main.php')
 6 SYSTEMPATH\View\View.php(227): CodeIgniter\View\View->CodeIgniter\View\{closure}()
 7 SYSTEMPATH\Common.php(1173): CodeIgniter\View\View->render('fms/trip/trip-main', [], true)
 8 APPPATH\Controllers\FMS_Trip.php(30): view('fms/trip/trip-main')
 9 APPPATH\Commands\DumpPage.php(27): App\Controllers\FMS_Trip->index()
10 SYSTEMPATH\CLI\Commands.php(70): App\Commands\DumpPage->run([...])
11 SYSTEMPATH\CLI\Console.php(48): CodeIgniter\CLI\Commands->run('test:dump', [...])
12 SYSTEMPATH\Boot.php(360): CodeIgniter\CLI\Console->run()
13 SYSTEMPATH\Boot.php(104): CodeIgniter\Boot::runCommand(Object(CodeIgniter\CLI\Console))
14 ROOTPATH\spark(84): CodeIgniter\Boot::bootSpark(Object(Config\Paths))
WARNING - 2026-10-06 12:54:03 --> [DEPRECATED] Creation of dynamic property CodeIgniter\View\View::$cuser is deprecated in APPPATH\Views\templates\myheader.php on line 5.
 1 SYSTEMPATH\View\View.php(224): include('C:\\xampp\\htdocs\\larga-fms\\app\\Views\\templates\\myheader.php')
 2 SYSTEMPATH\View\View.php(227): CodeIgniter\View\View->CodeIgniter\View\{closure}()
 3 SYSTEMPATH\Common.php(1173): CodeIgniter\View\View->render('templates/myheader.php', [], true)
 4 APPPATH\Views\fms\trip\trip-main.php(26): view('templates/myheader.php')
 5 SYSTEMPATH\View\View.php(224): include('C:\\xampp\\htdocs\\larga-fms\\app\\Views\\fms\\trip\\trip-main.php')
 6 SYSTEMPATH\View\View.php(227): CodeIgniter\View\View->CodeIgniter\View\{closure}()
 7 SYSTEMPATH\Common.php(1173): CodeIgniter\View\View->render('fms/trip/trip-main', [], true)
 8 APPPATH\Controllers\FMS_Trip.php(30): view('fms/trip/trip-main')
 9 APPPATH\Commands\DumpPage.php(27): App\Controllers\FMS_Trip->index()
10 SYSTEMPATH\CLI\Commands.php(70): App\Commands\DumpPage->run([...])
11 SYSTEMPATH\CLI\Console.php(48): CodeIgniter\CLI\Commands->run('test:dump', [...])
12 SYSTEMPATH\Boot.php(360): CodeIgniter\CLI\Console->run()
13 SYSTEMPATH\Boot.php(104): CodeIgniter\Boot::runCommand(Object(CodeIgniter\CLI\Console))
14 ROOTPATH\spark(84): CodeIgniter\Boot::bootSpark(Object(Config\Paths))
